Sido,Gungu,Dong,ComplexName,Trade Type,Building Name,Floor Info,Price (Numeric),Area,Owner,Desc,RegDate,Tag,Direction,PPA
경기도,오산시,가수동,가수주공,매매,104동,4/5,175000000,52.83,DOC,샤시및  내부올수리됨,25.04.14,"['25년이상', '올수리', '소형평수', '방세개']",남향,10950451.921256863
경기도,오산시,가수동,가수주공,전세,104동,4/5,900000000000,52.83,DOC,샤시및  내부올수리됨,25.04.12,"['25년이상', '융자금없는', '올수리', '화장실한개']",남향,56316609880.74958
경기도,오산시,가수동,가수주공,매매,104동,1/5,165000000,52.83,DOC,외부샷시등 내부도 올수리 잘되어 있어요,25.04.08,"['25년이상', '올수리', '1층', '소형평수']",남향,10324711.811470756
경기도,오산시,가수동,가수주공,월세,104동,5/5,500/40,52.83,NDOC1,가성비 좋은 투룸 오산역 차량 5분거리 즉시입주,25.03.26,"['25년이상', '소형평수', '탑층', '방두개']",남향,
경기도,오산시,가수동,가수주공,매매,112동,1/5,165000000,52.83,OWNER,샷시 교체 주인거주 깨끗 노약자있는집추천  빠른이사가능,25.03.24,"['25년이상', '1층', '소형평수', '방세개']",남향,10324711.811470756
경기도,오산시,가수동,가수주공,월세,115동,4/5,500/40,52.83,NDOC1,관리 굿 저렴한 가격 선점하세요,25.03.24,"['25년이상', '소형평수', '방세개', '화장실한개']",남향,
경기도,오산시,가수동,가수주공,매매,104동,2/5,178000000,52.83,DOC,kcc외부 샷시 내부 인테리어 잘되어 있어요,25.03.26,"['25년이상', '소형평수', '방두개', '화장실한개']",남향,11138173.954192694
경기도,오산시,가수동,가수주공,매매,115동,2/5,168000000,52.83,DOC,재건축투자로 가성비 좋으며 즉시 입주가능,25.03.26,"['25년이상', '소형평수', '방두개', '화장실한개']",남향,10512433.844406588
경기도,오산시,가수동,가수주공,월세,104동,5/5,500/40,52.83,NONE,,25.03.29,"['25년이상', '융자금적은', '소형평수', '탑층']",남향,
경기도,오산시,가수동,가수주공,전세,114동,5/5,800000000000,52.5,OWNER,실사진있어요 LH전세가능한 집 융자없어요 샤시빼고 올수리 층간소음x,25.04.18,"['25년이상', '융자금없는', '올수리', '소형평수']",남향,50373866666.66667
경기도,오산시,가수동,가수주공,매매,113동,1/5,165000000,52.5,NDOC1,공실상태 샷시 베란다 빼고 올수리 보일러교체 컨디션 굿입니다.,25.04.14,"['25년이상', '올수리', '1층', '보일러교체']",남향,10389610.0
경기도,오산시,가수동,가수주공,매매,103동,4/5,170000000,52.5,OWNER,세끼고 수리됨 앞동 로얄 기보증금 8천 갭투가능,25.04.08,"['25년이상', '소형평수', '방세개', '화장실한개']",남향,10704446.666666666
경기도,오산시,가수동,가수주공,매매,103동,5/5,163000000,52.5,DOC,올리모델링샤시.욕실.씽크대.도배장판.현관무.페인팅기타된재건축기대매물,25.04.15,"['25년이상', '화장실한개', '소형평수', '탑층']",남향,10263675.333333334
경기도,오산시,가수동,가수주공,월세,113동,1/5,500/45,52.5,DOC,공실로하시.씽크대및LED전등됨.욕실리모델및신규도배장판완료.저렴입주매물,25.04.08,"['25년이상', '1층', '화장실한개', '소형평수']",남향,
경기도,오산시,가수동,가수주공,매매,103동,5/5,190000000,52.5,NDOC1,2년전 올수리 샤시제외올수리 1억 세끼고 매매 투자물건으로 좋아요,25.03.26,"['25년이상', '올수리', '소형평수', '탑층']",남동향,11963793.333333334
경기도,오산시,가수동,가수주공,매매,103동,1/5,170000000,52.5,NONE,,25.04.20,"['25년이상', '1층', '소형평수', '방세개']",남향,10704446.666666666
경기도,오산시,가수동,가수주공,매매,113동,5/5,155000000,52.5,NONE,,25.04.20,"['25년이상', '소형평수', '탑층', '방세개']",남향,9759936.666666668
경기도,오산시,가수동,가수주공,월세,114동,1/5,500/40,52.5,NONE,,25.04.15,"['25년이상', '융자금없는', '1층', '소형평수']",남향,
경기도,오산시,가수동,가수주공,전세,114동,1/5,600000000000,52.5,NONE,,25.04.15,"['25년이상', '1층', '소형평수', '방세개']",남향,37780400000.0
경기도,오산시,가수동,가수주공,전세,114동,5/5,800000000000,52.5,NONE,,25.04.02,"['25년이상', '소형평수', '탑층', '방세개']",남향,50373866666.66667
경기도,오산시,가수동,가수주공,매매,109동,2/5,170000000,45.51,NDOC1,선호하는2층 샷시교체한집 재건축진행중 안전진단통과됨,25.04.19,"['25년이상', '소형평수', '방한개', '화장실한개']",남서향,12348570.643814547
경기도,오산시,가수동,가수주공,월세,109동,5/5,500/35,45.51,OWNER,,25.04.18,"['25년이상', '소형평수', '탑층', '방한개']",남향,
경기도,오산시,가수동,가수주공,전세,109동,5/5,500000000000,45.51,OWNER,,25.04.18,"['25년이상', '소형평수', '탑층', '방한개']",남향,36319325422.98396
경기도,오산시,가수동,가수주공,매매,109동,5/5,145000000,45.51,OWNER,,25.04.18,"['25년이상', '소형평수', '탑층', '방한개']",남향,10532604.37266535
경기도,오산시,가수동,가수주공,매매,106동,5/5,170000000,45.51,NDOC1,최근에 샤시교체 씽크대교체 재건축호재 안전진단추진중 투자가치좋음,25.04.14,"['25년이상', '소형평수', '탑층', '방한개']",남동향,12348570.643814547
경기도,오산시,가수동,가수주공,월세,106동,4/5,500/45,45.51,DOC,샷시포함 수리된 집 공실,25.04.17,"['25년이상', '소형평수', '방두개', '화장실한개']",남향,
경기도,오산시,가수동,가수주공,월세,110동,3/5,500/35,45.51,DOC,내부 깨끗히수리해농음,25.04.12,"['25년이상', '소형평수', '방한개', '화장실한개']",남향,
경기도,오산시,가수동,가수주공,월세,106동,2/5,500/30,45.51,DOC,공실 이번에 씽크대 도배장판교체 남향선호층 동물안되요,25.04.10,"['25년이상', '소형평수', '방두개', '화장실한개']",남향,
경기도,오산시,가수동,가수주공,매매,109동,2/5,140000000,45.51,DOC,재건축투자로 기회이며 집상태는 기본형,25.04.10,"['25년이상', '소형평수', '방두개', '화장실한개']",남향,10169411.11843551
경기도,오산시,가수동,가수주공,매매,110동,3/5,155000000,45.51,OWNER,샷시교체 씽크대교체 화장실 부분수리 선호층 주인거주 깨끗 이사협의,25.03.29,"['25년이상', '소형평수', '방두개', '화장실한개']",남향,11258990.88112503
경기도,오산시,가수동,가수주공,월세,109동,4/5,500/45,45.51,DOC,외부샷시등 내부도 올수리 잘되어 있어요,25.04.08,"['25년이상', '올수리', '소형평수', '방두개']",남향,
경기도,오산시,가수동,가수주공,매매,116동,고/5,150040000,45.51,DOC,"월세 안고 매매, 세교2지구 바로 옆, 뒷편에 가감이산",25.04.09,"['25년이상', '소형평수', '방두개', '화장실한개']",남향,10898703.172929028
경기도,오산시,가수동,가수주공,월세,106동,4/5,500/35,45.51,DOC,,25.03.27,"['25년이상', '융자금없는', '화장실한개', '소형평수']",남향,
경기도,오산시,가수동,가수주공,월세,106동,2/5,300/45,45.51,DOC,씽크대 교체 도배장판 깨끗 선호층 해 잘들어와요,25.03.25,"['25년이상', '소형평수', '방두개', '화장실한개']",남향,
경기도,오산시,가수동,가수주공,월세,107동,4/5,500/35,45.51,NONE,,25.04.20,"['25년이상', '소형평수', '방두개', '화장실한개']",남향,
경기도,오산시,가수동,가수주공,월세,110동,고/5,500/35,45.51,NONE,,25.04.18,"['25년이상', '소형평수', '방두개', '화장실한개']",남동향,
경기도,오산시,가수동,가수주공,월세,109동,고/5,500/45,45.51,NONE,샷시까지 풀수리 깔끔하고 좋은집 협의입주,25.04.16,"['25년이상', '융자금없는', '소형평수', '방두개']",남향,
경기도,오산시,가수동,가수주공,월세,107동,2/5,500/40,45.51,NONE,즉시입주가능 올수리,25.04.04,"['25년이상', '올수리', '소형평수', '방두개']",남향,
경기도,오산시,가수동,가수주공,매매,110동,2/5,145000000,45.51,NONE,급매.샷시.싱크대 수리완.재건축.투자추천.26.04 월세확정,25.04.01,"['25년이상', '급매', '소형평수', '방두개']",남향,10532604.37266535
경기도,오산시,가수동,가수주공,월세,110동,1/5,500/40,45.51,NONE,,25.03.29,"['25년이상', '융자금없는', '1층', '소형평수']",남향,
경기도,오산시,가수동,가수주공,월세,107동,3/5,500/40,45.51,NONE,,25.03.29,"['25년이상', '소형평수', '방두개', '화장실한개']",남향,
경기도,오산시,가수동,가수주공,전세,102동,4/5,800000000000,45.12,OWNER,공실 에어컨옵션 샷시빼고 올수리된집,25.04.18,"['25년이상', '올수리', '소형평수', '방두개']",남향,58613209219.85816
경기도,오산시,가수동,가수주공,월세,101동,5/5,500/30,45.12,NDOC1,가성비 좋은 투룸 오산역 차량 5분거리 즉시입주,25.04.16,"['25년이상', '소형평수', '탑층', '방두개']",남향,
경기도,오산시,가수동,가수주공,전세,105동,1/5,900000000000,45.12,NDOC1,사진유 LH전세가능한 집 융자없어요 올수리된 귀한 전세 선점하세요,25.04.09,"['25년이상', '융자금없는', '올수리', '1층']",남동향,65939860372.34043
경기도,오산시,가수동,가수주공,매매,102동,4/5,150000000,45.12,DOC,정상입주.욕실리모델.씽크대교체됨.깨끗하고통풍좋은층임대투자강추,25.04.08,"['25년이상', '화장실한개', '소형평수', '방두개']",남향,10989976.728723405
경기도,오산시,가수동,가수주공,전세,111동,5/5,450000000000,45.12,DOC,,25.04.05,"['25년이상', '융자금없는', '소형평수', '탑층']",남향,32969930186.170216
경기도,오산시,가수동,가수주공,월세,102동,4/5,500/40,45.12,DOC,4월말부터입주.욕실리모델.씽크대.LED전등해서깨끗한매물입니다.,25.04.05,"['25년이상', '융자금없는', '화장실한개', '소형평수']",남향,
경기도,오산시,가수동,가수주공,매매,102동,1/5,150000000,45.12,DOC,노약자분 거주하기 좋고 재건축 투자로 좋아요,25.03.31,"['25년이상', '1층', '소형평수', '방두개']",남향,10989976.728723405
경기도,오산시,가수동,가수주공,매매,101동,3/5,150000000,45.12,DOC,재건축투자로 좋으며 집상태 깨끗해요,25.03.26,"['25년이상', '소형평수', '방두개', '화장실한개']",남향,10989976.728723405
경기도,오산시,가수동,가수주공,매매,102동,2/5,140000000,45.12,DOC,재건축투자로 가격 저렴함,25.03.26,"['25년이상', '소형평수', '방두개', '화장실한개']",남향,10257311.613475177
경기도,오산시,가수동,가수주공,월세,102동,4/5,500/35,45.12,DOC,,25.03.24,"['25년이상', '소형평수', '방두개', '화장실한개']",남향,
경기도,오산시,가수동,가수주공,월세,105동,2/5,500/40,45.12,NONE,,25.04.18,"['25년이상', '소형평수', '방두개', '화장실한개']",남향,
경기도,오산시,가수동,가수주공,전세,101동,5/5,550000000000,45.12,NONE,,25.04.18,"['25년이상', '소형평수', '탑층', '방두개']",남향,40296581338.65249
경기도,오산시,가수동,가수주공,전세,102동,4/5,800000000000,45.12,NONE,"융자없는 전세, 깔끔하게 수리된집, 입주청소완료, 즉시입주가능",25.04.01,"['25년이상', '융자금없는', '소형평수', '방두개']",남향,58613209219.85816
경기도,오산시,가수동,가수주공,매매,102동,2/5,140000000,45.12,NONE,최저가 매매 선점하세요 주인거주 기본집,25.03.31,"['25년이상', '소형평수', '방두개', '화장실한개']",남향,10257311.613475177
경기도,오산시,가수동,가수주공,매매,102동,5/5,145000000,45.12,NONE,,25.03.29,"['25년이상', '소형평수', '탑층', '방두개']",남향,10623644.171099292
경기도,오산시,가수동,가수주공,매매,108동,3/5,145000000,45.12,NONE,,25.03.29,"['25년이상', '소형평수', '방두개', '화장실한개']",남향,10623644.171099292
경기도,오산시,가수동,늘푸른오스카빌,매매,114동,11/15,280000000,113.74,OWNER,숲조망이라 좋으며 주인거주 깨끗하고 가운데라인이예요.,25.04.18,"['25년이내', '방세개', '화장실두개', '고층']",남향,8138032.354492703
경기도,오산시,가수동,늘푸른오스카빌,매매,110동,1/15,275000000,113.74,OWNER,필로티 앞에 건물없어 일조권 굿  씽크대등 부분수리 확장깨끗 남향 가운데,25.04.16,"['25년이내', '1층', '방세개', '화장실두개']",남향,7992710.348162476
경기도,오산시,가수동,늘푸른오스카빌,매매,114동,1/15,270000000,113.74,NDOC1,개인텃밭가능 조용한동 도배 장판 새로 했어요 상태깨끗,25.04.09,"['25년이내', '1층', '방세개', '화장실두개']",남향,7847388.34183225
경기도,오산시,가수동,늘푸른오스카빌,매매,111동,2/15,280000000,113.74,OWNER,깨끗한방 급매o매.물.접.수.받.아.요o코너부o동산,25.04.07,"['25년이내', '급매', '방세개', '화장실두개']",남향,8138032.354492703
경기도,오산시,가수동,늘푸른오스카빌,매매,105동,저/15,320000000,113.74,OWNER,뻥뷰 최근 씽크대 도배장판교체등 깔끔하게 수리 남향로열층가운데라인,25.04.10,"['25년이내', '방세개', '화장실두개', '세대당1대']",남향,9300608.40513452
경기도,오산시,가수동,늘푸른오스카빌,매매,101동,고/15,290000000,113.74,OWNER,뻥뷰 앞이 틔인 남향로열동 로열층 작은방확장 주인거주 깨끗 이사협의,25.04.08,"['25년이내', '방세개', '화장실두개', '고층']",남향,8428676.367153157
경기도,오산시,가수동,늘푸른오스카빌,매매,113동,고/15,310000000,113.74,OWNER,뻥뷰 학교바로앞 관리상태좋음 입주협의,25.04.03,"['25년이내', '방세개', '화장실두개', '고층']",남향,9009964.392474065
경기도,오산시,가수동,늘푸른오스카빌,전세,102동,저/15,200000000,113.74,DOC,가운데 라인이며 집상태 깨끗하고 좋아요,25.04.10,"['25년이내', '방세개', '화장실두개', '세대당1대']",남향,5812880.253209074
경기도,오산시,가수동,늘푸른오스카빌,매매,103동,저/15,330000000,113.74,OWNER,,25.03.26,"['25년이내', '방세개', '화장실두개', '세대당1대']",남향,9591252.417794973
경기도,오산시,가수동,늘푸른오스카빌,매매,114동,중/15,273000000,113.74,OWNER,숲조망 씽크대교체 붙박이장 가전장 철거등 깨끗 빠른이사가능,25.03.25,"['25년이내', '방세개', '화장실두개', '중층']",남향,7934581.545630386
경기도,오산시,가수동,늘푸른오스카빌,매매,103동,저/15,275000000,113.74,OWNER,전망좋고 가운데 라인이며 집상태 깨끗하고 좋아요,25.03.24,"['25년이내', '방세개', '화장실두개', '세대당1대']",남향,7992710.348162476
경기도,오산시,가수동,늘푸른오스카빌,매매,108동,중/15,285000000,113.74,OWNER,로열동로열층 전망 좋고 집 상태 매우 깨끗하고 좋아요,25.03.24,"['25년이내', '방세개', '화장실두개', '중층']",남향,8283354.36082293
경기도,오산시,가수동,늘푸른오스카빌,매매,114동,고/15,300000000,113.74,DOC,빠른이사가능 남향 로열층 가운데라인 일조 조망 좋아요 주인거주 깨끗,25.03.29,"['25년이내', '방세개', '화장실두개', '고층']",남향,8719320.37981361
경기도,오산시,가수동,오산SKVIEW1차,전세,903동,15/18,280000000,109.91,NDOC1,세련된 신축 로얄동 로얄층 알파룸o 방4개 선호하는 84A타입 ,25.03.24,"['2년이내', '방네개이상', '화장실두개', '고층']",남서향,8421615.867527978
경기도,오산시,가수동,오산SKVIEW1차,전세,901동,18/18,290000000,93.73,NDOC1,"탑층,시원한뷰,너무좋아요,매.물.접.수.받.아.요o오산1호점,2호점운",25.04.19,"['2년이내', '융자금없는', '탑층', '방세개']",남향,10228076.923076924
경기도,오산시,가수동,오산SKVIEW1차,월세,901동,18/18,"1억 5,000/100",93.73,NDOC1,"탑층,시원한뷰,너무좋아요,매.물.접.수.받.아.요o오산1호점,2호점운",25.04.14,"['2년이내', '융자금없는', '탑층', '방세개']",남향,
경기도,오산시,가수동,오산SKVIEW1차,전세,901동,7/18,290000000,93.73,NDOC1,"실사진, 시스템에어컨 2대, 층간소음 해방, 귀한 탑층, 전세가능",25.04.09,"['2년이내', '방세개', '화장실두개', '중층']",남동향,10228076.923076924
경기도,오산시,가수동,오산SKVIEW1차,월세,902동,9/18,"3,000/115",93.48,NDOC1,"실사진, 시스템에어컨FULL, 4bay 판상형 구조, 정남향, 즉시입주",25.03.25,"['2년이내', '화장실두개', '방세개', '중층']",남향,
경기도,오산시,가수동,오산SKVIEW2차,월세,1004동,7/25,"3,000/130",114.13,NDOC1,"시에컨2대,안방드레스룸o매.물.접.수.받.아.요o오산1호점,2호점운영",25.04.19,"['2년이내', '방세개', '화장실두개', '세대당1대']",남향,
경기도,오산시,가수동,오산SKVIEW2차,전세,1004동,7/25,270000000,114.13,NDOC1,"방3, 확트인뷰, 애완동물가,에어컨3, 조명, 주방가구",25.04.17,"['2년이내', '융자금없는', '방세개', '화장실두개']",남동향,7820572.592657496
경기도,오산시,가수동,오산SKVIEW2차,전세,1004동,7/25,270000000,114.13,NONE,남향.예쁜정원뷰. 전세.월세.매매 구합니다,25.04.04,"['2년이내', '방세개', '화장실두개', '세대당1대']",남향,7820572.592657496
경기도,오산시,가수동,오산SKVIEW2차,전세,1004동,17/25,300000000,111.39,NDOC1,"신축 명품아파트.SK뷰2차 전세,월세 매물구합니다.신속하게처리함",25.04.18,"['2년이내', '방세개', '화장실두개', '고층']",남서향,8903272.286560733
경기도,오산시,가수동,오산SKVIEW2차,전세,1004동,16/25,300000000,111.39,NDOC1,신축 최고급아파트.매물구합니다.접수하시면 한방에시원하게해결해드림,25.04.18,"['2년이내', '방세개', '화장실두개', '중층']",남서향,8903272.286560733
경기도,오산시,가수동,오산SKVIEW2차,월세,1004동,21/25,"5,000/120",111.39,NDOC1,"에어컨FULL, 냉장고장, 주방특화 중문 드레스룸 해드려요",25.04.17,"['2년이내', '방세개', '화장실두개', '고층']",남서향,
경기도,오산시,가수동,오산SKVIEW2차,월세,1003동,5/25,"1억 5,000/30",111.39,NDOC1,"시에컨5대,통합드레스룸,침실2붙박이장,현관중문,광파오븐,전동빨래건조대",25.04.16,"['2년이내', '융자금없는', '방세개', '화장실두개']",남동향,
경기도,오산시,가수동,오산SKVIEW2차,전세,1004동,13/25,310000000,111.39,NDOC1,"풀에어컨,방3 주방특화,붙박이장,중문,드레스룸화장대,줄눈,탄성",25.04.16,"['2년이내', '방세개', '화장실두개', '중층']",남서향,9200048.02944609
경기도,오산시,가수동,오산SKVIEW2차,전세,1002동,24/25,280000000,94.72,NDOC1,옵션좋은 로얄동 로얄층 에어컨4 냉장고장 붙박이장 드레스룸 바닥타일,25.04.19,"['2년이내', '방세개', '화장실두개', '고층']",남동향,9772168.496621622
경기도,오산시,갈곶동,갈곶피오레,매매,103동,4/15,380000000,156.99,NDOC2,살기 좋은  디자인 넓게 빠진 집입니다,25.04.17,"['15년이내', '대형평수', '방네개이상', '화장실두개']",남향,8001772.724377349
경기도,오산시,갈곶동,갈곶피오레,매매,102동,6/15,389990000,156.99,DOC,"올 확장.정 남향, 주인거주. 깨끗하고 살기 좋아요.",25.04.18,"['15년이내', '대형평수', '방네개이상', '화장실두개']",남향,8212135.1178419
경기도,오산시,갈곶동,갈곶피오레,매매,102동,1/15,400000000,156.99,DOC,남향 1층 거실확장된 부분을 예쁘게 꾸민집,25.04.11,"['15년이내', '1층', '대형평수', '방네개이상']",남향,8422918.657239314
경기도,오산시,갈곶동,갈곶피오레,매매,103동,3/15,400000000,156.99,NDOC2,"47, 올올올확장 깔끔 관리잘된 예쁜집",25.04.07,"['15년이내', '대형평수', '방네개이상', '화장실두개']",남향,8422918.657239314
경기도,오산시,갈곶동,갈곶피오레,매매,104동,4/15,410000000,156.99,DOC,남향 방4 수납최고 구조굿 ,25.04.05,"['15년이내', '대형평수', '방네개이상', '화장실두개']",남향,8633491.623670297
경기도,오산시,갈곶동,갈곶피오레,매매,102동,저/15,367000000,156.99,DOC,"정남항, 올 확장 , 주인거주.  관리 잘된집.",25.04.11,"['15년이내', '대형평수', '방세개', '화장실두개']",남향,7728027.868017071
경기도,오산시,갈곶동,갈곶피오레,월세,102동,10/15,"2,000/150",156.99,DOC,방4 남향 전면동 빠른입주 가능,25.04.03,"['15년이내', '대형평수', '방네개이상', '화장실두개']",남향,
경기도,오산시,갈곶동,갈곶피오레,매매,102동,10/15,400000000,156.99,DOC,즉시입주 확트인뷰 집관리좋아요,25.04.02,"['15년이내', '대형평수', '방네개이상', '화장실두개']",남향,8422918.657239314
경기도,오산시,갈곶동,갈곶피오레,매매,103동,6/15,380000000,156.99,DOC,"47,확장 지역난방 풀옵션  주인거주 빠른입주가능",25.03.27,"['15년이내', '대형평수', '방네개이상', '화장실두개']",남향,8001772.724377349
경기도,오산시,갈곶동,갈곶피오레,매매,102동,고/15,450000000,119.8,OWNER,"층간소음없음.탑층,복층.테라스,에어컨2대,이사협의가능",25.04.15,"['15년이내', '테라스', '복층', '방세개']",남향,12417389.398998331
경기도,오산시,갈곶동,갈곶피오레,전세,102동,15/15,270000000,119.8,DOC,올확장. 정 남향 주인거주.  집 좋아요. 복층 한번 살아 보세요.,25.04.11,"['15년이내', '복층', '탑층', '방세개']",남향,7450433.639398999
경기도,오산시,갈곶동,갈곶피오레,매매,102동,1/15,320000000,119.8,DOC,급매 귀한1층입니다  층간소음 걱정없어요 깨끗해고밝아요,25.04.11,"['15년이내', '1층', '급매', '방세개']",남향,8830143.572621034
경기도,오산시,갈곶동,갈곶피오레,매매,101동,15/15,450000000,119.8,DOCV2,테라스가 있는  살고 싶은 집 입니다 아주 깨끗,25.04.07,"['15년이내', '테라스', '복층', '탑층']",남향,12417389.398998331
경기도,오산시,갈곶동,갈곶피오레,매매,101동,4/15,375000000,119.8,DOC,올확장 수납많고 밝고 깨끗한집,25.04.11,"['15년이내', '방세개', '화장실두개', '세대당 1.5대이상']",남향,10347824.499165276
경기도,오산시,갈곶동,갈곶피오레,매매,103동,2/15,320000000,119.8,DOC,"세안고, 수납많고, 주차편리 전세금2억5000, ",25.04.05,"['15년이내', '방세개', '화장실두개', '세대당 1.5대이상']",남향,8830143.572621034
경기도,오산시,갈곶동,갈곶피오레,전세,101동,15/15,300000000,119.8,DOC,"중문,드레스룸, 탁트인 조망,주인거주",25.04.05,"['15년이내', '탑층', '방세개', '화장실두개']",남향,8278259.599332222
경기도,오산시,갈곶동,갈곶피오레,매매,104동,2/15,335000000,119.8,DOC,"36,남향 필로티층 확장 지역난방 주인거주 협의",25.04.04,"['15년이내', '필로티', '방세개', '화장실두개']",남향,9244056.552587647
경기도,오산시,갈곶동,갈곶피오레,전세,101동,8/15,250000000,119.8,DOC,남향 수납최고 바닥 폴리싱타일 방충망교체,25.03.27,"['15년이내', '방세개', '화장실두개', '중층']",남향,6898549.666110184
경기도,오산시,갈곶동,갈곶피오레,매매,101동,4/15,375000000,119.8,NONE,정상입주. 올확장,25.04.11,"['15년이내', '방세개', '화장실두개', '세대당 1.5대이상']",남향,10347824.499165276
경기도,오산시,갈곶동,동부,매매,105동,12/20,350000000,123.36,DOCV2,샷시에 확장까지 손댈거없는 올수리된집  입주협의,25.04.19,"['25년이내', '올수리', '방네개이상', '화장실두개']",남향,9379253.80998703
경기도,오산시,갈곶동,동부,매매,105동,17/20,320000000,123.36,DOC,"방4, 욕2  리모델링되고, 거실,작은방확장",25.04.17,"['25년이내', '방네개이상', '화장실두개', '고층']",남향,8575317.769131
경기도,오산시,갈곶동,동부,전세,102동,14/19,200000000,107.05,NDOC2,초  품아  귀한  전세  물건  입니다,25.04.15,"['25년이내', '방세개', '화장실두개', '고층']",남향,6176151.331153667
경기도,오산시,갈곶동,동부,매매,103동,18/18,250000000,107.05,DOC,조용한정남향 전망굿 중간라인 층간소음없는귀힌최상층,25.04.18,"['25년이내', '탑층', '방세개', '화장실두개']",남향,7720189.163942084
경기도,오산시,갈곶동,동부,매매,102동,14/19,255000000,107.05,DOC,남향 전망좋음 올확장 올수리  빠른입주,25.04.18,"['25년이내', '올수리', '방세개', '화장실두개']",남향,7874592.947220925
경기도,오산시,갈곶동,동부,매매,104동,19/19,235000000,107.05,DOC,남향  짒수리하여 깨끗  초교인접 교통편리 빠른입주,25.04.16,"['25년이내', '탑층', '방세개', '화장실두개']",남향,7256977.814105559
경기도,오산시,갈곶동,동부,매매,103동,17/18,260000000,107.05,DOC,"정상입주,주인거주,고층,수리되어깨끗,교통편리",25.04.14,"['25년이내', '방세개', '화장실두개', '고층']",남향,8028996.730499768
경기도,오산시,갈곶동,동부,매매,103동,1/18,260000000,107.05,DOC,"협의입주수리된 깨끗한집, 1층, 어린자녀있는분 추천, 초교인접, 대형마트",25.04.10,"['25년이내', '1층', '대형평수', '방세개']",남향,8028996.730499768
경기도,오산시,갈곶동,동부,매매,103동,18/18,260000000,107.05,DOC,남향 전망좋음 수리되어깨끗 초교인접 교통편리 빠른입주,25.04.09,"['25년이내', '탑층', '방세개', '화장실두개']",남향,8028996.730499768
경기도,오산시,갈곶동,동부,매매,104동,1/19,260000000,107.05,DOC,남향 집수리되어깨끗 초교인접 교통편리 빠른입주,25.04.08,"['25년이내', '1층', '방세개', '화장실두개']",남향,8028996.730499768
경기도,오산시,갈곶동,동부,전세,103동,18/18,200000000,107.05,DOC,남향 집수리되어깨끗 초교인접 교통편리 빠른입주,25.04.08,"['25년이내', '탑층', '방세개', '화장실두개']",남향,6176151.331153667
경기도,오산시,갈곶동,동부,매매,104동,1/19,260000000,107.05,DOCV2,올수리되어 깨끗하고 아이들 키우기 좋아요,25.04.03,"['25년이내', '올수리', '1층', '방세개']",남향,8028996.730499768
경기도,오산시,갈곶동,동부,매매,102동,14/19,260000000,107.05,DOC,"32,작은방1 확장 주인거주 깨끗한집 협의입주",25.04.02,"['25년이내', '방세개', '화장실두개', '고층']",남향,8028996.730499768
경기도,오산시,갈곶동,동부,매매,104동,3/19,270000000,107.05,OWNER,"세안고,전체올인테리어,빠른입주가능.초등학교도보5분컷,집상태 최상입니다.",25.03.23,"['25년이내', '방세개', '화장실두개', '세대당1대']",남향,8337804.29705745
경기도,오산시,갈곶동,동부,전세,101동,1/17,165000000,77.91,NDOC2,수리된 집으로  가격도한 착한 가격입니다,25.04.18,"['25년이내', '1층', '방두개', '화장실한개']",남향,7001084.905660378
경기도,오산시,갈곶동,동부,매매,101동,14/17,170000000,77.91,DOC,초급매 남향 수리되어깨끗 초교인접 교통편리 빠른입주,25.04.18,"['25년이내', '급매', '방두개', '화장실한개']",남향,7213238.993710692
경기도,오산시,갈곶동,동부,전세,101동,1/17,165000000,77.91,DOC,"전면동이라 해가 잘들어옴,아이들 키우기 좋은집,깨끗한집",25.04.14,"['25년이내', '융자금없는', '1층', '방두개']",남향,7001084.905660378
경기도,오산시,갈곶동,동부,매매,107동,6/15,190000000,77.91,DOC,"올인테리어됨 방2개큰구조 대형마트,초등학교인근 남향 ",25.04.10,"['25년이내', '대형평수', '방두개', '화장실한개']",남향,8061855.345911951
경기도,오산시,갈곶동,동부,월세,101동,10/17,"1,000/80",77.91,DOC,남향 집수리되어깨끗 초교인접 교통편리 빠른입주,25.04.07,"['25년이내', '방두개', '화장실한개', '중층']",남향,
경기도,오산시,갈곶동,동부,매매,107동,7/15,210000000,77.91,DOC,수리기간 2주후 입주가능,25.03.27,"['25년이내', '방세개', '화장실한개', '중층']",남향,8910471.698113209
경기도,오산시,갈곶동,동부,매매,106동,15/15,190000000,77.85,MOBL,,25.04.15,"['25년이내', '탑층', '방세개', '화장실한개']",남향,8068068.721901094
경기도,오산시,갈곶동,동부,월세,106동,4/15,"1,000/80",77.85,NDOC2,초 품아  빠른  입주  가능한  매물입니다,25.04.18,"['25년이내', '방세개', '화장실한개', '세대당1대']",남향,
경기도,오산시,갈곶동,동부,매매,108동,3/15,230000000,77.85,OWNER,"초품아, 오산IC , 다양하고 풍부한 인프라",25.04.09,"['25년이내', '방세개', '화장실한개', '세대당1대']",남향,9766609.505459217
경기도,오산시,갈곶동,동부,매매,106동,15/15,189000000,77.85,DOC,공실 층간소음없은귀한최상층 수리되어깨끗 ,25.04.18,"['25년이내', '탑층', '방세개', '화장실한개']",남향,8025605.20231214
경기도,오산시,갈곶동,동부,월세,108동,1/15,"1,000/80",77.85,DOC,남향 현공실 초교인접 교통편리 즉시입주,25.04.15,"['25년이내', '1층', '방세개', '화장실한개']",남향,
경기도,오산시,갈곶동,동부,매매,108동,15/15,200000000,77.85,DOCV2,탑층층간소음없어요남향이라 해 잘들어요,25.04.10,"['25년이내', '탑층', '방세개', '화장실한개']",남향,8492703.917790625
경기도,오산시,갈곶동,동부,매매,108동,1/15,185000000,77.85,DOC,남향 집수리되어깨끗 초교인접 교통편리 즉시입주,25.04.02,"['25년이내', '1층', '방세개', '화장실한개']",남향,7855751.123956326
경기도,오산시,갈곶동,동부,월세,106동,4/15,"1,000/80",77.85,NONE,"씽크대,신발장리모델링 동간전망 가격저렴 초품아",25.04.14,"['25년이내', '방세개', '화장실한개', '세대당1대']",남향,
경기도,오산시,갈곶동,동부,월세,106동,4/15,"1,000/80",77.85,NONE,초품아단지 강남광역라인 단지앞대형마트 수리되어깨끗,25.04.08,"['25년이내', '대형평수', '방세개', '화장실한개']",남향,
경기도,오산시,갈곶동,오산KCC스위첸,매매,103동,16/16,400000000,140.74,DOCV2,"탑층,방4개,확장",25.04.16,"['15년이내', '대형평수', '탑층', '방네개이상']",남향,9395438.397044195
경기도,오산시,갈곶동,오산KCC스위첸,매매,103동,7/16,380000000,140.74,DOCV2,"빠른입주가능,깨끗함,방4개,채광좋아요",25.04.12,"['15년이내', '화장실두개', '대형평수', '방네개이상']",남향,8925666.477191985
경기도,오산시,갈곶동,오산KCC스위첸,매매,101동,12/18,400000000,140.74,DOC,올확장 부분수리깨끗 방4개화2 강남광역라인,25.04.16,"['15년이내', '대형평수', '방네개이상', '화장실두개']",남향,9395438.397044195
경기도,오산시,갈곶동,오산KCC스위첸,매매,101동,7/18,390000000,140.74,DOCV2,"광역버스라인,햇살 좋고 막힘없어서 좋은 집,",25.04.11,"['15년이내', '대형평수', '방세개', '화장실두개']",남향,9160552.437118089
경기도,오산시,갈곶동,오산KCC스위첸,매매,103동,6/16,402000000,140.74,DOC,5년안된신축급특올수리 붙박이장까지 인테리어비생각하면쌉니다,25.04.14,"['15년이내', '올수리', '대형평수', '방네개이상']",남향,9442415.589029416
경기도,오산시,갈곶동,오산KCC스위첸,매매,101동,8/18,370000000,140.74,DOC,,25.03.31,"['15년이내', '대형평수', '방네개이상', '화장실두개']",남향,8690780.51726588
경기도,오산시,갈곶동,오산KCC스위첸,매매,101동,3/18,420000000,140.74,DOC,"완전올수리,빠른입주가능,방4개,채광좋아요",25.03.25,"['15년이내', '올수리', '화장실두개', '대형평수']",남향,9865210.316896403
경기도,오산시,갈곶동,오산KCC스위첸,전세,106동,1/15,250000000,112.15,DOCV2,1층이지만 채광좋고 부분수리되어있어 깔끔해요,25.04.18,"['15년이내', '1층', '방세개', '화장실두개']",남향,7369115.024520731
경기도,오산시,갈곶동,오산KCC스위첸,매매,106동,1/15,350000000,112.15,DOCV2,"1층,채광좋음,부분수리되어있음",25.04.18,"['15년이내', '1층', '방세개', '화장실두개']",남향,10316761.034329023
경기도,오산시,갈곶동,오산KCC스위첸,매매,106동,13/15,360000000,112.15,DOCV2,"트인뷰,채광좋은 선호동이며 판상형입니다 ,7월중 협의입주가",25.04.15,"['15년이내', '방세개', '화장실두개', '고층']",남향,10611525.635309853
경기도,오산시,갈곶동,오산KCC스위첸,매매,106동,중/15,350000000,112.15,DOC,"채광좋은 선호동,채광좋음,전세안고",25.04.04,"['15년이내', '방세개', '화장실두개', '중층']",남향,10316761.034329023
경기도,오산시,갈곶동,오산KCC스위첸,전세,106동,저/15,250000000,112.15,NONE,,25.04.01,"['15년이내', '방세개', '화장실두개', '세대당1대']",남향,7369115.024520731
경기도,오산시,갈곶동,오산KCC스위첸,매매,106동,저/15,350000000,112.15,NONE,협의입주 집깔끔 언제든 볼수있어요 광역라인,25.04.01,"['15년이내', '방세개', '화장실두개', '세대당1대']",남향,10316761.034329023
경기도,오산시,갈곶동,오산KCC스위첸,매매,107동,5/21,335000000,108.96,DOCV2,,25.04.15,"['15년이내', '방세개', '화장실두개', '세대당1대']",남향,10163711.224302499
경기도,오산시,갈곶동,오산KCC스위첸,매매,104동,13/21,340000000,108.96,DOCV2,로얄층 뷰좋고 채광좋고 집주인거주관리상태 엄청좋음,25.04.12,"['15년이내', '방세개', '화장실두개', '중층']",남향,10315408.406754773
경기도,오산시,갈곶동,오산KCC스위첸,매매,102동,13/20,340000000,108.96,DOC,로얄층 거실앞  트여있어 채광도 좋고 집주인거주관리상태 좋음,25.04.10,"['15년이내', '방세개', '화장실두개', '중층']",남향,10315408.406754773
경기도,오산시,갈곶동,오산KCC스위첸,매매,105동,1/20,305000000,108.96,DOCV2,저층이여도 채광 좋고 막힘없고 따뜻한 집,25.03.26,"['15년이내', '1층', '방세개', '화장실두개']",남서향,9253528.12958884
경기도,오산시,갈곶동,오산KCC스위첸,매매,107동,12/21,330000000,108.87,DOCV2,"정상출발,화이트인테리어,깔끔합니다",25.04.18,"['15년이내', '방세개', '화장실두개', '중층']",남서향,10020290.713695234
경기도,오산시,갈곶동,오산KCC스위첸,매매,105동,8/20,340000000,108.87,DOC,부분수리하고 채광좋은 전면동,25.04.14,"['15년이내', '방세개', '화장실두개', '중층']",남서향,10323935.886837512
경기도,오산시,갈곶동,오산KCC스위첸,매매,102동,13/20,340000000,108.87,DOCV2,"화이트리모델링으로 이쁜집,집주인거주중으로 빠른입주협의가능",25.04.08,"['15년이내', '방세개', '화장실두개', '중층']",남동향,10323935.886837512
경기도,오산시,갈곶동,오산KCC스위첸,매매,107동,2/21,320000000,108.87,DOCV2,"피로티2층,깨끗하게 관리된 이쁜집입니다",25.04.03,"['15년이내', '필로티', '방세개', '화장실두개']",남동향,9716645.540552953
경기도,오산시,갈곶동,오산KCC스위첸,매매,107동,저/21,295000000,108.87,DOC,"현 공실,  오산 IC 진입 용이한 스위첸 저층 매매",25.04.11,"['15년이내', '방세개', '화장실두개', '세대당1대']",남향,8957532.607697254
경기도,오산시,갈곶동,오산KCC스위첸,매매,107동,고/21,355000000,108.87,NDOC2,깔끔  신혼부부 거주  집이  예뻐요,25.03.25,"['15년이내', '방세개', '화장실두개', '고층']",남동향,10779403.646550933
경기도,오산시,갈곶동,우림,매매,105동,6/20,175000000,88.46,DOC,최근전체올수리 확트인전망 밝고 환한집 산조망 전세끼고투자,25.04.19,"['25년이상', '올수리', '방세개', '화장실한개']",동향,6539818.8446755605
경기도,오산시,갈곶동,우림,매매,105동,10/20,170000000,88.46,DOC,도배장판새로함 공실 즉시입주 뷰좋아요,25.04.18,"['25년이상', '방세개', '화장실한개', '중층']",동향,6352966.877684831
경기도,오산시,갈곶동,우림,매매,104동,6/20,159000000,88.46,DOC,급매입니다  부분수리 8월 4일까지 월세받고 그후 입주가능,25.04.17,"['25년이상', '급매', '방세개', '화장실한개']",남향,5941892.550305223
경기도,오산시,갈곶동,우림,매매,105동,6/20,170000000,88.46,DOC,부분수리 산조망 언제든집볼수있어요,25.04.17,"['25년이상', '방세개', '화장실한개', '저층']",동향,6352966.877684831
경기도,오산시,갈곶동,우림,매매,104동,14/20,185000000,88.46,DOC,"화장실,씽크대교체 도배 입주일 맞춰드림",25.04.17,"['25년이상', '방세개', '화장실한개', '고층']",동향,6913522.778657021
경기도,오산시,갈곶동,우림,매매,104동,6/20,159000000,88.46,DOC,급매물 수리되어컨디션양호 입주협의가,25.04.16,"['25년이상', '급매', '방세개', '화장실한개']",동향,5941892.550305223
경기도,오산시,갈곶동,우림,월세,105동,10/20,"3,000/65",88.46,DOC,올수리집 공실 즉시입주 사계절전망좋아요,25.04.14,"['25년이상', '올수리', '방세개', '화장실한개']",동향,
경기도,오산시,갈곶동,우림,매매,104동,6/20,180000000,88.46,DOCV2,올수리 아주 깨끗   전세안고,25.04.10,"['25년이상', '올수리', '방세개', '화장실한개']",동향,6726670.81166629
경기도,오산시,갈곶동,우림,매매,104동,14/20,165000000,88.46,DOC,입주일맞춰드림 수리된 전망좋은집,25.04.09,"['25년이상', '방세개', '화장실한개', '고층']",동향,6166114.9106941
경기도,오산시,갈곶동,우림,전세,104동,8/20,150000000,88.46,DOC,깨끗한올수리 입주날짜협의가능 채광밝고전망굿,25.04.07,"['25년이상', '올수리', '방세개', '화장실한개']",동향,5605559.009721909
경기도,오산시,갈곶동,우림,월세,104동,2/20,"1,700/65",88.46,DOC,전체올수리 확트인전망 밝고환한집 깨끗해요,25.04.02,"['25년이상', '올수리', '방세개', '화장실한개']",동향,
경기도,오산시,갈곶동,우림,매매,104동,9/20,170000000,88.46,DOC,리모델링 전망좋은 전세낀 투자 입주는 협의,25.04.02,"['25년이상', '방세개', '화장실한개', '중층']",동향,6352966.877684831
경기도,오산시,갈곶동,우림,전세,105동,19/20,160000000,88.46,DOC,뻥뷰 전체올스로 아주 깨끗해요 일조권 조망권  나이스,25.04.01,"['25년이상', '융자금없는', '방세개', '화장실한개']",동향,5979262.943703369
경기도,오산시,갈곶동,우림,매매,105동,19/20,180000000,88.46,DOC,뻥뷰 전체올스로 아주 깨끗해요 일조권 조망권  나이스뷰 투자금2천만원,25.04.01,"['25년이상', '방세개', '화장실한개', '고층']",동향,6726670.81166629
경기도,오산시,갈곶동,우림,매매,105동,2/20,160000000,88.46,DOC,샷시까지올수리된집 주인거주 협의입주,25.03.31,"['25년이상', '올수리', '방세개', '화장실한개']",남향,5979262.943703369
경기도,오산시,갈곶동,우림,매매,104동,3/20,190000000,88.46,DOC,최근 완전예쁜 올수리 가격협의 입주협의,25.03.28,"['25년이상', '올수리', '방세개', '화장실한개']",동향,7100374.745647752
경기도,오산시,갈곶동,우림,매매,105동,6/20,170000000,88.46,DOC,산조망산공기로깨끗 부분수리 큰집사서가는집터,25.03.27,"['25년이상', '방세개', '화장실한개', '저층']",동향,6352966.877684831
경기도,오산시,갈곶동,우림,매매,105동,13/20,180000000,88.46,DOC,산조망 뻥뷰 올수리 중간라인으로 관리비도절약,25.03.27,"['25년이상', '올수리', '방세개', '화장실한개']",동향,6726670.81166629
경기도,오산시,갈곶동,우림,매매,103동,14/20,165000000,73.04,DOC,뻥뷰 확트인전망 수리되서 깨끗해요 돌침대 등 옵션도 무료로 드립니다,25.04.17,"['25년이상', '방두개', '화장실한개', '고층']",동향,7467887.801204819
경기도,오산시,갈곶동,우림,매매,102동,13/20,160000000,73.04,DOC,7년전올수리 샷시교체 입주일맞춰드림,25.04.17,"['25년이상', '올수리', '방두개', '화장실한개']",남향,7241588.170865279
경기도,오산시,갈곶동,우림,매매,103동,18/20,170000000,73.04,DOC,몇년전 올수리집 확트인전망 전세낀갭투자 전세만기후입주,25.04.14,"['25년이상', '올수리', '방두개', '화장실한개']",동향,7694187.431544359
경기도,오산시,갈곶동,우림,매매,102동,10/20,170000000,73.04,DOC,남향 인기동 전체올수리로 일조권 조망권 나이스,25.04.07,"['25년이상', '올수리', '방두개', '화장실한개']",남향,7694187.431544359
경기도,오산시,갈곶동,우림,매매,102동,15/20,165000000,73.04,DOCV2,올수리되어 손댈곳 없어요 월세 월40나옴,25.04.01,"['25년이상', '올수리', '방두개', '화장실한개']",남향,7467887.801204819
경기도,오산시,갈곶동,우림,매매,102동,14/20,170000000,73.04,DOC,"남향,로얄층 싱크대교체 욕실부분수리",25.04.05,"['25년이상', '주방교체', '방두개', '화장실한개']",남향,7694187.431544359
경기도,오산시,갈곶동,우림,매매,103동,7/20,165000000,73.04,DOCV2,올수리 아주 깨끗하고 좋아요 이사협의,25.04.01,"['25년이상', '올수리', '방두개', '화장실한개']",남향,7467887.801204819
경기도,오산시,갈곶동,우림,매매,102동,2/20,155000000,73.04,DOC,남향 입구동이라 편리 전체 올수리로 아주 깨끗합니다,25.04.03,"['25년이상', '올수리', '방두개', '화장실한개']",남향,7015288.540525738
경기도,오산시,갈곶동,우림,매매,102동,13/20,160000000,73.04,DOC,남향 최근전체올수리 확트인전망 일조권 조망권 나이스,25.04.01,"['25년이상', '올수리', '방두개', '화장실한개']",남향,7241588.170865279
경기도,오산시,갈곶동,우림,매매,103동,6/20,158000000,73.04,DOC,전체올수리 전세안고투자,25.04.01,"['25년이상', '올수리', '방두개', '화장실한개']",동향,7151068.318729463
경기도,오산시,갈곶동,우림,매매,102동,저/20,155000000,73.04,DOC,올수리 방2개 정남향 실수요및임대수익율높아투자강추,25.04.07,"['25년이상', '올수리', '방두개', '화장실한개']",남향,7015288.540525738
경기도,오산시,갈곶동,우림,매매,102동,16/20,160000000,73.04,DOC,남향 수리된집,25.03.31,"['25년이상', '방두개', '화장실한개', '고층']",남향,7241588.170865279
경기도,오산시,갈곶동,우림,월세,103동,중/20,"2,000/75",73.04,NDOC2,마운틴  뷰   모든 편의 시설  살기  좋아요,25.04.01,"['25년이상', '방두개', '화장실한개', '중층']",동향,
경기도,오산시,갈곶동,우림,매매,103동,중/20,170000000,73.04,DOC,"세안고매매,올수리,로얄동,로얄층,급매,갭투자,입주협의가능해요",25.03.27,"['25년이상', '올수리', '급매', '방두개']",남향,7694187.431544359
경기도,오산시,갈곶동,우림,매매,101동,16/20,140000000,58.78,NDOC1,"전세끼고매매 입주협의가능, 전체올수리관리잘되어깔끔한집",25.04.15,"['25년이상', '올수리', '소형평수', '방두개']",동향,7873594.760122491
경기도,오산시,갈곶동,우림,전세,101동,7/20,125000000,58.78,NDOC2,남향집으로  깔끔하게  수리 되어  있어요,25.04.15,"['25년이상', '소형평수', '방두개', '화장실한개']",남향,7029995.321537939
경기도,오산시,갈곶동,우림,전세,101동,4/20,114000000,58.78,DOC,최근전체올수리 확트인전망 밝고 환한집 깨끗해요 빠른입주,25.04.18,"['25년이상', '융자금없는', '올수리', '소형평수']",동향,6411355.733242599
경기도,오산시,갈곶동,우림,매매,101동,4/20,130000000,58.78,DOC,올수리로 아주 깨끗합니다 빠른입주 툭터진조망,25.04.18,"['25년이상', '올수리', '소형평수', '방두개']",동향,7311195.134399457
경기도,오산시,갈곶동,우림,매매,101동,7/20,135000000,58.78,DOC,해잘들고 막힘없는 수리된집 8월입주나 월세받는 투자,25.04.17,"['25년이상', '소형평수', '방두개', '화장실한개']",남향,7592394.947260973
경기도,오산시,갈곶동,우림,매매,101동,14/20,125000000,58.78,DOC,초저가 기본집 산조망 수리기간드려요,25.04.17,"['25년이상', '소형평수', '방두개', '화장실한개']",동향,7029995.321537939
경기도,오산시,갈곶동,우림,매매,101동,5/20,127000000,58.78,DOC,해잘드는 수리된 정남향집 여유있는 입주,25.04.17,"['25년이상', '소형평수', '방두개', '화장실한개']",남향,7142475.246682545
경기도,오산시,갈곶동,우림,매매,101동,18/20,140000000,58.78,DOC,남향 인기동 전체올수리로 일조권 조망권 나이스,25.04.15,"['25년이상', '올수리', '소형평수', '방두개']",남향,7873594.760122491
경기도,오산시,갈곶동,우림,매매,101동,15/20,135000000,58.78,DOC,최근올수리 깔끔하고 개방감좋아요 정상입주,25.04.15,"['25년이상', '올수리', '소형평수', '방두개']",동향,7592394.947260973
경기도,오산시,갈곶동,우림,매매,101동,14/20,170000000,58.78,DOC,올수리 집상태 좋아요 입주여유있게 갭투환영,25.04.14,"['25년이상', '올수리', '소형평수', '방두개']",남향,9560793.637291595
경기도,오산시,갈곶동,우림,전세,101동,4/20,114000000,58.78,DOC,최근 올수리 아주깔끔한 남향집 입주일맞춰드림,25.04.11,"['25년이상', '올수리', '소형평수', '방두개']",남향,6411355.733242599
경기도,오산시,갈곶동,우림,매매,101동,13/20,140000000,58.78,DOC, 12월리모델링한 전망 좋고 동간거리 넓은 월세받는집,25.04.07,"['25년이상', '소형평수', '방두개', '화장실한개']",동향,7873594.760122491
경기도,오산시,갈곶동,우림,매매,101동,20/20,125000000,58.78,DOC,층간소음없는 탑층 전망굿 공실 즉시입주 최저가,25.04.04,"['25년이상', '소형평수', '탑층', '방두개']",동향,7029995.321537939
경기도,오산시,갈곶동,우방힐타운,매매,103동,18/20,240000000,110.1,DOC,교통편리 작은방 확장 이사협의,25.04.16,"['25년이상', '방세개', '화장실두개', '고층']",남향,7206070.84468665
경기도,오산시,갈곶동,우방힐타운,매매,103동,4/20,250000000,110.1,DOC,남향올수리해서 깨끗하고 해 잘들어요,25.04.11,"['25년이상', '올수리', '방세개', '화장실두개']",남향,7506323.796548593
경기도,오산시,갈곶동,우방힐타운,매매,103동,17/20,250000000,110.1,NDOC2,최상의 입지조건으로 저렴한 매물입니다,25.04.04,"['25년이상', '방세개', '화장실두개', '고층']",남향,7506323.796548593
경기도,오산시,갈곶동,우방힐타운,매매,103동,3/20,245000000,110.1,DOC,광역버스라인 깨끗한 샷시 제외 올수리 빠른가능,25.04.07,"['25년이상', '올수리', '방세개', '화장실두개']",남향,7356197.320617622
경기도,오산시,갈곶동,우방힐타운,매매,101동,고/19,247000000,110.08,DOC,초교 근접 광역버스 라인 햇빛짱 이전 수리함 협의입주 ,25.04.14,"['25년이상', '방세개', '화장실두개', '고층']",남향,7417595.339752907
경기도,오산시,갈곶동,우방힐타운,매매,104동,중/20,220000000,92.43,DOC,광역버스라인 초세권  저렴한 기본집 빠른이사가능,25.04.02,"['25년이상', '방세개', '화장실두개', '중층']",남향,7868362.003678459
경기도,오산시,갈곶동,우방힐타운,매매,102동,중/20,195000000,77.64,DOC,입구동 초교근처 생활권 굿 가운데 라인 이사협의  ,25.04.18,"['25년이상', '방세개', '화장실한개', '중층']",남향,8302783.037094281
경기도,오산시,갈곶동,우방힐타운,매매,102동,저/20,195000000,77.64,DOCV2,"전면동,남향,해 잘들고 깨끗해요",25.04.11,"['25년이상', '방세개', '화장실한개', '세대당1대']",남향,8302783.037094281
경기도,오산시,갈곶동,우방힐타운,매매,102동,고/20,195000000,77.64,DOC,남향으로 확트인뷰 올수리,25.04.10,"['25년이상', '올수리', '방세개', '화장실한개']",남향,8302783.037094281
경기도,오산시,갈곶동,원영,매매,102동,2/15,170000000,101.07,DOC,"급매,협의입주가능,교통편리,깨끗한집",25.04.10,"['25년이상', '급매', '방세개', '화장실두개']",남향,5560338.87404769
경기도,오산시,갈곶동,원영,매매,102동,4/15,175000000,101.07,DOC,"정상입주,샷시포함올수리,교통편리,바로앞대형마트",25.03.31,"['25년이상', '올수리', '대형평수', '방세개']",남향,5723878.252696152
경기도,오산시,갈곶동,원영,매매,101동,고/6,130000000,76.37,DOC,"교통편리,대형마트 부분수리 샷시는 안됨수리비 1천만원 지원",25.04.19,"['25년이상', '대형평수', '방세개', '화장실한개']",남동향,5627236.480293309
경기도,오산시,갈곶동,원영,매매,101동,저/6,120000000,76.37,DOC,,25.04.17,"['25년이상', '방세개', '화장실한개', '저층']",남향,5194372.135655362
경기도,오산시,갈곶동,장미,월세,가동,3/4,"1,000/50",53.16,NDOC2,깔금하게  수리된  집으로  몸 만 입주하시면 돼요,25.04.19,"['25년이상', '소형평수', '방두개', '화장실한개']",남향,
경기도,오산시,갈곶동,장미,매매,가동,3/4,890000000000,53.16,NDOC2,깔끔하게 수리된 집으로  위치  전망 좋아요,25.04.19,"['25년이상', '소형평수', '방두개', '화장실한개']",남향,55345158954.10084
경기도,오산시,갈곶동,장미,월세,가동,3/4,"1,000/50",53.16,DOC,,25.03.26,"['25년이상', '소형평수', '방세개', '화장실한개']",남동향,
경기도,오산시,갈곶동,한솔솔파크,매매,107동,18/18,340000000,108.03,NDOC2,확 트인 개방감  살기 좋은 동 층 입니다,25.04.18,"['25년이내', '탑층', '방세개', '화장실두개']",남향,10404210.867351662
경기도,오산시,갈곶동,한솔솔파크,매매,104동,14/18,320000000,108.03,DOC,"확장형,어린이공원,깨끗하고 좋아요",25.04.18,"['25년이내', '방세개', '화장실두개', '고층']",동향,9792198.463389799
경기도,오산시,갈곶동,한솔솔파크,매매,109동,고/18,340000000,108.03,NDOC2,초품아  최상의  전망  깔끔한  수리  모두  만족해요,25.04.18,"['25년이내', '방세개', '화장실두개', '고층']",남향,10404210.867351662
경기도,오산시,갈곶동,한솔솔파크,매매,109동,15/18,317000000,108.03,DOCV2,정남향 막힘없고 일조량  풍부하고 아주 깨끗해요,25.04.11,"['25년이내', '방세개', '화장실두개', '고층']",남향,9700396.60279552
경기도,오산시,갈곶동,한솔솔파크,매매,101동,3/18,330000000,108.03,OWNER,맑음터공원인근o위치좋아요o올수리o중문o매.물.접.수.받.아.요,25.04.03,"['25년이내', '올수리', '방세개', '화장실두개']",남향,10098204.66537073
경기도,오산시,갈곶동,한솔솔파크,매매,102동,저/18,319000000,108.03,NDOC2,저렴한 가격  미리  준비해  두세요,25.04.14,"['25년이내', '방세개', '화장실두개', '세대당1대']",동향,9761597.843191708
경기도,오산시,갈곶동,한솔솔파크,매매,105동,8/18,330000000,108.03,NDOC2,뻥  뷰에  덤으로  교통편리해요,25.04.07,"['25년이내', '방세개', '화장실두개', '중층']",남향,10098204.66537073
경기도,오산시,갈곶동,한솔솔파크,매매,102동,중/18,320000000,108.03,NDOC2,깔끔한  집으로  동  층   좋아요,25.04.10,"['25년이내', '방세개', '화장실두개', '중층']",동향,9792198.463389799
경기도,오산시,갈곶동,한솔솔파크,매매,105동,중/18,340000000,108.03,NDOC2,방금전  구리 했어여  야경또한  멋진 집이에요,25.04.09,"['25년이내', '방세개', '화장실두개', '중층']",동향,10404210.867351662
경기도,오산시,갈곶동,한솔솔파크,매매,109동,중/18,340000000,108.03,NDOC2,선호동  주변 입지  동  층  모두  만족  해요,25.04.08,"['25년이내', '방세개', '화장실두개', '중층']",남향,10404210.867351662
경기도,오산시,갈곶동,한솔솔파크,매매,103동,중/18,330000000,108.03,NDOC2,따듯한  남향집  조용하고  일조량 또한  좋아요,25.04.07,"['25년이내', '방세개', '화장실두개', '중층']",남향,10098204.66537073
경기도,오산시,갈곶동,한솔솔파크,월세,109동,18/18,"4,000/100",108.03,DOCV2,"탑층,층간소음x,리모델링한집입니다.",25.03.28,"['25년이내', '융자금없는', '탑층', '방세개']",남향,
경기도,오산시,갈곶동,한솔솔파크,매매,101동,중/18,335000000,108.03,NDOC2,입구동  햇살이  따스 하니  살기  좋아요,25.04.02,"['25년이내', '방세개', '화장실두개', '중층']",남향,10251207.766361197
경기도,오산시,갈곶동,한솔솔파크,매매,109동,고/18,315000000,108.03,DOC,정남향 일조량 풍부 중문있고 아주 깨끗,25.04.03,"['25년이내', '방세개', '화장실두개', '고층']",남향,9639195.362399334
경기도,오산시,갈곶동,한솔솔파크,매매,108동,저/17,350000000,108.03,DOC,초교앞 2년전 화장실 제외 씽크대 교체 전체 화이트인테리어 이사협의 ,25.03.31,"['25년이내', '방세개', '화장실두개', '세대당1대']",남향,10710217.069332594
경기도,오산시,갈곶동,한솔솔파크,매매,102동,저/18,310000000,108.03,NDOC2,,25.03.24,"['25년이내', '방세개', '화장실두개', '세대당1대']",남향,9486192.261408867
경기도,오산시,갈곶동,한솔솔파크,매매,105동,저/18,305000000,108.03,NDOC2,공원 뷰  아이들 키우기  좋은 집 입니다,25.03.24,"['25년이내', '방세개', '화장실두개', '세대당1대']",동향,9333189.160418402
경기도,오산시,갈곶동,한솔솔파크,매매,102동,2/18,315000000,107.86,NDOC2,최상의  전망과  교통  주변편의  시설  좋아요,25.04.10,"['25년이내', '방세개', '화장실두개', '세대당1대']",남동향,9654387.863897646
경기도,오산시,갈곶동,한솔솔파크,매매,105동,18/18,315000000,107.86,DOC,남향집으로 전망이 좋은탑층 세끼고매매,25.04.10,"['25년이내', '탑층', '방세개', '화장실두개']",남향,9654387.863897646
경기도,오산시,갈곶동,화남,매매,101동,고/17,209000000,104.55,NDOC2,전망  최상  내  맘에  들게  수리 하세요,25.04.19,"['25년이상', '방세개', '화장실두개', '고층']",남향,6608408.082257294
경기도,오산시,갈곶동,화남,매매,101동,14/17,220000000,104.55,DOC,"로얄동,로얄층 집상태 및 일조권 좋음. ",25.04.11,"['25년이상', '방세개', '화장실두개', '고층']",남향,6956219.033955046
경기도,오산시,갈곶동,화남,매매,102동,10/17,240000000,104.55,DOC,깔끔올수리 보시면 맘에드실거예요 가격조정,25.04.11,"['25년이상', '올수리', '방세개', '화장실두개']",남동향,7588602.582496414
경기도,오산시,갈곶동,화남,매매,101동,15/17,230000000,104.55,DOC,,25.04.10,"['25년이상', '방세개', '화장실두개', '고층']",남동향,7272410.80822573
경기도,오산시,갈곶동,화남,매매,104동,6/16,235000000,104.55,DOC,"정상입주,부분수리,주인거주중,깨끗,교통편리",25.04.09,"['25년이상', '방세개', '화장실두개', '중층']",남향,7430506.695361072
경기도,오산시,갈곶동,화남,매매,101동,14/17,215000000,104.55,DOC,초급매 정남향 부분수리 입구동 교통편리 조율가,25.04.08,"['25년이상', '급매', '방세개', '화장실두개']",남향,6798123.146819704
경기도,오산시,갈곶동,화남,매매,102동,4/17,230000000,104.55,DOCV2,정남향 올수리되어 깨끗하고 버스정류장 바로앞,25.04.03,"['25년이상', '올수리', '방세개', '화장실두개']",남향,7272410.80822573
경기도,오산시,갈곶동,화남,월세,103동,중/16,"2,000/70",80.62,DOC,"로얄동 로얄층, 집상태 및 일조권 좋음",25.04.11,"['25년이상', '방세개', '화장실두개', '중층']",남향,
경기도,오산시,갈곶동,화남,매매,102동,고/17,175000000,80.62,DOC,"씽크대교체,보일러교체",25.04.10,"['25년이상', '보일러교체', '방세개', '화장실한개']",남서향,7175792.297196725
경기도,오산시,갈곶동,힐스테이트오산더퍼스트,매매,105동,8/29,480000000,112.11,MOBL,에어컨풀o중문o팬트리o세안고매매o매.물.접.수.받.아.요o,25.04.19,"['2년이내', '방세개', '화장실두개', '세대당1대']",남향,14153748.996521274
경기도,오산시,갈곶동,힐스테이트오산더퍼스트,전세,103동,6/27,250000000,112.11,OWNER,"현재도 무융자o방4개o에어컨,중문o이사일협의o매.물.접.수.받.아.요",25.04.19,"['2년이내', '융자금없는', '방세개', '화장실두개']",남향,7371744.269021498
경기도,오산시,갈곶동,힐스테이트오산더퍼스트,매매,103동,6/27,510000000,112.11,OWNER,"방4개o에어컨풀o매.물.접.수.받.아.요o오산1호점,2호점운영부o동산",25.04.18,"['2년이내', '방세개', '화장실두개', '세대당1대']",남향,15038358.308803855
경기도,오산시,갈곶동,힐스테이트오산더퍼스트,매매,107동,중/29,490000000,112.11,MOBL,입주가능한 o 매물 o 시스템에어컨FULL 입주협의가능 중문,25.04.19,"['2년이내', '방세개', '화장실두개', '중층']",남서향,14448618.767282134
경기도,오산시,갈곶동,힐스테이트오산더퍼스트,매매,101동,중/25,510000000,112.11,OWNER,막힘없는 뷰를 가진 동으로 시스템에어컨FULL 입주협의 중문 인테리어완료,25.04.19,"['2년이내', '방세개', '화장실두개', '중층']",남향,15038358.308803855
경기도,오산시,갈곶동,힐스테이트오산더퍼스트,월세,103동,중/27,"2,000/130",112.11,NDOC1,깔끔한 신축 일조량 풍부 시스템에어컨 FULL 2년계약가능,25.04.19,"['2년이내', '방세개', '화장실두개', '중층']",남향,
경기도,오산시,갈곶동,힐스테이트오산더퍼스트,매매,103동,저/27,480000000,112.11,NDOC1,앞동으로 출입구랑 가깝고 좋아요 가리는것 없는 해잘들어는 동,25.04.19,"['2년이내', '방세개', '화장실두개', '세대당1대']",남향,14153748.996521274
경기도,오산시,갈곶동,힐스테이트오산더퍼스트,매매,101동,저/25,560000000,112.11,MOBL,전면동시스템에어컨풀 김치냉장고 냉장고 식세기 인덕션 오븐 엔지니어스톤,25.04.16,"['2년이내', '방세개', '화장실두개', '세대당1대']",남향,16512707.162608154
경기도,오산시,갈곶동,힐스테이트오산더퍼스트,매매,107동,고/29,500000000,112.11,NDOC1,입주날짜협의 고층으로 트인 하늘 뷰 일조량 풍부,25.04.17,"['2년이내', '방세개', '화장실두개', '고층']",남서향,14743488.538042996
경기도,오산시,갈곶동,힐스테이트오산더퍼스트,매매,101동,중/25,505000000,112.11,OWNER,"전면동, 시스템에어컨5대, 중문, 빠른입주 가능, 입주협의",25.04.15,"['2년이내', '방세개', '화장실두개', '중층']",남서향,14890923.423423424
경기도,오산시,갈곶동,힐스테이트오산더퍼스트,월세,107동,고/29,"3,000/130",112.11,NDOC1,"공원중정뷰, 관리잘된집, 시스템에어컨4,냉장고,세탁기",25.04.15,"['2년이내', '방세개', '화장실두개', '고층']",남향,
경기도,오산시,갈곶동,힐스테이트오산더퍼스트,매매,101동,3/25,500000000,112.11,OWNER,"해잘들고 정원같은뷰 ,옵션 아트홀 광폭 ,마루 광폭,  빌트인 냉장고",25.04.07,"['2년이내', '마당', '방네개이상', '화장실두개']",남서향,14743488.538042996
경기도,오산시,갈곶동,힐스테이트오산더퍼스트,전세,101동,3/25,350000000,112.11,OWNER,"해잘들고 정원같은뷰 ,옵션 아트홀 광폭 ,마루 광폭,  빌트인 냉장고",25.04.07,"['2년이내', '마당', '방세개', '화장실두개']",남서향,10320441.976630095
경기도,오산시,갈곶동,힐스테이트오산더퍼스트,매매,105동,13/29,490000000,112.11,DOC,즉시입주 등기완료 신축첫입주,25.04.17,"['2년이내', '방세개', '화장실두개', '중층']",남동향,14448618.767282134
경기도,오산시,갈곶동,힐스테이트오산더퍼스트,매매,103동,중/27,530000000,112.11,DOC,"세끼고매매,풀에어컨, 막힘없는전면동, 채광좋은남서향,",25.04.15,"['2년이내', '방세개', '화장실두개', '중층']",남서향,15628097.850325573
경기도,오산시,갈곶동,힐스테이트오산더퍼스트,매매,105동,중/29,500000000,112.11,DOC,빠른 입주 가능한 신축 아파트 입니다.,25.04.09,"['2년이내', '방두개', '화장실두개', '중층']",남동향,14743488.538042996
경기도,오산시,갈곶동,힐스테이트오산더퍼스트,매매,103동,저/27,550000000,112.11,DOC,"정상입주,협의가능,주인거주,막힘없는 전면동",25.03.31,"['2년이내', '방세개', '화장실두개', '세대당1대']",남서향,16217837.391847296
경기도,오산시,갈곶동,힐스테이트오산더퍼스트,전세,106동,고/23,320000000,86.94,NDOC1,"간접조명, 시스템에어컨 AC 풀옵션",25.04.18,"['2년이내', '방세개', '화장실두개', '고층']",남향,12167600.644122384
경기도,오산시,갈곶동,힐스테이트오산더퍼스트,전세,104동,고/27,300000000,86.94,OWNER,"빠른입주가능, 정남향, 상가가까운동,신혼부부추천",25.04.15,"['2년이내', '방세개', '화장실두개', '고층']",남향,11407125.603864735
경기도,오산시,갈곶동,힐스테이트오산더퍼스트,매매,102동,22/28,350000000,86.94,OWNER,"에2,인덕션,선반o매.물.접.수.받.아.요o",25.04.09,"['2년이내', '방세개', '화장실두개', '고층']",남향,13308313.204508858
경기도,오산시,갈곶동,힐스테이트오산더퍼스트,매매,109동,22/28,395000000,80.3,MOBL,세안고매매o투자용o매.물.접.수.받.아.요o,25.04.19,"['2년이내', '방세개', '화장실두개', '고층']",남향,16261333.437110834
경기도,오산시,갈곶동,힐스테이트오산더퍼스트,매매,106동,12/23,370000000,80.3,MOBL,전세끼고 매매.매.물.접.수.받.아.요,25.04.19,"['2년이내', '방세개', '화장실두개', '중층']",남향,15232135.118306352
경기도,오산시,갈곶동,힐스테이트오산더퍼스트,매매,104동,2/27,350000000,80.3,MOBL,세끼고 매매.매.물.접.수.받.아.요,25.04.19,"['2년이내', '방세개', '화장실두개', '세대당1대']",남향,14408776.463262765
경기도,오산시,갈곶동,힐스테이트오산더퍼스트,전세,106동,15/23,290000000,80.3,MOBL,주인거주  아주 깨끗하고 좋아요 에어컨2대  빠른입주가,25.04.16,"['2년이내', '방세개', '화장실두개', '중층']",남동향,11938700.498132007
경기도,오산시,갈곶동,힐스테이트오산더퍼스트,매매,108동,저/23,340000000,80.3,NDOC1,가리는거 없는 트인뷰 예쁜 단지뷰 구경하러 오세요,25.04.19,"['2년이내', '방세개', '화장실두개', '세대당1대']",남향,13997097.135740971
경기도,오산시,갈곶동,힐스테이트오산더퍼스트,매매,104동,중/27,350000000,80.3,NDOC1,세안고 매매 실투자금액 적어요 투자하기 좋은 매물입니다 놓치지 마세요,25.04.17,"['2년이내', '방세개', '화장실두개', '중층']",남서향,14408776.463262765
경기도,오산시,갈곶동,힐스테이트오산더퍼스트,매매,106동,15/23,390000000,80.3,DOCV2,"시스템에어컨2,중문,주인거주로 깨끗하고 좋아요",25.04.15,"['2년이내', '방세개', '화장실두개', '중층']",남향,16055493.773349939
경기도,오산시,갈곶동,힐스테이트오산더퍼스트,매매,104동,저/27,385000000,80.3,OWNER,"세끼고 매매, 시스템에어컨4대, 상가가까운동, 후문출입구동, 26년5월후",25.04.15,"['2년이내', '방세개', '화장실두개', '세대당1대']",남서향,15849654.109589044
경기도,오산시,갈곶동,힐스테이트오산더퍼스트,월세,106동,중/23,"3,000/100",80.3,OWNER,"풀에어컨,사계절아름다운정원뷰, 보행자출입구동",25.04.15,"['2년이내', '융자금없는', '방세개', '화장실두개']",남서향,
경기도,오산시,갈곶동,힐스테이트오산더퍼스트,전세,102동,8/28,270000000,80.3,OWNER,시스템에어컨4대  초  깔끔  신혼부부 강추,25.04.05,"['2년이내', '방세개', '화장실두개', '세대당1대']",남동향,11115341.84308842
경기도,오산시,갈곶동,힐스테이트오산더퍼스트,매매,102동,고/28,385000000,80.3,OWNER,"갭투자, 시스템에어컨4대, 중문,로얄층 로얄동, 주출입구와 가까운동",25.04.11,"['2년이내', '방세개', '화장실두개', '고층']",남동향,15849654.109589044
경기도,오산시,갈곶동,힐스테이트오산더퍼스트,전세,102동,1/28,250000000,80.3,DOC,저렴한전세신혼부부추천아이들키우기좋은곳,25.04.08,"['2년이내', '1층', '방세개', '화장실두개']",남동향,10291983.188044833
경기도,오산시,갈곶동,힐스테이트오산더퍼스트,매매,109동,고/28,380000000,80.3,OWNER,옵션잘되있는 로얄동 로얄층 매매,25.03.28,"['2년이내', '방세개', '화장실두개', '고층']",남서향,15643814.445828145
경기도,오산시,고현동,오산고현아이파크,매매,101동,10/12,380000000,132.48,NDOC1,전면동 풀확장 주인거주로 집상태 아주 좋아요,25.04.19,"['25년이내', '대형평수', '방세개', '화장실두개']",남동향,9482173.158212563
경기도,오산시,고현동,오산고현아이파크,매매,101동,9/12,370000000,132.48,NDOC1,급 풀확장 생활권가까운편리한동 수납많고구조좋아요,25.04.17,"['25년이내', '대형평수', '방세개', '화장실두개']",남동향,9232642.28562802
경기도,오산시,고현동,오산고현아이파크,매매,103동,9/11,390000000,132.48,NDOC1,풀확장 막힌데없는 선호동 전망좋아요,25.04.17,"['25년이내', '대형평수', '방세개', '화장실두개']",남동향,9731704.030797102
경기도,오산시,고현동,오산고현아이파크,월세,102동,4/14,"3,000/120",132.48,DOC,관리잘된깨끗한집 빠른입주가능,25.04.19,"['25년이내', '대형평수', '방세개', '화장실두개']",남동향,
경기도,오산시,고현동,오산고현아이파크,매매,104동,9/13,400000000,132.48,DOC,확장 밝고 꺠끗한집,25.04.16,"['25년이내', '대형평수', '방세개', '화장실두개']",남동향,9981234.903381644
경기도,오산시,고현동,오산고현아이파크,월세,104동,8/13,"2,000/130",132.48,DOCV2,풀확장 보증금조정가 부분수리로깨끗한집 막힌데없어요,25.04.08,"['25년이내', '대형평수', '방세개', '화장실두개']",남동향,
경기도,오산시,고현동,오산고현아이파크,매매,103동,5/11,370000000,132.48,DOCV2,전면동 풀확장 부분수리 주인거주로 잘관리된 깨끗한집,25.04.08,"['25년이내', '대형평수', '방세개', '화장실두개']",남동향,9232642.28562802
경기도,오산시,고현동,오산고현아이파크,매매,104동,저/13,360000000,132.48,DOC,깨끗한 집 협의 입주 가능합니다.,25.04.17,"['25년이내', '대형평수', '방세개', '화장실두개']",남동향,8983111.413043479
경기도,오산시,고현동,오산고현아이파크,매매,103동,3/11,410000000,132.48,DOC,"전면동, 확장형  주인거주 협의",25.04.04,"['25년이내', '대형평수', '방세개', '화장실두개']",남동향,10230765.775966186
경기도,오산시,고현동,오산고현아이파크,매매,101동,1/12,370000000,132.48,DOCV2,풀확장 1층 최근에올인테리어 아이키우기걱정없어요,25.03.27,"['25년이내', '1층', '대형평수', '방세개']",남동향,9232642.28562802
경기도,오산시,고현동,오산고현아이파크,매매,104동,3/13,380000000,132.48,DOC,풀확장 전면동 밝고환함 주인거주로 깨끗하게 잘관리된집,25.03.28,"['25년이내', '대형평수', '방세개', '화장실두개']",남동향,9482173.158212563
경기도,오산시,고현동,오산고현아이파크,매매,112동,2/13,330000000,113.77,NDOC1,풀확장 공원전망 저층이라도밝고환함 주인거주로집상태깨끗,25.04.14,"['25년이내', '방세개', '화장실두개', '세대당1대']",남서향,9588723.301397556
경기도,오산시,고현동,오산고현아이파크,매매,106동,3/15,320000000,113.77,OWNER,올리모델링o깨끗한집o매.물.접.수.받.아.요,25.04.11,"['25년이내', '방세개', '화장실두개', '세대당1대']",남향,9298155.928627934
경기도,오산시,고현동,오산고현아이파크,매매,112동,1/13,310000000,113.77,MOBL,귀한1층o매력적인정원뷰o주방리모델링o협의가능.매.물.접.수.받.아.요,25.04.07,"['25년이내', '1층', '방세개', '화장실두개']",남향,9007588.55585831
경기도,오산시,고현동,오산고현아이파크,매매,107동,4/15,340000000,113.77,DOC,올확장 관리잘된 깨끗한집 정상입주,25.04.17,"['25년이내', '방세개', '화장실두개', '세대당1대']",남동향,9879290.67416718
경기도,오산시,고현동,오산고현아이파크,매매,112동,1/13,320000000,113.77,DOC,주인거주 관리 잘된 조용한 집입니다.,25.04.17,"['25년이내', '1층', '방세개', '화장실두개']",남서향,9298155.928627934
경기도,오산시,고현동,오산고현아이파크,월세,108동,고/15,1억/65,113.77,DOCV2,풀확장 반전세 막힌데없어전망굿 집상태최상 빠른입주가,25.04.18,"['25년이내', '방세개', '화장실두개', '고층']",남서향,
경기도,오산시,고현동,오산고현아이파크,매매,108동,15/15,420000000,113.77,DOCV2,올확장 복층 정원 텃밭 가능한 테라스 엄청 깨끗하게 관리된집,25.04.10,"['25년이내', '테라스', '마당', '복층']",남서향,12203829.656324165
경기도,오산시,고현동,오산고현아이파크,매매,111동,15/15,410000000,113.77,NDOC1,탑복층 테라스다락방있는 전원주택같은집 바닥.씽크대.화장실등수리,25.04.04,"['25년이내', '테라스', '복층', '탑층']",남서향,11913262.283554541
경기도,오산시,고현동,오산고현아이파크,월세,106동,8/15,"2,000/110",113.77,DOC,올확장 깨끗한집 기숙사가능 정상입주,25.04.14,"['25년이내', '방세개', '화장실두개', '중층']",남동향,
경기도,오산시,고현동,오산고현아이파크,매매,112동,11/13,340000000,113.77,NDOC1,풀확장 공원전망으로 막힌데없어요 선호하는로얄동 로얄층,25.04.03,"['25년이내', '방세개', '화장실두개', '고층']",남서향,9879290.67416718
경기도,오산시,고현동,오산고현아이파크,매매,107동,9/15,350000000,113.77,DOCV2,풀확장 수납많고 구조좋아요 조용한동 관리잘된깨끗한집,25.04.04,"['25년이내', '방세개', '화장실두개', '중층']",남동향,10169858.046936804
경기도,오산시,고현동,오산고현아이파크,월세,110동,저/15,"2,000/120",113.77,DOCV2,빠른입주 정문이용 편리한 로얄동 일조권 굿 깨끗하게 관리 잘 된 집,25.04.04,"['25년이내', '융자금없는', '방세개', '화장실두개']",남동향,
경기도,오산시,고현동,오산고현아이파크,매매,105동,2/13,330000000,113.77,DOC,풀확장 전면동 주인거주로 깨끗하게 잘 관리된집,25.03.31,"['25년이내', '방세개', '화장실두개', '세대당1대']",남동향,9588723.301397556
경기도,오산시,고현동,오산고현아이파크,매매,110동,4/15,350000000,113.77,DOC,편리한동 깨끗한 집입니다.,25.03.27,"['25년이내', '방세개', '화장실두개', '세대당1대']",남동향,10169858.046936804
경기도,오산시,고현동,오산고현아이파크,매매,110동,10/15,350000000,111.42,DOC,풀확장 정남향 로얄동 로얄층 집상태최상 부분수리,25.04.18,"['25년이내', '방세개', '화장실두개', '중층']",남향,10384354.245198349
경기도,오산시,고현동,오산고현아이파크,매매,110동,2/15,335000000,111.42,DOCV2,풀확장 화장실등부분수리  저층이지만 밝고 환함  깨끗하게 잘관리된집,25.04.09,"['25년이내', '방세개', '화장실두개', '세대당1대']",남향,9939310.491832705
경기도,오산시,고현동,오산고현아이파크,매매,106동,4/15,330000000,111.42,DOC,급매 풀확장 정남향 전면동으로막힌데없어요 빠른입주,25.04.11,"['25년이내', '급매', '방세개', '화장실두개']",남향,9790962.574044159
경기도,오산시,고현동,오산고현아이파크,매매,110동,5/15,340000000,111.42,DOC,올확장 화장실 수리 보일러 교체 LED등 교체 관리 잘되서 깨끗,25.04.10,"['25년이내', '욕실수리', '보일러교체', '방세개']",남향,10087658.409621254
경기도,오산시,고현동,오산라온프라이빗스위트,월세,103동,16/26,"2,500/160",114.83,DOC,2층의탑복층 전원주택같은 펜트하우스 전망굿 1.2층넓은테라스,25.04.14,"['2년이내', '테라스', '복층', '방세개']",남서향,
경기도,오산시,고현동,오산라온프라이빗스위트,월세,101동,18/26,"2,500/160",114.83,DOC,넓은1층2층테라스 탑복층 전망굿 라온단지앞부o동산,25.04.14,"['2년이내', '테라스', '복층', '방세개']",남향,
경기도,오산시,고현동,오산라온프라이빗스위트,월세,103동,16/26,"2,500/160",114.83,DOC,"펜트하우스o2개층 테라스,옥탑같이있는세대o넓게잘빠진구조40형느낌",25.04.11,"['2년이내', '테라스', '방세개', '화장실두개']",남향,
경기도,오산시,고현동,오산라온프라이빗스위트,매매,104동,25/26,407700000,110.39,NDOC1,"계약금포기, 옵션비 포함, 서두르세요 ",25.04.19,"['2년이내', '방세개', '화장실두개', '고층']",남향,12209154.311984781
경기도,오산시,고현동,오산라온프라이빗스위트,매매,104동,6/26,450000000,110.39,DOC,옵션다수 주인거주 라온단지앞부동0산,25.04.14,"['2년이내', '방세개', '화장실두개', '세대당1대']",남향,13475887.761572607
경기도,오산시,고현동,오산라온프라이빗스위트,매매,101동,중/26,450000000,109.98,DOC,옵션비포함  주인거주 전망굿 라온단지앞부동0산,25.04.17,"['2년이내', '방세개', '화장실두개', '중층']",남향,13526125.204582652
경기도,오산시,고현동,오산라온프라이빗스위트,매매,102동,중/26,500000000,109.98,NDOC1,전세끼고매매o가격협의가능o오산여러곳분양받아입점부o동산,25.04.05,"['2년이내', '방세개', '화장실두개', '중층']",남향,15029028.005091835
경기도,오산시,고현동,오산라온프라이빗스위트,매매,103동,5/26,413000000,109.65,NDOC1,마이너스 피 3천만원 선호하는B타입 현금있으시분만 가능해요,25.04.19,"['2년이내', '방세개', '화장실두개', '세대당1대']",남향,12451337.938896488
경기도,오산시,고현동,오산라온프라이빗스위트,매매,102동,10/26,480000000,109.65,DOC,선호하는B타입 시스템에어컨4 조정가능 주인거주,25.04.16,"['2년이내', '방세개', '화장실두개', '중층']",남동향,14471288.645690836
경기도,오산시,고현동,오산라온프라이빗스위트,매매,101동,중/26,480000000,109.65,DOC,모든금액포함  시스템에에어컨 오븐 선호하는b타입,25.03.24,"['2년이내', '방세개', '화장실두개', '중층']",남동향,14471288.645690836
경기도,오산시,고현동,오산라온프라이빗스위트,매매,104동,4/26,404000000,109.62,DOC,"마피3천o4베이o매.물.접.수.받.아.요o오산1호점,2호점운영부o동산",25.04.19,"['2년이내', '방세개', '화장실두개', '세대당1대']",남향,12183334.610472541
경기도,오산시,고현동,오산라온프라이빗스위트,매매,101동,10/26,500000000,109.62,DOC,인테리어 된 집 실링팬 주방 아일랜드 설치,25.04.15,"['2년이내', '방세개', '화장실두개', '중층']",남서향,15078384.418901661
경기도,오산시,고현동,오산라온프라이빗스위트,매매,101동,21/26,480000000,109.62,DOC,선호하는A타입 풀옵션 라온단지앞부동0산,25.04.14,"['2년이내', '방세개', '화장실두개', '고층']",남서향,14475249.042145593
경기도,오산시,고현동,오산라온프라이빗스위트,월세,102동,중/26,"3,000/150",109.62,DOC,상태최상.실링팬.주인분거주중,25.04.17,"['2년이내', '방세개', '화장실두개', '중층']",남서향,
경기도,오산시,고현동,오산라온프라이빗스위트,매매,102동,중/26,500000000,109.62,DOC,상태최상.실링팬.주인분거주중,25.04.16,"['2년이내', '방세개', '화장실두개', '중층']",남서향,15078384.418901661
경기도,오산시,고현동,오산라온프라이빗스위트,전세,104동,고/26,270000000,109.62,DOC,전망 조망 좋은 선호하는동 A타입,25.04.04,"['2년이내', '방세개', '화장실두개', '고층']",남동향,8142327.586206897
경기도,오산시,궐동,골드클래스(주상복합),월세,1동,2/10,"3,000/35",30.88,DOC,신축급매물 1.5룸 반전세 즉시입주가능,25.04.17,"['15년이내', '급매', '소형평수', '방한개']",동향,
경기도,오산시,궐동,골드파크(도시형),전세,1동,3/13,970000000000,43.54,DOC,전세권설정가능 2룸신축급매물,25.04.17,"['15년이내', '급매', '필로티', '소형평수']",서향,73647483922.82959
경기도,오산시,궐동,골드파크(도시형),전세,1동,13/13,780000000000,28.26,DOC,1.5룸급 전세매물 전세권설정가능 대출가능,25.04.17,"['15년이내', '소형평수', '탑층', '방한개']",서향,91242473460.72188
경기도,오산시,궐동,궐동대우3차,매매,101동,6/15,190000000,81.73,DOC,"남향, 인테리어 깔끔한 집 매매입니다.",25.04.18,"['25년이상', '화장실한개', '방세개', '중층']",남향,7685050.165178025
경기도,오산시,궐동,궐동대우3차,매매,102동,3/15,195000000,81.73,OWNER,"최근 올리모델링되어 집상태 최상, 붙박이장, 남향, 입주협의가능",25.03.24,"['25년이상', '방세개', '화장실한개', '붙박이장']",남향,7887288.327419553
경기도,오산시,궐동,궐동대우3차,매매,101동,2/15,190000000,81.73,DOC,수리상태 괜찮음.,25.03.31,"['25년이상', '방세개', '화장실한개', '저층']",남향,7685050.165178025
경기도,오산시,궐동,궐동대우3차,매매,102동,5/15,175000000,81.73,DOC,"아침 햇살이 좋으며,교통좋고,생활권 권리한 집",25.03.25,"['25년이상', '방세개', '화장실한개', '저층']",동향,7078335.6784534445
경기도,오산시,궐동,랜드마크1(도시형),매매,1동,12/13,520000000000,23.2,OWNER,"월세안고매매,저렴한매매가,풀옵션,인프라좋음,도시형생활주택",25.04.02,"['15년이내', '소형평수', '방한개', '화장실한개']",동향,74095181034.48276
경기도,오산시,궐동,랜드마크1(도시형),월세,1동,고/13,300/35,19.83,OWNER,"공실,청소완료,전입가능.당일입주가능.도시형생활주택.편의점.병원 인프라굿",25.04.01,"['15년이내', '융자금없는', '소형평수', '방한개']",서향,
경기도,오산시,궐동,랜드마크1(도시형),월세,1동,6/13,300/38,19.83,DOC,오산시 궐동 도시형생활주택 월세,25.03.31,"['15년이내', '화장실한개', '소형평수', '방한개']",동향,
경기도,오산시,궐동,랜드마크1(도시형),매매,1동,고/13,600000000000,19.83,OWNER,세교2지구 원룸형 아파트 고층 매매,25.03.24,"['15년이내', '소형평수', '방한개', '화장실한개']",남향,100023751891.07414
경기도,오산시,궐동,랜드마크1(도시형),월세,1동,6/13,200/35,19.83,NONE,깔끔한내외관,25.03.24,"['15년이내', '소형평수', '방한개', '화장실한개']",동향,
경기도,오산시,궐동,무궁화,월세,A동,2/5,"1,000/60",73.68,DOC,"내부샷시 포함 올리모델된 깔끔한 집 첫입주, 월세입니다.",25.04.12,"['25년이상', '융자금없는', '방세개', '화장실한개']",남향,
경기도,오산시,궐동,센트하임(주상복합),매매,1동,11/15,240000000,108.88,OWNER,"남향으로 햇빛잘들고 깨끗하게 관리잘 한 집, 주인거주로 날짜는 협의가능",25.04.15,"['25년이내', '방세개', '화장실두개', '고층']",남향,7286814.842027922
경기도,오산시,궐동,안국,매매,A동,중/6,150000000,79.17,DOC,"오산천 조은병원 인근 올수리 한샘씽크대, 붙박이장 햇볕잘들어옴",25.04.08,"['25년이상', '올수리', '방두개', '화장실한개']",남향,6263328.912466844
경기도,오산시,궐동,오산대역세교모아미래도,전세,102동,21/25,400000000,120.6,NDOC1,"전망최고,방3,에어컨5,현관팬트리,중문,주방ㄷ자형,간접조명",25.04.19,"['2년이내', '방세개', '화장실두개', '고층']",남향,10964461.028192373
경기도,오산시,궐동,오산대역세교모아미래도,전세,105동,20/22,380000000,120.6,DOC,"전망굿,방4,식기세척기,시스템에어컨5대,현관펜트리,주방펜트리,붙박이장",25.03.25,"['2년이내', '방네개이상', '화장실두개', '고층']",남서향,10416237.976782754
경기도,오산시,궐동,오산대역세교모아미래도,월세,103동,20/25,"5,000/160",120.3,NDOC1,"신축 첫입주,방4,욕실2정남향,물향기수목원.오산대,홈플러스 도보가능",25.04.14,"['2년이내', '방네개이상', '화장실두개', '고층']",남향,
경기도,오산시,궐동,오산대역세교모아미래도,전세,104동,7/22,330000000,108.18,NDOC1,"방3,에어컨3, 중문, 주방특화,BIS냉장김치냉장,주방팬트리,중문,드레룸",25.04.12,"['2년이내', '방세개', '화장실두개', '세대당1대']",남동향,10084202.717692735
경기도,오산시,궐동,오산대역세교모아미래도,월세,101동,17/25,"2,000/150",107.89,NDOC1,"즉시입주가능, 에어컨4대, 알파룸, 현관펜트리,거실주방 타일바닥",25.03.25,"['2년이내', '방네개이상', '화장실두개', '고층']",남동향,
경기도,오산시,궐동,오산대역세교모아미래도,전세,102동,21/25,400000000,120.6,NDOC1,"전망최고,방3,에어컨5,현관팬트리,중문,주방ㄷ자형,간접조명",25.04.19,"['2년이내', '방세개', '화장실두개', '고층']",남향,10964461.028192373
경기도,오산시,궐동,오산대역세교모아미래도,전세,105동,20/22,380000000,120.6,DOC,"전망굿,방4,식기세척기,시스템에어컨5대,현관펜트리,주방펜트리,붙박이장",25.03.25,"['2년이내', '방네개이상', '화장실두개', '고층']",남서향,10416237.976782754
경기도,오산시,궐동,오산대역세교모아미래도,월세,103동,20/25,"5,000/160",120.3,NDOC1,"신축 첫입주,방4,욕실2정남향,물향기수목원.오산대,홈플러스 도보가능",25.04.14,"['2년이내', '방네개이상', '화장실두개', '고층']",남향,
경기도,오산시,궐동,오산대역세교모아미래도,전세,104동,7/22,330000000,108.18,NDOC1,"방3,에어컨3, 중문, 주방특화,BIS냉장김치냉장,주방팬트리,중문,드레룸",25.04.12,"['2년이내', '방세개', '화장실두개', '세대당1대']",남동향,10084202.717692735
경기도,오산시,궐동,오산대역세교모아미래도,월세,101동,17/25,"2,000/150",107.89,NDOC1,"즉시입주가능, 에어컨4대, 알파룸, 현관펜트리,거실주방 타일바닥",25.03.25,"['2년이내', '방네개이상', '화장실두개', '고층']",남동향,
경기도,오산시,궐동,오산세교2지구중흥S-클래스에듀파크,월세,505동,중/25,"4,000/130",113.68,OWNER,비번보유.융무.등기완료.시에3.아일랜드.펜트리2.식기세척기.드레스룸등,25.04.07,"['2년이내', '융자금없는', '대단지', '방세개']",남서향,
경기도,오산시,궐동,오산세교2지구중흥S-클래스에듀파크,월세,504동,13/25,"3,000/120",96.97,OWNER,"귀한A타입, 빠른입주가능, 시에4 화장대 중문등 풀옵션, 예쁜 인테리어",25.04.19,"['2년이내', '대단지', '방세개', '화장실두개']",남동향,
경기도,오산시,궐동,오산세교2지구중흥S-클래스에듀파크,월세,504동,7/25,"5,000/110",96.97,OWNER,따뜻한 남서향.예쁜판상형.펜트리.아일랜드.드레스룸.붙박이장.중문 등,25.04.19,"['2년이내', '대단지', '방세개', '화장실두개']",남서향,
경기도,오산시,궐동,오산세교2지구중흥S-클래스에듀파크,월세,510동,23/25,"5,000/120",81.8,OWNER,"Mint, 풀옵션에 가전까지, 즉시입주, 주인거주로 깨끗",25.04.16,"['2년이내', '대단지', '방세개', '화장실두개']",남동향,
경기도,오산시,궐동,오산세교2지구중흥S-클래스에듀파크,월세,510동,저/25,"3,000/120",81,OWNER,"실사진,시에어컨2대,주방아일랜드,중문,냉장고장,예쁜정원뷰,엘배2대",25.04.14,"['2년이내', '대단지', '방세개', '화장실두개']",남서향,
경기도,오산시,궐동,우남퍼스트빌,월세,108동,15/20,"2,000/100",113.86,OWNER,5월 중순이후 이사가능,25.04.19,"['25년이내', '대단지', '방세개', '화장실두개']",남향,
경기도,오산시,궐동,우남퍼스트빌,매매,110동,16/20,350000000,113.86,OWNER,전면동 남향 전망최상 거실 작은방확장 수리되어 집깨끗 이사협의,25.04.18,"['25년이내', '대단지', '방세개', '화장실두개']",남향,10161819.339539787
경기도,오산시,궐동,우남퍼스트빌,매매,104동,18/20,300000000,113.86,OWNER,"지하주차장 연결 ,고층 뷰가 너무 좋은 정류장 가까운 동 주인거주중",25.04.16,"['25년이내', '대단지', '방세개', '화장실두개']",남향,8710130.862462675
경기도,오산시,궐동,우남퍼스트빌,매매,104동,18/20,300000000,113.86,OWNER,협의입주 거실 작은방확장 버스종점 지하주차장  바로 연결,25.04.15,"['25년이내', '대단지', '방세개', '화장실두개']",남향,8710130.862462675
경기도,오산시,궐동,우남퍼스트빌,매매,109동,20/20,320000000,113.86,OWNER,"거실, 작은방확장, 층간 소음으로부터 자유로운 탑층임.",25.04.15,"['25년이내', '대단지', '탑층', '방세개']",남향,9290806.253293518
경기도,오산시,궐동,우남퍼스트빌,매매,102동,6/20,340000000,113.86,OWNER,방2개 확장  씽크대  화장실 수리,25.04.15,"['25년이내', '대단지', '욕실수리', '방두개']",남향,9871481.644124363
경기도,오산시,궐동,우남퍼스트빌,매매,102동,10/20,320000000,113.86,OWNER,"부분리모델링,주방,욕실,바닥등,주인거주로 관리잘된집,남향,로얄층",25.04.12,"['25년이내', '대단지', '방세개', '화장실두개']",남향,9290806.253293518
경기도,오산시,궐동,우남퍼스트빌,매매,110동,9/20,350000000,113.86,OWNER,전면동 남향 전망최상 강추 방2확장 올리모델링 완전깨끗 이사협의,25.04.11,"['25년이내', '대단지', '방세개', '화장실두개']",남향,10161819.339539787
경기도,오산시,궐동,우남퍼스트빌,매매,104동,중/20,300000000,113.86,OWNER,"세안고매매,34펑, 지하주차장 연결동, 정남향, 상가가까운동 채광 굿",25.04.18,"['25년이내', '대단지', '방세개', '화장실두개']",남향,8710130.862462675
경기도,오산시,궐동,우남퍼스트빌,매매,109동,13/20,310000000,113.86,OWNER,협의입주 기본형으로 관리잘된집,25.04.10,"['25년이내', '대단지', '방세개', '화장실두개']",남향,9000468.557878096
경기도,오산시,궐동,우남퍼스트빌,월세,102동,2/20,"2,000/100",113.86,OWNER,5월19일 이후 입주가능 기본형,25.04.10,"['25년이내', '대단지', '방세개', '화장실두개']",남향,
경기도,오산시,궐동,우남퍼스트빌,매매,104동,14/20,330000000,113.86,OWNER,"화이트톤 깔끔한 올리모델링,일조량,조망권굿,세안고매매 완전 깨끗해요",25.04.10,"['25년이내', '대단지', '방세개', '화장실두개']",남향,9581143.948708942
경기도,오산시,궐동,우남퍼스트빌,매매,104동,4/20,280000000,113.86,OWNER,급매  빠른입주가능 기본형 관리잘되어 깨끗,25.04.08,"['25년이내', '대단지', '급매', '방세개']",남향,8129455.471631829
경기도,오산시,궐동,우남퍼스트빌,매매,104동,2/20,280000000,113.86,OWNER,급매 남향 거실방확장 지하주차장엘베연결동 입주협의,25.04.08,"['25년이내', '대단지', '급매', '방세개']",남향,8129455.471631829
경기도,오산시,궐동,우남퍼스트빌,매매,101동,12/20,300000000,113.86,OWNER,남향 전면동 방2확장 집깨끗 채광좋아요 이사협의,25.04.08,"['25년이내', '대단지', '방세개', '화장실두개']",남향,8710130.862462675
경기도,오산시,궐동,우남퍼스트빌,매매,108동,15/20,320000000,113.86,OWNER,5월이후협의 기본형 주차장 연결동 집상태깨끗,25.04.07,"['25년이내', '대단지', '방세개', '화장실두개']",남향,9290806.253293518
경기도,오산시,궐동,우남퍼스트빌,매매,108동,5/20,300000000,113.86,OWNER,남향 안쪽라인 채광좋아요 집깔끔깨끗 이사협의 주차장연결동 편리,25.04.05,"['25년이내', '대단지', '방세개', '화장실두개']",남향,8710130.862462675
경기도,오산시,궐동,우남퍼스트빌,매매,101동,5/20,310000000,113.86,OWNER,"전면동 정남향, 올확장 관리잘된 집",25.04.04,"['25년이내', '대단지', '방세개', '화장실두개']",남향,9000468.557878096
경기도,오산시,궐동,우남퍼스트빌,매매,103동,1/20,290000000,113.86,DOC,1층으로서 출입구 별도  아이들 뛰기 좋아요,25.04.11,"['25년이내', '대단지', '1층', '방세개']",남향,8419793.167047251
경기도,오산시,궐동,우남퍼스트빌,매매,109동,10/20,360000000,113.86,OWNER,2년전 올리모델링   이사는 협의,25.03.31,"['25년이내', '대단지', '방세개', '화장실두개']",남향,10452157.03495521
경기도,오산시,궐동,우남퍼스트빌,매매,101동,14/20,290000000,113.86,DOC,급매 남향 전면동 밝고 채광좋아요 이사협의,25.04.10,"['25년이내', '대단지', '급매', '방세개']",남향,8419793.167047251
경기도,오산시,궐동,우남퍼스트빌,매매,102동,2/20,280000000,113.86,OWNER,"정남향, 5월19일 이후 입주 협의",25.03.27,"['25년이내', '대단지', '방세개', '화장실두개']",남향,8129455.471631829
경기도,오산시,궐동,우남퍼스트빌,매매,101동,14/20,290000000,113.86,DOC,급매  빠른입주  중간라인 작은방2 확장 입구동 집상태깨끗,25.04.05,"['25년이내', '대단지', '급매', '방세개']",남향,8419793.167047251
경기도,오산시,궐동,우남퍼스트빌,매매,110동,16/20,340000000,113.86,DOC,맨앞동 일조량 좋아요  리모델링한집 깔끔,25.04.04,"['25년이내', '대단지', '방세개', '화장실두개']",남향,9871481.644124363
경기도,오산시,궐동,우남퍼스트빌,전세,104동,5/20,200000000,113.86,DOC,뒷산이 좋은집  도보산책 1시간반 내측호수,25.04.01,"['25년이내', '대단지', '방세개', '화장실두개']",남향,5806753.908308449
경기도,오산시,궐동,우남퍼스트빌,매매,109동,중/20,290000000,113.86,OWNER,급매 시세보다 저렴 집상태 깨끗,25.03.24,"['25년이내', '대단지', '급매', '방세개']",남향,8419793.167047251
경기도,오산시,궐동,우남퍼스트빌,매매,101동,18/20,350000000,113.86,DOC,전체 인테리어 잘되어 있는집,25.03.27,"['25년이내', '대단지', '방세개', '화장실두개']",남향,10161819.339539787
경기도,오산시,궐동,우남퍼스트빌,매매,101동,3/20,300000000,113.86,DOC,전면동  아늑한집,25.03.27,"['25년이내', '대단지', '방세개', '화장실두개']",남향,8710130.862462675
경기도,오산시,궐동,우남퍼스트빌,매매,101동,4/20,310000000,113.86,NONE,내부상태최상 입주는 즉시가능함 가격절충가능함,25.04.01,"['25년이내', '대단지', '방세개', '화장실두개']",남향,9000468.557878096
경기도,오산시,궐동,우남퍼스트빌,매매,106동,13/25,259000000,95.29,OWNER,급매 전세끼고 매매 26년3월입주가능 전망최고,25.04.10,"['25년이내', '대단지', '급매', '방세개']",남동향,8985185.3814671
경기도,오산시,궐동,우남퍼스트빌,매매,106동,23/25,270000000,95.29,OWNER,,25.04.10,"['25년이내', '대단지', '방세개', '화장실두개']",남동향,9366795.57141358
경기도,오산시,궐동,우남퍼스트빌,매매,106동,25/25,270000000,95.29,OWNER,"탑층완전강추,확트인뷰,일조량풍부,베란다,씽크대,전등,보일러교체,집상태최상",25.04.10,"['25년이내', '대단지', '보일러교체', '탑층']",남향,9366795.57141358
경기도,오산시,궐동,우남퍼스트빌,월세,106동,16/25,"2,000/90",95.29,DOC,협의입주 남동향 중간라인 집상태 양호,25.04.15,"['25년이내', '대단지', '방세개', '화장실두개']",남동향,
경기도,오산시,궐동,우남퍼스트빌,월세,105동,16/25,"1,000/95",95.29,DOC,햇빛 잘드는 남향집  이사는 협의,25.04.15,"['25년이내', '대단지', '방세개', '화장실두개']",남향,
경기도,오산시,궐동,우남퍼스트빌,매매,105동,2/25,289000000,95.29,DOC,수리된집  깔끔해요,25.04.11,"['25년이내', '대단지', '방세개', '화장실두개']",남향,10025940.444957498
경기도,오산시,궐동,우남퍼스트빌,매매,105동,20/25,280000000,95.29,OWNER,남향 채광밝아요 이사협의 수리되어 집상태깨끗 주차장연결동,25.03.24,"['25년이내', '대단지', '방세개', '화장실두개']",남향,9713713.92591038
경기도,오산시,궐동,우남퍼스트빌,매매,105동,24/25,280000000,95.29,DOC,정상협의입주  남향 기본형  관리잘된집,25.03.31,"['25년이내', '대단지', '방세개', '화장실두개']",남향,9713713.92591038
경기도,오산시,궐동,제일하이빌,매매,103동,2/20,290000000,115.77,OWNER,남향 앞트인 전면동 거실 방1확장 집깨끗 이사협의,25.04.18,"['25년이내', '방세개', '화장실두개', '세대당1대']",남향,8280881.489159541
경기도,오산시,궐동,제일하이빌,매매,105동,15/20,300000000,115.77,OWNER,막힘없는뷰 최고의전망 남향 상가 병원 학원 정류장 가까운동 초중고도보가능,25.04.18,"['25년이내', '방세개', '화장실두개', '고층']",남향,8566429.126716767
경기도,오산시,궐동,제일하이빌,매매,103동,1/20,300000000,115.77,OWNER,남향 앞트인 전면동 귀한1층매매 아이키우기좋아요 이사협의,25.04.17,"['25년이내', '1층', '방세개', '화장실두개']",남향,8566429.126716767
경기도,오산시,궐동,제일하이빌,매매,103동,15/20,385000000,115.77,OWNER,"조정가능, 최근 올인테리어된집, 올확장, 정남향 시티뷰굿",25.04.12,"['25년이내', '방세개', '화장실두개', '고층']",남향,10993584.045953184
경기도,오산시,궐동,제일하이빌,월세,105동,9/20,"2,500/100",115.77,OWNER,남향 전면동 전망채광굿 올리모델링 집깨끗 에어컨3 식세기옵션 이사협의,25.04.11,"['25년이내', '방세개', '화장실두개', '중층']",남향,
경기도,오산시,궐동,제일하이빌,매매,103동,2/20,300000000,115.77,OWNER,남향 앞트인 전면동 올리모델링 집깨끗 입주협의,25.04.11,"['25년이내', '방세개', '화장실두개', '세대당1대']",남향,8566429.126716767
경기도,오산시,궐동,제일하이빌,매매,101동,3/20,300000000,115.77,OWNER,남향 채광좋아요 기본형 이사협의,25.04.10,"['25년이내', '방세개', '화장실두개', '세대당1대']",남향,8566429.126716767
경기도,오산시,궐동,제일하이빌,매매,101동,14/20,320000000,115.77,OWNER,남향 거실확장 수리되어 집깨끗 밝고 채광좋아요 이사협의,25.04.08,"['25년이내', '방세개', '화장실두개', '고층']",남향,9137524.401831219
경기도,오산시,궐동,제일하이빌,월세,103동,18/20,"2,000/100",115.77,OWNER,5월말이후  이사가능집상태 깨끗해요,25.03.31,"['25년이내', '방세개', '화장실두개', '고층']",남향,
경기도,오산시,궐동,제일하이빌,매매,105동,3/20,320000000,115.77,DOC,전면동  내측호수 깔끔하게 수리,25.04.07,"['25년이내', '방세개', '화장실두개', '세대당1대']",남향,9137524.401831219
경기도,오산시,궐동,제일하이빌,월세,101동,14/20,"2,000/100",115.77,DOC,집수리예정  4월말이후 이사가능,25.03.24,"['25년이내', '방세개', '화장실두개', '고층']",남향,
경기도,오산시,궐동,제일하이빌,매매,101동,1/20,280000000,115.77,DOC,1층매매 층간소음걱정없어요 남향 기본형 이사협의,25.03.24,"['25년이내', '1층', '방세개', '화장실두개']",남향,7995333.851602316
경기도,오산시,궐동,제일하이빌,매매,101동,고/20,300000000,115.77,DOC,남향 채광좋고 밝아요 조용하고 깨끗한집 이사협의,25.03.28,"['25년이내', '방세개', '화장실두개', '고층']",남향,8566429.126716767
경기도,오산시,궐동,제일하이빌,매매,102동,18/20,250000000,89.3,OWNER,정상협의입주 중간라인 주인거주 관리잘되어 깨끗한집,25.04.15,"['25년이내', '방세개', '화장실두개', '고층']",남향,9254717.245240763
경기도,오산시,궐동,제일하이빌,월세,102동,15/20,"2,000/80",89.3,DOC,5월중이사협의 남향 밝고채광좋은집 깔끔깨끗,25.04.12,"['25년이내', '방세개', '화장실두개', '고층']",남향,
경기도,오산시,궐동,제일하이빌,매매,102동,6/20,250000000,89.3,DOC,,25.04.11,"['25년이내', '방세개', '화장실두개', '세대당1대']",동향,9254717.245240763
경기도,오산시,궐동,제일하이빌,매매,102동,2/20,270000000,89.3,OWNER,화장실 주방 수리  전체적으로 시트지교체등 수리 된 집,25.03.24,"['25년이내', '주방교체', '방세개', '화장실두개']",남향,9995094.624860024
경기도,오산시,궐동,태양(주상복합),전세,1동,9/9,550000000000,26.31,DOC,다양한 옵션과 환경으로 편리한 주거 생활,25.03.28,"['15년이내', '소형평수', '탑층', '방한개']",남동향,69106109844.16573
경기도,오산시,궐동,호반써밋라센트,전세,206동,18/21,380000000,137.41,NDOC1,"방4,중문,현관창고,에어컨6,드레스룸,파우더장,주방팬트리,전기오븐,비데1",25.04.17,"['2년이내', '대형평수', '방네개이상', '화장실두개']",남향,9141971.472236374
경기도,오산시,궐동,호반써밋라센트,월세,205동,13/25,"3,000/130",110.6,OWNER,따끈한신축.에어컨5.팬트리.중문.드레스룸.입주협의가능,25.04.18,"['2년이내', '융자금적은', '방세개', '화장실두개']",남서향,
경기도,오산시,궐동,호반써밋라포레,월세,309동,9/20,"5,000/150",130.21,NDOC1,"에어컨5,중문,드레스룸,화장대,냉장고장,주방팬트리,등",25.04.19,"['2년이내', '방네개이상', '화장실두개', '중층']",남향,
경기도,오산시,궐동,호반써밋라포레,매매,309동,4/20,640000000,130.21,MOBL,"실사진,남향,방4,풀옵션,시에어컨6,중문,드레스,붙박이,화장,막힘없는뻥뷰",25.04.18,"['2년이내', '방네개이상', '화장실두개', '세대당1대']",남향,16248386.452653406
경기도,오산시,궐동,호반써밋라포레,매매,309동,15/20,720000000,130.21,OWNER,"완전뻥뷰, 시스템에어컨 FULL, 주방팬트리, 세끼고 매매, 뷰맛집",25.04.17,"['2년이내', '방세개', '화장실두개', '고층']",남향,18279434.759235084
경기도,오산시,궐동,호반써밋라포레,매매,308동,24/25,750000000,130.21,NDOC1,"방4, 정남향, 시원한 시티뷰, 거실 및 주방 폴리싱타일, 풀옵션",25.04.17,"['2년이내', '방네개이상', '화장실두개', '고층']",남향,19041077.874203213
경기도,오산시,궐동,호반써밋라포레,매매,309동,5/20,700000000,130.21,NDOC1,"방4, 정남향, 전면동, 드레스룸, 현관펜트리, 주방펜트리 등 풀옵션",25.04.17,"['2년이내', '방네개이상', '화장실두개', '세대당1대']",남향,17771672.68258966
경기도,오산시,궐동,호반써밋라포레,매매,308동,19/25,690000000,130.21,OWNER,"완전강추,방3 대형팬트리,풀에어컨,폴리싱,현관창고",25.04.16,"['2년이내', '대형평수', '방세개', '화장실두개']",남향,17517791.64426695
경기도,오산시,궐동,호반써밋라포레,매매,307동,17/25,680000000,130.21,NDOC1,"방3,에어컨3,현관팬트리,중문,거실타일,드레스룸,주방팬트리,주방대형팬트리",25.04.15,"['2년이내', '대형평수', '방네개이상', '화장실두개']",남향,17263910.605944242
경기도,오산시,궐동,호반써밋라포레,매매,308동,10/25,660000000,130.21,OWNER,입주2년차 신축.에어컨.펜트리.드레스룸.일자형주방.정남향.물향기수목원옆,25.04.15,"['2년이내', '방세개', '화장실두개', '중층']",남향,16756148.529298825
경기도,오산시,궐동,호반써밋라포레,매매,307동,4/25,670000000,130.21,OWNER,"남향, 방4개, 시스템에어컨5, 주방팬트리, 드레스룸, 현관창고",25.04.14,"['2년이내', '방네개이상', '화장실두개', '세대당1대']",남향,17010029.567621533
경기도,오산시,궐동,호반써밋라포레,매매,308동,2/25,650000000,130.21,NDOC1,"에어컨5,방4개,현관팬트리,중문,드레스룸,바닥타일,줄눈,탄성코트,사생활필",25.04.14,"['2년이내', '방네개이상', '화장실두개', '세대당1대']",남향,16502267.490976116
경기도,오산시,궐동,호반써밋라포레,매매,308동,저/25,655000000,130.21,NDOC1,"방4,에어컨5,현관팬트리,중문,주방팬트리,냉장고장,안방붙박이장,작은방붙박",25.04.19,"['2년이내', '방네개이상', '화장실두개', '세대당1대']",남향,16629208.01013747
경기도,오산시,궐동,호반써밋라포레,매매,307동,저/25,690000000,130.21,NDOC1,"깔끔한 올화이트 인테리어, 각 방 에어컨, 대형펜트리 등 풀옵션",25.04.18,"['2년이내', '대형평수', '방세개', '화장실두개']",남향,17517791.64426695
경기도,오산시,궐동,호반써밋라포레,매매,307동,저/25,640000000,130.21,NDOC1,"방4,에어컨5,현관중문등,입주가능",25.04.17,"['2년이내', '방네개이상', '화장실두개', '세대당1대']",남향,16248386.452653406
경기도,오산시,궐동,호반써밋라포레,매매,309동,7/20,730000000,130.21,OWNER,"방3 대형팬트리,에어컨6,냉장고장,카페장,안방장 화장대,인테리어",25.04.11,"['2년이내', '대형평수', '방세개', '화장실두개']",남향,18533315.797557794
경기도,오산시,궐동,호반써밋라포레,전세,307동,23/25,400000000,130.21,NDOC1,"방3,풀옵션,현관팬트리,중문,주방대형팬트리,냉장고장,에어컨5,드레스룸,파",25.04.10,"['2년이내', '대형평수', '방세개', '화장실두개']",남향,10155241.532908378
경기도,오산시,궐동,호반써밋라포레,월세,307동,23/25,"1억 5,000/100",130.21,NDOC1,"방3,풀옵션,대형팬트리,중문,드레스룸,에어컨5,화장대,냉장고장,등",25.04.10,"['2년이내', '대형평수', '방네개이상', '화장실두개']",남향,
경기도,오산시,궐동,호반써밋라포레,매매,308동,17/25,660000000,130.21,NDOC1,"정남향4Bay, 방4, 시스템에어컨5대, 주방펜트리장, 인덕션",25.04.08,"['2년이내', '방네개이상', '화장실두개', '고층']",남향,16756148.529298825
경기도,오산시,궐동,호반써밋라포레,매매,307동,중/25,720000000,130.21,NDOC1,"올화이트고급인테리어, 방4개, 펜트리, 드레스룸 등 풀옵션",25.04.08,"['2년이내', '방네개이상', '화장실두개', '중층']",남향,18279434.759235084
경기도,오산시,궐동,호반써밋라포레,매매,308동,중/25,650000000,130.21,NDOC1,"방4,에어컨5",25.04.08,"['2년이내', '방네개이상', '화장실두개', '중층']",남향,16502267.490976116
경기도,오산시,궐동,호반써밋라포레,매매,309동,중/20,700000000,130.21,NDOC1,"전면동,방4,에어컨5,현관중문,주방팬트리,냉장고장,드레스룸,화장대,",25.04.08,"['2년이내', '방네개이상', '화장실두개', '중층']",남향,17771672.68258966
경기도,오산시,궐동,호반써밋라포레,매매,309동,10/20,700000000,130.21,NDOC1,"시에,방4개,현관팬트리,중문,드레스룸,냉장고장 풀옵션",25.04.01,"['2년이내', '방네개이상', '화장실두개', '중층']",남향,17771672.68258966
경기도,오산시,궐동,호반써밋라포레,매매,309동,3/20,700000000,130.21,NDOC1,"방4, 에어컨6대, 전면동, 펜트리, 붙박이장 등 수납공간 많음",25.03.29,"['2년이내', '방네개이상', '화장실두개', '세대당1대']",남향,17771672.68258966
경기도,오산시,궐동,호반써밋라포레,매매,309동,중/20,710000000,130.21,OWNER,시에풀.후문입구동.상가이용편리.펜트리.붙박이장.탄성.줄눈.식세기,25.03.31,"['2년이내', '방네개이상', '화장실두개', '중층']",남향,18025553.72091237
경기도,오산시,궐동,호반써밋라포레,매매,304동,10/25,600000000,112.14,NDOC1,"방3,풀옵션,중문,드레스룸,주방대형팬트리,에어컨5,화장대등",25.04.19,"['2년이내', '대형평수', '방네개이상', '화장실두개']",남동향,17687453.1835206
경기도,오산시,궐동,호반써밋라포레,전세,302동,10/25,350000000,112.14,OWNER,"시에어컨4대,아일랜드식탁,주방대형팬트리,현관팬트리,막힘없는뻥뷰,유자무",25.04.19,"['2년이내', '융자금없는', '대형평수', '방네개이상']",남서향,10317681.02372035
경기도,오산시,궐동,호반써밋라포레,매매,301동,1/25,560000000,112.14,OWNER,"Mint, 전면동,아이키우기 좋은 1층, 넓은거실, 에어컨6대",25.04.16,"['2년이내', '1층', '방두개', '화장실두개']",남동향,16508289.63795256
경기도,오산시,궐동,호반써밋라포레,매매,304동,12/25,630000000,112.14,OWNER,"입주가능,풀옵션,방4개,폴리싱거실주방,붙박이장3,실링팬 인테리어굿",25.04.15,"['2년이내', '방네개이상', '화장실두개', '중층']",남서향,18571825.84269663
경기도,오산시,궐동,호반써밋라포레,매매,304동,13/25,605000000,112.14,OWNER,"완전풀옵션,탁트인뷰,시에어컨6,중문,팬트리,드레스,냉장고장,인덕션,아트월",25.04.15,"['2년이내', '방네개이상', '화장실두개', '중층']",남서향,17834848.626716603
경기도,오산시,궐동,호반써밋라포레,매매,302동,4/25,580000000,112.14,OWNER,"급매,시에어컨6,방4,탁트인뷰,드레스,화장대,거실펜트리,현관펜트리",25.04.15,"['2년이내', '급매', '방네개이상', '화장실두개']",남동향,17097871.41073658
경기도,오산시,궐동,호반써밋라포레,매매,302동,15/25,585000000,112.14,OWNER,"뻥조망,시에4,신혼강추,출퇴근 및 등하교 상가이용편리,가격조정가능",25.04.13,"['2년이내', '방네개이상', '화장실두개', '중층']",남서향,17245266.853932586
경기도,오산시,궐동,호반써밋라포레,매매,303동,고/25,580000000,112.14,OWNER,급매 확장. 에어컨 3대. 빠른입주가능. ,25.04.12,"['2년이내', '급매', '방네개이상', '화장실두개']",남서향,17097871.41073658
경기도,오산시,궐동,호반써밋라포레,매매,303동,14/25,620000000,112.14,OWNER,"강추매매, 확트인 정원뷰 방3 대형팬트리, 에어컨5",25.04.02,"['2년이내', '대형평수', '방네개이상', '화장실두개']",남동향,18277034.95630462
경기도,오산시,궐동,호반써밋라포레,매매,302동,15/25,585000000,112.14,NONE,"2년안된 신축,시에4,신혼강추,뻥뷰조망,출퇴근과 상가이용편리한동",25.04.13,"['2년이내', '방네개이상', '화장실두개', '중층']",남서향,17245266.853932586
경기도,오산시,궐동,호반써밋라포레,매매,304동,중/25,620000000,112.14,NONE,시스템에어컨풀.중문.붙박이장등 풀옵션.매 물 접수 받아요~~~,25.03.27,"['2년이내', '방네개이상', '화장실두개', '중층']",남동향,18277034.95630462
경기도,오산시,궐동,호반써밋라포레,월세,306동,25/25,1억/120,99.46,OWNER,"귀한74, 방3 대형팬트리, 에어컨3, 포쉐린, 드레스룸 화장대",25.04.19,"['2년이내', '대형평수', '탑층', '방세개']",남서향,
경기도,오산시,궐동,호반써밋라포레,월세,305동,중/25,"5,000/110",99.46,OWNER,"방2, 넓은 확장형 거실, 주방대형펜트리, 에어컨4대, 중문",25.04.15,"['2년이내', '대형평수', '방두개', '화장실두개']",남향,
경기도,오산시,금암동,꿈에그린더센트럴,매매,1102동,5/25,550000000,154.68,OWNER,"수납공간 많은,관리 잘 된 집입니다.",25.04.18,"['15년이내', '대형평수', '방네개이상', '화장실두개']",남향,11754472.136022758
경기도,오산시,금암동,꿈에그린더센트럴,전세,1102동,18/25,440000000,154.68,OWNER,"즉시입주,시에,도배,조명,인덕션 등 최근 수리된 깨끗한 집입니다.",25.04.17,"['15년이내', '대형평수', '방네개이상', '화장실두개']",남서향,9403577.708818205
경기도,오산시,금암동,꿈에그린더센트럴,매매,1102동,19/25,520000000,154.68,OWNER,"전망 최고,개방감 통풍 여유로운 공간,학교 상권 학원 공원,주차여유",25.04.15,"['15년이내', '대형평수', '방네개이상', '화장실두개']",남동향,11113319.110421514
경기도,오산시,금암동,꿈에그린더센트럴,매매,1102동,8/25,550000000,154.68,OWNER,"편안한조망권,초품아,중심상가",25.04.15,"['15년이내', '대형평수', '방네개이상', '화장실두개']",남동향,11754472.136022758
경기도,오산시,금암동,꿈에그린더센트럴,매매,1102동,21/25,550000000,154.68,OWNER,"인프라 두루 갖춘 명품 단지, 숲세권, 초품아단지",25.04.15,"['15년이내', '대형평수', '방네개이상', '화장실두개']",남서향,11754472.136022758
경기도,오산시,금암동,꿈에그린더센트럴,매매,1102동,고/25,485000000,154.68,MOBL,"초급매,전면동 탁트인고층뷰,주인거주 집상태최상,방4,조정가능",25.04.18,"['15년이내', '급매', '대형평수', '방네개이상']",남서향,10365307.247220067
경기도,오산시,금암동,꿈에그린더센트럴,매매,1103동,3/25,570000000,154.68,OWNER,"입주협의,주차 편리한 단지입니다",25.04.05,"['15년이내', '대형평수', '방네개이상', '화장실두개']",남동향,12181907.486423584
경기도,오산시,금암동,꿈에그린더센트럴,매매,1102동,4/25,600000000,154.68,OWNER,"단지 앞 학교접함, 상가이용편리하고,조용한 단지입니다",25.04.05,"['15년이내', '대형평수', '방네개이상', '화장실두개']",남동향,12823060.512024825
경기도,오산시,금암동,꿈에그린더센트럴,매매,1103동,24/25,550000000,154.68,OWNER,"트인조망,개방감좋음,학교 상권 공원 인접으로 생활 편리함,주차장 여유",25.03.31,"['15년이내', '대형평수', '방네개이상', '화장실두개']",남서향,11754472.136022758
경기도,오산시,금암동,꿈에그린더센트럴,매매,1103동,18/25,600000000,154.68,OWNER,"입주협의, 바닥 빼고 올 인테리어,고인돌 공원 사방 막힘없는 조망.",25.03.28,"['15년이내', '대형평수', '방네개이상', '화장실두개']",남서향,12823060.512024825
경기도,오산시,금암동,꿈에그린더센트럴,전세,1101동,25/25,450000000,154.45,OWNER,"다락있는 탑층, 46 ,4베이 판상형, 입주협의,LED등 교체됨",25.04.18,"['15년이내', '대형평수', '탑층', '방네개이상']",남서향,9631617.028164456
경기도,오산시,금암동,꿈에그린더센트럴,매매,1101동,2/25,515000000,154.45,OWNER,"46P, 4베이구조, 중문설치, 입주협의",25.04.15,"['15년이내', '대형평수', '방네개이상', '화장실두개']",남서향,11022850.598899322
경기도,오산시,금암동,꿈에그린더센트럴,매매,1101동,14/25,520000000,154.45,OWNER,"인테리어,관리 잘 된,단지 앞 초등학교입니다.",25.04.12,"['15년이내', '대형평수', '방네개이상', '화장실두개']",남동향,11129868.565878926
경기도,오산시,금암동,꿈에그린더센트럴,매매,1101동,4/25,550000000,154.45,OWNER,"입주협의, 단지 앞 초등학교,주차 편리한 조용한 단지입니다.",25.04.12,"['15년이내', '대형평수', '방네개이상', '화장실두개']",남동향,11771976.367756559
경기도,오산시,금암동,꿈에그린더센트럴,매매,1101동,12/25,550000000,154.45,OWNER,"입주협의,사방으로 막힘없는 단지입니다.",25.04.08,"['15년이내', '대형평수', '방네개이상', '화장실두개']",남서향,11771976.367756559
경기도,오산시,금암동,꿈에그린더센트럴,매매,1101동,8/25,550000000,154.45,OWNER,"입주협의,주차 편리하고 아이들 키우기 좋은 단지입니다.",25.04.05,"['15년이내', '대형평수', '방네개이상', '화장실두개']",남동향,11771976.367756559
경기도,오산시,금암동,꿈에그린더센트럴,매매,1101동,15/25,600000000,154.45,OWNER,"막힘없는 뷰,주차편리하고 조용한 단지입니다.",25.04.05,"['15년이내', '대형평수', '방네개이상', '화장실두개']",남서향,12842156.037552608
경기도,오산시,금암동,꿈에그린더센트럴,매매,1101동,중/25,600000000,154.45,OWNER,"입주협의, 주차,상가 이용 편리한 단지입니다.",25.04.05,"['15년이내', '대형평수', '방네개이상', '화장실두개']",남동향,12842156.037552608
경기도,오산시,금암동,꿈에그린더센트럴,매매,1101동,25/25,650000000,154.45,OWNER,"46펑 귀한 탑층, 채광좋은 남서향,판상형,학교앞동",25.03.29,"['15년이내', '대형평수', '탑층', '방네개이상']",남서향,13912335.70734866
경기도,오산시,금암동,꿈에그린더센트럴,매매,1103동,1/25,450000000,126.8,OWNER,"세안고매매 인테리어되어있는집 0연중,무휴0TEL 376 26공공",25.04.19,"['15년이내', '1층', '방세개', '화장실두개']",남동향,11731886.829652997
경기도,오산시,금암동,꿈에그린더센트럴,매매,1101동,1/25,395000000,126.8,OWNER,"귀한1층,초중고 가까운동,주인거주,입주협의,집상태 깔끔해요",25.04.18,"['15년이내', '1층', '방세개', '화장실두개']",남서향,10297989.550473187
경기도,오산시,금암동,꿈에그린더센트럴,매매,1103동,18/25,500000000,126.8,OWNER,"고인돌 공원 영구조망,주차 편리한 조용한 단지입니다.",25.04.17,"['15년이내', '방세개', '화장실두개', '고층']",남서향,13035429.810725553
경기도,오산시,금암동,꿈에그린더센트럴,매매,1103동,10/25,450000000,126.8,OWNER,탁트인전망.상가가까운동.학세권.주인거주.,25.04.17,"['15년이내', '방세개', '화장실두개', '중층']",남동향,11731886.829652997
경기도,오산시,금암동,꿈에그린더센트럴,매매,1103동,20/25,450000000,126.8,OWNER,"확 트인 조망,초등학교 접한 조용한 단지입니다.",25.04.15,"['15년이내', '방세개', '화장실두개', '고층']",남동향,11731886.829652997
경기도,오산시,금암동,꿈에그린더센트럴,매매,1103동,2/25,450000000,126.8,OWNER,"입주협의,주차,상가 이용 편리한 단지입니다.",25.04.12,"['15년이내', '방세개', '화장실두개', '세대당 1.5대이상']",남서향,11731886.829652997
경기도,오산시,금암동,꿈에그린더센트럴,전세,1101동,1/25,300000000,126.8,OWNER,귀한 필로티1층.아이들에겐 천국입니다. 부분인테리어.냉장고박스확장.,25.04.11,"['15년이내', '융자금없는', '1층', '필로티']",남서향,7821257.886435333
경기도,오산시,금암동,꿈에그린더센트럴,매매,1101동,11/25,430000000,126.8,OWNER,"금액 협의 가능,즉시 입주 가능한 관리 잘 되어 있는 집입니다.",25.04.10,"['15년이내', '방세개', '화장실두개', '중층']",남동향,11210469.637223976
경기도,오산시,금암동,꿈에그린더센트럴,매매,1101동,3/25,450000000,126.8,OWNER,"입주협의, 막힘없는 조망,단지앞 학교접함.",25.04.08,"['15년이내', '방세개', '화장실두개', '세대당 1.5대이상']",남동향,11731886.829652997
경기도,오산시,금암동,꿈에그린더센트럴,매매,1101동,6/25,500000000,126.8,OWNER,깔끔하게 관리된세대.중문.도배.등공사.막힘없는 밝은집.,25.04.08,"['15년이내', '방세개', '화장실두개', '세대당 1.5대이상']",남서향,13035429.810725553
경기도,오산시,금암동,꿈에그린더센트럴,매매,1102동,24/25,480000000,126.8,OWNER,주인거주로 관리 잘 되어 있는 집입니다.,25.04.05,"['15년이내', '방세개', '화장실두개', '고층']",남동향,12514012.61829653
경기도,오산시,금암동,꿈에그린더센트럴,매매,1102동,5/25,450000000,126.8,OWNER,"입주협의,주인거주중,주차,상가 이용 편리한 단지입니다.",25.04.01,"['15년이내', '방세개', '화장실두개', '세대당 1.5대이상']",남서향,11731886.829652997
경기도,오산시,금암동,꿈에그린더센트럴,매매,1101동,저/25,450000000,126.8,DOC,"주인거주 관리 잘됨, 협의 가능, 숲뷰, 지대 높음, 정문가까움",25.04.09,"['15년이내', '방세개', '화장실두개', '세대당 1.5대이상']",남동향,11731886.829652997
경기도,오산시,금암동,꿈에그린더센트럴,매매,1101동,저/25,430000000,126.8,NONE,"협의, 즉시입주, 뷰좋음",25.04.13,"['15년이내', '방세개', '화장실두개', '세대당 1.5대이상']",남서향,11210469.637223976
경기도,오산시,금암동,세교데시앙포레,매매,607동,7/20,530000000,154.69,OWNER,"인테리어,남향집, 넘 좋아요",25.04.18,"['15년이내', '대단지', '대형평수', '방네개이상']",남향,11326304.544573018
경기도,오산시,금암동,세교데시앙포레,매매,605동,12/20,470000000,154.69,OWNER,주인거주로 관리가 잘되어있어요 날짜협의 선호도높은 판상형4베이 남향,25.04.17,"['15년이내', '대단지', '대형평수', '방네개이상']",남서향,10044081.38858362
경기도,오산시,금암동,세교데시앙포레,매매,602동,13/20,480000000,154.69,OWNER,,25.04.17,"['15년이내', '대단지', '대형평수', '방네개이상']",남서향,10257785.247915186
경기도,오산시,금암동,세교데시앙포레,전세,602동,13/20,390000000,154.69,OWNER,"빠른입주가능 집상태 완전깔끔,초중고도보10분,고인돌공원 여계산등산로 입구",25.04.14,"['15년이내', '대단지', '대형평수', '방네개이상']",남서향,8334450.513931088
경기도,오산시,금암동,세교데시앙포레,매매,611동,4/15,550000000,154.69,OWNER,"올리모델링 집상태 완전깔끔,초중고도보10분,고인돌공원 여가생활굿",25.04.14,"['15년이내', '대단지', '대형평수', '방네개이상']",남동향,11753712.26323615
경기도,오산시,금암동,세교데시앙포레,매매,601동,7/20,470000000,154.69,OWNER,"빠른입주가능.판상형,주출입구동,주차편리,",25.04.12,"['15년이내', '대단지', '대형평수', '방네개이상']",남서향,10044081.38858362
경기도,오산시,금암동,세교데시앙포레,전세,615동,6/15,400000000,154.69,OWNER,"46펑, 전세,입주청소해드립니다. 4베이 판상형구조, 남향이라 따",25.04.11,"['15년이내', '대단지', '대형평수', '방네개이상']",남향,8548154.373262655
경기도,오산시,금암동,세교데시앙포레,매매,607동,17/20,530000000,154.69,OWNER,완벽인테리어 주인거주로 관리가 잘되어있어요 날짜협의,25.04.10,"['15년이내', '대단지', '대형평수', '방네개이상']",남향,11326304.544573018
경기도,오산시,금암동,세교데시앙포레,매매,605동,1/20,450000000,154.69,OWNER,"1층, 46펑, 마음 편하게 아이 키우시고 싶은분, 주차도 편리",25.04.09,"['15년이내', '대단지', '1층', '대형평수']",남동향,9616673.669920485
경기도,오산시,금암동,세교데시앙포레,전세,611동,4/15,400000000,154.69,OWNER,"올 리모델링 후 주인거주 컨디션 좋아요. 판상형, 전세 매매 가능",25.04.09,"['15년이내', '대단지', '화장실두개', '대형평수']",남동향,8548154.373262655
경기도,오산시,금암동,세교데시앙포레,매매,605동,18/20,470000000,154.69,OWNER,일조량 좋은집이며 주인거주로 입주협의 함.,25.04.07,"['15년이내', '대단지', '대형평수', '방네개이상']",남서향,10044081.38858362
경기도,오산시,금암동,세교데시앙포레,매매,601동,5/20,460000000,154.69,OWNER,전면동 타워형 일조권과 뷰 모두 만족 매매후 3개월시간필요해요,25.04.05,"['15년이내', '대단지', '대형평수', '방네개이상']",남동향,9830377.529252052
경기도,오산시,금암동,세교데시앙포레,매매,602동,19/20,460000000,154.69,OWNER,"전면동으로 일조권.조망최고,입주날짜 조정가, 시스템에어컨설치.",25.04.04,"['15년이내', '대단지', '대형평수', '방네개이상']",남동향,9830377.529252052
경기도,오산시,금암동,세교데시앙포레,전세,605동,저/20,350000000,154.69,OWNER,,25.04.08,"['15년이내', '융자금적은', '대단지', '대형평수']",남동향,7479635.076604823
경기도,오산시,금암동,세교데시앙포레,매매,608동,4/20,460000000,154.69,OWNER,"깨끗,주차편리,산뷰가 예뻐요,조용하고 쾌적함",25.04.01,"['15년이내', '대단지', '대형평수', '방네개이상']",남향,9830377.529252052
경기도,오산시,금암동,세교데시앙포레,매매,614동,1/15,480000000,154.69,OWNER,빠른입주가.방과방을 확장해서 방3.귀한 판상형 필로티1층 .일조권 굿.,25.03.31,"['15년이내', '대단지', '1층', '필로티']",남향,10257785.247915186
경기도,오산시,금암동,세교데시앙포레,매매,608동,2/20,460000000,154.69,OWNER,저층이지만숲전망 일조권과 뷰 모두 좋아요 전면동 차량2대무료 상태양호,25.03.29,"['15년이내', '대단지', '대형평수', '방네개이상']",남서향,9830377.529252052
경기도,오산시,금암동,세교데시앙포레,매매,607동,중/20,450000000,154.69,NONE, 급매.판상형,25.04.07,"['15년이내', '대단지', '급매', '대형평수']",남향,9616673.669920485
경기도,오산시,금암동,세교데시앙포레,전세,602동,13/20,390000000,154.69,NONE, 빠른입주 가능,25.04.05,"['15년이내', '대단지', '대형평수', '방네개이상']",남서향,8334450.513931088
경기도,오산시,금암동,세교데시앙포레,전세,605동,저/20,370000000,154.69,NONE,이사일협의가능,25.04.03,"['15년이내', '융자금없는', '대단지', '대형평수']",남동향,7907042.795267956
경기도,오산시,금암동,세교데시앙포레,매매,604동,4/20,490000000,154.69,NONE," 판상형.집상태굿,지하2층까지 주차있어 주차편리",25.03.31,"['15년이내', '대단지', '대형평수', '방네개이상']",남향,10471489.107246753
경기도,오산시,금암동,세교데시앙포레,매매,602동,13/20,480000000,154.69,NONE,전면동으로 전망굿 1.75대일주차로 주차편리,25.03.31,"['15년이내', '대단지', '대형평수', '방네개이상']",남서향,10257785.247915186
경기도,오산시,금암동,세교데시앙포레,매매,604동,고/20,550000000,154.68,NONE,"두세대가능구조, 집상태굿,다락방",25.03.31,"['15년이내', '대단지', '대형평수', '방네개이상']",남동향,11754472.136022758
경기도,오산시,금암동,세교데시앙포레,매매,613동,18/20,450000000,154.61,OWNER,"전망굿,주출입구동으로 진출입용이,최고의 전망",25.04.19,"['15년이내', '대단지', '대형평수', '방네개이상']",남동향,9621649.634564389
경기도,오산시,금암동,세교데시앙포레,매매,603동,19/20,480000000,154.61,OWNER,전면동의 확실한 뷰. 3년전 도배.등교체.결로방지 페인트처리.,25.04.18,"['15년이내', '대단지', '대형평수', '방네개이상']",남동향,10263092.943535347
경기도,오산시,금암동,세교데시앙포레,매매,603동,20/20,500000000,154.61,OWNER,"탑층 다락, 전면동 조망, 인테리어",25.04.18,"['15년이내', '대단지', '대형평수', '탑층']",남동향,10690721.816182652
경기도,오산시,금암동,세교데시앙포레,매매,616동,7/20,460000000,154.61,OWNER,,25.04.17,"['15년이내', '대단지', '대형평수', '방네개이상']",남동향,9835464.07088804
경기도,오산시,금암동,세교데시앙포레,매매,604동,4/20,460000000,154.61,OWNER,내년입주하실분 아늑한 전망나오고 차량2대무료주차,25.04.16,"['15년이내', '대단지', '대형평수', '방네개이상']",남동향,9835464.07088804
경기도,오산시,금암동,세교데시앙포레,전세,603동,20/20,380000000,154.61,OWNER,,25.04.15,"['15년이내', '대단지', '대형평수', '탑층']",남동향,8124948.580298816
경기도,오산시,금암동,세교데시앙포레,매매,613동,14/20,460000000,154.61,OWNER,,25.04.14,"['15년이내', '대단지', '대형평수', '방네개이상']",남동향,9835464.07088804
경기도,오산시,금암동,세교데시앙포레,매매,607동,10/20,460000000,154.61,OWNER,전망좋은 뷰맛집 세교3지구수혜단지 넉넉한주차,25.04.10,"['15년이내', '대단지', '대형평수', '방네개이상']",남향,9835464.07088804
경기도,오산시,금암동,세교데시앙포레,매매,616동,6/20,500000000,154.61,OWNER,중앙광장동 타워형 정문뷰 인테리어조금,25.04.02,"['15년이내', '대단지', '대형평수', '방네개이상']",남동향,10690721.816182652
경기도,오산시,금암동,세교데시앙포레,매매,603동,8/20,460000000,154.61,OWNER,전면동 일조권 뷰 모두 만족한동,25.03.29,"['15년이내', '대단지', '대형평수', '방네개이상']",남동향,9835464.07088804
경기도,오산시,금암동,세교데시앙포레,매매,603동,19/20,480000000,154.61,NONE,"전면동으로 확 트인 뷰, 관리 잘 된 깔끔한 집,",25.03.26,"['15년이내', '대단지', '대형평수', '방네개이상']",남동향,10263092.943535347
경기도,오산시,금암동,세교데시앙포레,매매,610동,4/20,400000000,127.08,OWNER,아주 조용한 동 찾으시는 분 모던한 주방 넓은주방 학교상가인접동,25.04.17,"['15년이내', '대단지', '방세개', '화장실두개']",남서향,10405366.698142903
경기도,오산시,금암동,세교데시앙포레,매매,609동,20/20,460000000,127.08,OWNER,"다락방, 산조망 완전 좋아요. 세끼고",25.04.15,"['15년이내', '대단지', '탑층', '방세개']",남서향,11966171.702864338
경기도,오산시,금암동,세교데시앙포레,매매,609동,고/20,400000000,127.08,NONE,ㄷ자형구조로 아이케어하기 좋은구조.주차비2대무상.8천만원으로 내집마련,25.04.07,"['15년이내', '대단지', '방세개', '화장실두개']",남동향,10405366.698142903
경기도,오산시,금암동,세교데시앙포레,매매,609동,고/20,440000000,127.08,NONE,ㄷ자형구조로 아이케어하기 좋은구조.다락방있고 조용하고 쾌적한동,25.04.03,"['15년이내', '대단지', '방세개', '화장실두개']",남동향,11445903.367957193
경기도,오산시,금암동,세교데시앙포레,매매,609동,1/20,450000000,127.08,NONE,"풀인테리어,오븐.인덕션.방범창등등 아이있는분 추천",25.03.31,"['15년이내', '대단지', '1층', '방세개']",남동향,11706037.535410766
경기도,오산시,금암동,세교데시앙포레,매매,606동,13/20,400000000,127.06,OWNER,공장라인뷰.조용하고 쾌척한동,25.04.19,"['15년이내', '대단지', '방세개', '화장실두개']",남동향,10407004.564772548
경기도,오산시,금암동,세교데시앙포레,매매,616동,6/20,410000000,127.06,OWNER,"중앙공원 조망권, 눈높이 편안한 집이에요",25.04.17,"['15년이내', '대단지', '방세개', '화장실두개']",남동향,10667179.678891862
경기도,오산시,금암동,세교데시앙포레,매매,616동,15/20,410000000,127.06,OWNER,중앙광장동 남서향으로 햇살풍부 집 깨끗,25.04.16,"['15년이내', '대단지', '방세개', '화장실두개']",남서향,10667179.678891862
경기도,오산시,금암동,세교데시앙포레,전세,616동,15/20,300000000,127.06,OWNER,중앙광장동 판상형4베이,25.04.16,"['15년이내', '융자금없는', '대단지', '방세개']",남서향,7805253.4235794125
경기도,오산시,금암동,세교데시앙포레,매매,601동,고/20,430000000,127.06,OWNER,급 RR  추천매물   확트인  뻥뷰   귀한전면동   38P  즉시입주,25.04.17,"['15년이내', '대단지', '방세개', '화장실두개']",남동향,11187529.90713049
경기도,오산시,금암동,세교데시앙포레,매매,612동,14/20,410000000,127.06,OWNER,광장라인뷰 판상형이며 지하주차장2층까지 있어 주차편리 2대까지무상,25.04.05,"['15년이내', '대단지', '방세개', '화장실두개']",남동향,10667179.678891862
경기도,오산시,금암동,세교데시앙포레,매매,610동,저/20,410000000,127.06,NONE,1.75대일로 주차편리.단지옆초등중학교있음,25.04.03,"['15년이내', '대단지', '방세개', '화장실두개']",남동향,10667179.678891862
경기도,오산시,금암동,세교데시앙포레,매매,616동,13/20,400000000,127.05,OWNER,"급매,정상입주가능,탁트인뷰,집상태깨끗,에어컨",25.04.18,"['15년이내', '대단지', '급매', '방세개']",남동향,10407823.691460056
경기도,오산시,금암동,세교데시앙포레,매매,617동,14/20,420000000,127.05,MOBL,전면동o타워형o따뜻하고햇살잘들어와요o매.물.접.수.받.아.요,25.04.11,"['15년이내', '대단지', '방세개', '화장실두개']",남향,10928214.876033058
경기도,오산시,금암동,세교데시앙포레,매매,612동,5/20,460000000,127.05,OWNER,"올 인테리어 된 집, 판상형, 입주협의",25.04.11,"['15년이내', '대단지', '방세개', '화장실두개']",남동향,11968997.245179065
경기도,오산시,금암동,세교데시앙포레,매매,617동,16/20,400000000,127.05,OWNER,"전면동 남향임,뻥뚫린뷰,깨끗,협의입주",25.04.09,"['15년이내', '대단지', '방세개', '화장실두개']",남서향,10407823.691460056
경기도,오산시,금암동,세교데시앙포레,전세,613동,9/20,300000000,127.05,OWNER,이사일협의 타워형 집상태양호 중앙광장뷰 해 잘들고 밝아요,25.04.08,"['15년이내', '대단지', '방세개', '화장실두개']",남서향,7805867.768595043
경기도,오산시,금암동,세교데시앙포레,전세,610동,12/20,310000000,127.05,OWNER,"신학기 이사가능 타워형으로 따뜻,조정가능,도배.led 집상태굿",25.04.08,"['15년이내', '대단지', '방세개', '화장실두개']",남동향,8066063.360881544
경기도,오산시,금암동,세교데시앙포레,매매,609동,고/20,400000000,127.05,OWNER,"신학기 이사가능 타워형으로 따뜻,조정가능",25.03.31,"['15년이내', '대단지', '방세개', '화장실두개']",남서향,10407823.691460056
경기도,오산시,금암동,세교데시앙포레,매매,609동,중/20,470000000,127.05,NONE,1.초.중.고 인접 2.풍수가 좋은 집 3.여계산.공원인접 4.강남버스,25.04.11,"['15년이내', '대단지', '방세개', '화장실두개']",남동향,12229192.837465566
경기도,오산시,금암동,세교데시앙포레,매매,606동,12/20,395000000,126.98,OWNER,"아늑한 광장뷰굿 고인돌공원,여계산등산로 입구 오산세교지구 유일 사우나시설",25.04.19,"['15년이내', '대단지', '방세개', '화장실두개']",남동향,10283391.675854467
경기도,오산시,금암동,세교데시앙포레,매매,606동,11/20,400000000,126.98,OWNER,고인돌 공원 등 생태숲세권 문시초. 중학교  광장동 일조량 좋고 깔끔,25.04.19,"['15년이내', '대단지', '방세개', '화장실두개']",남동향,10413561.1907387
경기도,오산시,금암동,세교데시앙포레,전세,602동,17/20,320000000,126.98,OWNER,빠른입주가능 전면동 일조권 뷰 만족 차량2대무료주차,25.04.15,"['15년이내', '대단지', '방세개', '화장실두개']",남동향,8330848.952590959
경기도,오산시,금암동,세교데시앙포레,매매,601동,10/20,400000000,126.98,OWNER,"뻥뷰,후문인접,상권이용편리,주차편리,집상태굿,날짜협의",25.04.14,"['15년이내', '대단지', '방세개', '화장실두개']",남동향,10413561.1907387
경기도,오산시,금암동,세교데시앙포레,매매,602동,고/20,430000000,126.98,OWNER,"입주협의,중문 줄눈 초중고 도보10분,고인돌공원, 여계산등산로 여가생활",25.04.14,"['15년이내', '대단지', '방세개', '화장실두개']",남동향,11194578.280044101
경기도,오산시,금암동,세교데시앙포레,매매,601동,10/20,400000000,126.98,NONE,전면동으로 전망굿 최고의동.층,25.03.31,"['15년이내', '대단지', '방세개', '화장실두개']",남동향,10413561.1907387
경기도,오산시,금암동,세교서희스타힐스,매매,1207동,12/16,380000000,109.69,OWNER,판상형구조.상권 굿.편의시설 너무좋아요. 학세권입니다.,25.04.19,"['15년이내', '방세개', '화장실두개', '고층']",남동향,11452259.093809828
경기도,오산시,금암동,세교서희스타힐스,매매,1207동,1/16,360000000,109.69,OWNER,"층간소음 걱정없이 자녀 키우기 좋은 귀한1층,세안고,맞통풍 햇볕 잘듬",25.03.31,"['15년이내', '1층', '방세개', '화장실두개']",남동향,10849508.615188258
경기도,오산시,금암동,세교서희스타힐스,매매,1207동,고/16,380000000,109.69,OWNER,"거실장,바닥 데코타일 수리,주인거주 관리 잘 된집,통풍 일광 좋아요",25.03.31,"['15년이내', '방세개', '화장실두개', '고층']",남동향,11452259.093809828
경기도,오산시,금암동,세교서희스타힐스,매매,1204동,1/12,370000000,109.58,OWNER,"1층 전면동, 아이들과 어른 모두 마음 편해요. 빠른입주 가능.",25.04.11,"['15년이내', '1층', '방세개', '화장실두개']",남동향,11162077.477641905
경기도,오산시,금암동,세교서희스타힐스,매매,1206동,2/14,355000000,109.58,OWNER,"맞통풍 판상형구조,상가,공원인접,잘관리된집",25.04.10,"['15년이내', '방세개', '화장실두개', '세대당1대']",남동향,10709560.823142909
경기도,오산시,금암동,세교서희스타힐스,매매,1206동,9/14,395000000,109.58,OWNER,"입주협의,학교,상가 접한 단지",25.03.29,"['15년이내', '방세개', '화장실두개', '중층']",남향,11916271.901806898
경기도,오산시,금암동,세교서희스타힐스,매매,1206동,1/14,350000000,109.58,NDOC1,,25.03.28,"['15년이내', '1층', '방세개', '화장실두개']",남향,10558721.938309912
경기도,오산시,금암동,세교서희스타힐스,매매,1201동,8/18,355000000,109.57,OWNER,"빠른입주 급매,전망 채광 좋음,학교 상권 공원 다갖춤",25.04.16,"['15년이내', '급매', '방세개', '화장실두개']",남서향,10710538.24039427
경기도,오산시,금암동,세교서희스타힐스,매매,1202동,17/18,359000000,109.57,OWNER,"시원한조망,일조권 최고, 매우깔끔 ,즉시입주",25.04.09,"['15년이내', '방세개', '화장실두개', '고층']",남동향,10831220.361412797
경기도,오산시,금암동,세교서희스타힐스,매매,1202동,8/18,360000000,109.38,OWNER,"33펑 급매, 전면동의 트인뷰, 빠른입주,상가, 관공서 이용편리한동",25.04.19,"['15년이내', '급매', '방세개', '화장실두개']",남동향,10880257.81678552
경기도,오산시,금암동,세교서희스타힐스,매매,1202동,18/18,500000000,109.38,OWNER,"탑층, 세안고,부분인테리어 되어 깨끗, 넓은 다락과 테라스 채광 우수",25.04.16,"['15년이내', '테라스', '탑층', '방세개']",남서향,15111469.189979888
경기도,오산시,금암동,세교서희스타힐스,매매,1201동,8/18,370000000,109.38,OWNER,"급매,빠른입주,LED전등 교체, 개방감 채광 좋음,깨끗하게 관리된집",25.04.15,"['15년이내', '급매', '방세개', '화장실두개']",남서향,11182487.200585118
경기도,오산시,금암동,세교서희스타힐스,매매,1201동,저/18,380000000,109.38,OWNER,"학교바로 앞동 2분거리, 도배, 장판, 전등교체됨.4월말 이후 입주",25.04.16,"['15년이내', '방세개', '화장실두개', '세대당1대']",남동향,11484716.584384715
경기도,오산시,금암동,세교서희스타힐스,매매,1201동,8/18,395000000,109.38,NDOC1,,25.03.28,"['15년이내', '방세개', '화장실두개', '중층']",남동향,11938060.660084112
경기도,오산시,금암동,세교서희스타힐스,매매,1202동,10/18,380000000,109.38,OWNER,"빠른입주 가능,  확트인 시원한 뷰, 남동향",25.03.27,"['15년이내', '방세개', '화장실두개', '중층']",남동향,11484716.584384715
경기도,오산시,금암동,세교서희스타힐스,매매,1201동,6/18,375000000,109.38,OWNER,"빠른입주,구조 좋고 관리 잘된집, 개방감 채광 좋음,학교 교통 최고",25.03.24,"['15년이내', '방세개', '화장실두개', '세대당1대']",남서향,11333601.892484916
경기도,오산시,금암동,세교서희스타힐스,매매,1201동,저/18,382000000,109.38,NDOC1,,25.03.24,"['15년이내', '방세개', '화장실두개', '세대당1대']",남동향,11545162.461144634
경기도,오산시,금암동,세교서희스타힐스,매매,1208동,8/16,328000000,96.56,OWNER,"급매,주인거주 관리 잘된집,학교 상권 공원 다갖춘 입지",25.04.11,"['15년이내', '급매', '방세개', '화장실두개']",남향,11229261.391880697
경기도,오산시,금암동,세교서희스타힐스,매매,1208동,12/16,340000000,96.56,OWNER,"늦은입주,수리되어 깨끗, 뻥뚫린 전망이 아주 좋아요,",25.04.05,"['15년이내', '방세개', '화장실두개', '고층']",남향,11640088.028169014
경기도,오산시,금암동,세교서희스타힐스,매매,1205동,8/17,335000000,96.56,OWNER,"아늑하고 조용한 중간동, 학교 상권 공원 다갖춘곳",25.04.05,"['15년이내', '방세개', '화장실두개', '중층']",남향,11468910.263048882
경기도,오산시,금암동,세교서희스타힐스,매매,1205동,고/17,345000000,96.42,OWNER,"앞트이고 뷰 좋아요,구조 좋은  A타입,학교 공원,상권,다갖춘 입지",25.04.01,"['15년이내', '방세개', '화장실두개', '고층']",남서향,11828415.525824517
경기도,오산시,금암동,세교센트럴파크,매매,501동,4/15,365000000,108.31,OWNER,"문시초 인접, 매우깔끔, 막힘없는 전면동",25.04.18,"['25년이내', '방세개', '화장실두개', '세대당1대']",남향,11140351.998892069
경기도,오산시,금암동,세교센트럴파크,매매,511동,4/17,360000000,108.31,OWNER,"씽크대교체,남향으로 매우깨끗한집",25.04.18,"['25년이내', '방세개', '화장실두개', '세대당1대']",남향,10987744.43726341
경기도,오산시,금암동,세교센트럴파크,매매,511동,11/17,375000000,108.31,OWNER,"중간라인,입주협의,남향,부분수리됨,매우깨끗",25.04.18,"['25년이내', '방세개', '화장실두개', '중층']",남향,11445567.122149386
경기도,오산시,금암동,세교센트럴파크,매매,514동,12/16,390000000,108.31,OWNER,"26.1월,남향집으로 깨끗하며 따뜻한집,교통편리",25.04.17,"['25년이내', '방세개', '화장실두개', '고층']",남향,11903389.807035362
경기도,오산시,금암동,세교센트럴파크,매매,502동,2/16,400000000,108.31,OWNER,"씽크대교체,엘이디등,깨끗,전면동이라 햇빛 잘 들어오고 따뜻한 집입니다",25.04.17,"['25년이내', '방세개', '화장실두개', '세대당1대']",남향,12208604.930292679
경기도,오산시,금암동,세교센트럴파크,매매,510동,3/15,370000000,108.31,OWNER,"남향이라 따뜻한 집, 중문설치, 거실화장실 리모델링, 슬세권",25.04.17,"['25년이내', '화장실두개', '방세개', '세대당1대']",남향,11292959.560520727
경기도,오산시,금암동,세교센트럴파크,매매,508동,11/12,370000000,108.31,OWNER,"트인전망,초중인접,교통편리,밝은집",25.04.15,"['25년이내', '방세개', '화장실두개', '고층']",남동향,11292959.560520727
경기도,오산시,금암동,세교센트럴파크,매매,510동,14/15,380000000,108.31,OWNER,"상가인접동, 남향집, 입주협의",25.04.15,"['25년이내', '방세개', '화장실두개', '고층']",남향,11598174.683778046
경기도,오산시,금암동,세교센트럴파크,매매,511동,11/17,400000000,108.31,OWNER,"상가 초인접, 일조량 풍부, 깔끔",25.04.15,"['25년이내', '방세개', '화장실두개', '중층']",남향,12208604.930292679
경기도,오산시,금암동,세교센트럴파크,매매,502동,4/16,400000000,108.31,OWNER,"앞동으로 트인전망,전세안고,올수리되어깨끗",25.04.15,"['25년이내', '올수리', '방세개', '화장실두개']",남향,12208604.930292679
경기도,오산시,금암동,세교센트럴파크,매매,509동,10/12,390000000,108.31,OWNER,"주인거주,판상형,일조량굿,입주협의",25.04.15,"['25년이내', '방세개', '화장실두개', '고층']",남동향,11903389.807035362
경기도,오산시,금암동,세교센트럴파크,매매,511동,9/17,365000000,108.31,OWNER,"급매,주인거주,남향으로 매우깨끗한집 맞통풍구조",25.04.14,"['25년이내', '급매', '방세개', '화장실두개']",남향,11140351.998892069
경기도,오산시,금암동,세교센트럴파크,매매,512동,15/16,400000000,108.31,OWNER,,25.04.11,"['25년이내', '방세개', '화장실두개', '고층']",남향,12208604.930292679
경기도,오산시,금암동,세교센트럴파크,매매,511동,5/17,380000000,108.31,OWNER,"세안고,남향으로 매우깨끗한집",25.04.11,"['25년이내', '방세개', '화장실두개', '세대당1대']",남향,11598174.683778046
경기도,오산시,금암동,세교센트럴파크,매매,511동,5/17,375000000,108.31,OWNER,"채광좋은확장형,중문 붙박이장,중심상가 공원 학교 인접,빠른입주",25.04.11,"['25년이내', '방세개', '화장실두개', '세대당1대']",남향,11445567.122149386
경기도,오산시,금암동,세교센트럴파크,매매,509동,7/12,390000000,108.31,OWNER,"화이트톤. 씽크대 교체.일조량 좋음 ,가운데라인  깔끔.입주협의가능",25.04.10,"['25년이내', '방세개', '화장실두개', '중층']",남향,11903389.807035362
경기도,오산시,금암동,세교센트럴파크,매매,514동,4/16,370000000,108.31,OWNER,"정남향, 깔끔, 입주협의.",25.04.10,"['25년이내', '방세개', '화장실두개', '세대당1대']",남향,11292959.560520727
경기도,오산시,금암동,세교센트럴파크,매매,508동,12/12,450000000,108.31,OWNER,"다락방있는 탑층으로 전망좋아요, 입주협의됨",25.04.10,"['25년이내', '탑층', '방세개', '화장실두개']",남동향,13734680.546579264
경기도,오산시,금암동,세교센트럴파크,매매,511동,9/17,400000000,108.31,OWNER,"정남향으로 따뜻하고 해가 잘들어옵니다,깨끗",25.04.10,"['25년이내', '방세개', '화장실두개', '중층']",남향,12208604.930292679
경기도,오산시,금암동,세교센트럴파크,매매,502동,13/16,410000000,108.31,OWNER,"귀한 전면동, 로얄동 로얄층 개방감 좋은 판상형 32B",25.04.10,"['25년이내', '방세개', '화장실두개', '고층']",남향,12513820.053549996
경기도,오산시,금암동,세교센트럴파크,매매,502동,1/16,400000000,108.31,OWNER,"필로티1층,아이들이 놀수 있는 넓은앞마당,앞트인전망,",25.04.09,"['25년이내', '마당', '1층', '필로티']",남향,12208604.930292679
경기도,오산시,금암동,세교센트럴파크,매매,508동,6/12,380000000,108.31,OWNER,세끼고 매매.도배.장판.LED등교체.붙박이장.공원.상가.학교등 이용편리,25.04.09,"['25년이내', '방세개', '화장실두개', '중층']",남동향,11598174.683778046
경기도,오산시,금암동,세교센트럴파크,매매,502동,8/16,420000000,108.31,OWNER,"특올수리,트인전망,매우깨끗,5월중순이후로",25.04.08,"['25년이내', '올수리', '방세개', '화장실두개']",남향,12819035.176807312
경기도,오산시,금암동,세교센트럴파크,매매,512동,7/16,380000000,108.31,OWNER,"남향으로,교통 학군최고,공원,상가인접해서 편리함",25.04.08,"['25년이내', '방세개', '화장실두개', '중층']",남향,11598174.683778046
경기도,오산시,금암동,세교센트럴파크,매매,512동,13/16,450000000,108.31,OWNER,"인테리어 완, 남향집, 입주협의",25.04.08,"['25년이내', '방세개', '화장실두개', '고층']",남향,13734680.546579264
경기도,오산시,금암동,세교센트럴파크,매매,510동,10/15,380000000,108.31,OWNER,"따뜻하고 깨끗한집,집주인거주,상가인접해서 편리함",25.04.07,"['25년이내', '방세개', '화장실두개', '중층']",남동향,11598174.683778046
경기도,오산시,금암동,세교센트럴파크,매매,501동,10/15,410000000,108.31,OWNER,"전면동 남향으로,교통 초중,공원인접해서 편리함",25.04.07,"['25년이내', '방세개', '화장실두개', '중층']",남향,12513820.053549996
경기도,오산시,금암동,세교센트럴파크,매매,512동,16/16,450000000,108.31,OWNER,"입주협의,넓은다락방있는 탑층,남향,교통 학군최고,공원,상가인접",25.04.07,"['25년이내', '탑층', '방세개', '화장실두개']",남향,13734680.546579264
경기도,오산시,금암동,세교센트럴파크,매매,511동,15/17,400000000,108.31,OWNER,"고층시원한뷰, 중문, 가운데라인, 깔끔, 입주협의",25.04.03,"['25년이내', '방세개', '화장실두개', '고층']",남향,12208604.930292679
경기도,오산시,금암동,세교센트럴파크,매매,503동,7/10,410000000,108.31,OWNER,전면동으로 조용하고 따뜻한집,25.04.03,"['25년이내', '방세개', '화장실두개', '고층']",남향,12513820.053549996
경기도,오산시,금암동,세교센트럴파크,매매,512동,6/16,420000000,108.31,OWNER,"남향으로 최근올수리된집,교통 학군최고,공원,상가인접해서 편리함",25.04.03,"['25년이내', '올수리', '방세개', '화장실두개']",남향,12819035.176807312
경기도,오산시,금암동,세교센트럴파크,매매,512동,11/16,380000000,108.31,OWNER,"남향으로,교통 초중,공원인접해서 편리함",25.04.03,"['25년이내', '방세개', '화장실두개', '고층']",남향,11598174.683778046
경기도,오산시,금암동,세교센트럴파크,매매,510동,1/15,380000000,108.31,OWNER,"귀한1층,인테리어되어 깨끗한집,상가인접해서 편리함",25.04.03,"['25년이내', '1층', '방세개', '화장실두개']",남동향,11598174.683778046
경기도,오산시,금암동,세교센트럴파크,매매,509동,12/12,420000000,108.31,OWNER,"다락과 테라스있는 탑층임,깨끗,뻥뷰",25.04.03,"['25년이내', '테라스', '탑층', '방세개']",남동향,12819035.176807312
경기도,오산시,금암동,세교센트럴파크,매매,508동,2/12,400000000,108.31,OWNER,"아늑한집으로 따뜻합니다,초중인접,교통편리",25.04.01,"['25년이내', '방세개', '화장실두개', '세대당1대']",남동향,12208604.930292679
경기도,오산시,금암동,세교센트럴파크,매매,502동,5/16,375000000,108.31,OWNER,"앞동으로 트인전망,전세안고",25.04.01,"['25년이내', '방세개', '화장실두개', '세대당1대']",남향,11445567.122149386
경기도,오산시,금암동,세교센트럴파크,매매,501동,6/15,400000000,108.31,DOC,전망굿 판상형 학세권 정상입주,25.04.11,"['25년이내', '방세개', '화장실두개', '중층']",남향,12208604.930292679
경기도,오산시,금암동,세교센트럴파크,매매,512동,8/16,390000000,108.31,DOC,"정남향, 인테리어,가운데라인, 입주협의,",25.04.10,"['25년이내', '방세개', '화장실두개', '중층']",남향,11903389.807035362
경기도,오산시,금암동,세교센트럴파크,매매,503동,1/10,365000000,108.31,NDOC1,"남향. 전면동으로 생활 편한 뷰,고인돌공원 근접.학교앞, 입주협의.",25.03.31,"['25년이내', '1층', '방세개', '화장실두개']",남향,11140351.998892069
경기도,오산시,금암동,세교센트럴파크,매매,503동,2/10,370000000,108.31,OWNER,"남향.생활침해없는 저층.나무숲 조망.학교앞, 입주협의.",25.03.24,"['25년이내', '방세개', '화장실두개', '세대당1대']",남향,11292959.560520727
경기도,오산시,금암동,세교센트럴파크,월세,502동,9/16,"3,000/120",108.31,NONE,7월25일이후 입주가능.전면동으로 전망굿,25.03.31,"['25년이내', '방세개', '화장실두개', '중층']",북향,
경기도,오산시,금암동,세교센트럴파크,매매,506동,4/18,370000000,108.3,OWNER,"공원조망굿, LED조명, 중문, 주방필름시공깔끔한 세대,조정가능",25.04.19,"['25년이내', '방세개', '화장실두개', '세대당1대']",남동향,11294002.308402585
경기도,오산시,금암동,세교센트럴파크,매매,507동,9/16,360000000,108.3,OWNER,"32펑 급매, 가리지않는 시원한 뷰, 상가 근접, 교통편리",25.04.17,"['25년이내', '급매', '방세개', '화장실두개']",남동향,10988759.002770085
경기도,오산시,금암동,세교센트럴파크,매매,505동,2/18,360000000,108.3,OWNER,"숲뷰,편의시설이용편리,초중고 인접,고인돌공원과 장미공원인접",25.04.15,"['25년이내', '방세개', '화장실두개', '세대당1대']",남동향,10988759.002770085
경기도,오산시,금암동,세교센트럴파크,매매,506동,18/18,470000000,108.3,OWNER,"탑층.인테리어 깔끔.복층 계단 인테리어, 테라스 고인돌 공원뷰",25.04.15,"['25년이내', '테라스', '복층', '탑층']",남서향,14346435.36472761
경기도,오산시,금암동,세교센트럴파크,매매,506동,3/18,360000000,108.3,OWNER,"거실앞 트인 전망, 매우 깔끔한 집, 입주협의",25.04.15,"['25년이내', '방세개', '화장실두개', '세대당1대']",남서향,10988759.002770085
경기도,오산시,금암동,세교센트럴파크,매매,504동,2/18,360000000,108.3,OWNER,"수변공원뷰굿,입주전 공사가능,가격조정가,상가이용편리,초중앞 등하교편리",25.04.11,"['25년이내', '방세개', '화장실두개', '세대당1대']",남동향,10988759.002770085
경기도,오산시,금암동,세교센트럴파크,매매,506동,8/18,380000000,108.3,OWNER,"주인거주로 관리잘 된 집.일조량 굿,입주협의",25.04.10,"['25년이내', '방세개', '화장실두개', '중층']",남서향,11599245.614035089
경기도,오산시,금암동,세교센트럴파크,매매,507동,4/16,410000000,108.3,OWNER, 올 인테리어.해가 밝게 비추고 거실전경이 예쁜집입니다.,25.04.08,"['25년이내', '방세개', '화장실두개', '세대당1대']",남서향,12514975.530932596
경기도,오산시,금암동,세교센트럴파크,매매,504동,6/18,390000000,108.3,DOC,전망 가장좋은라인.부분수리.전망굿.로얄동호수,25.04.16,"['25년이내', '방세개', '화장실두개', '세대당1대']",남동향,11904488.91966759
경기도,오산시,금암동,세교센트럴파크,매매,507동,5/16,360000000,108.3,OWNER,입주날짜맞출수있습니다.집상태깨끗합니다.,25.04.05,"['25년이내', '방세개', '화장실두개', '세대당1대']",남동향,10988759.002770085
경기도,오산시,금암동,세교센트럴파크,전세,507동,12/16,290000000,108.3,OWNER,,25.04.01,"['25년이내', '방세개', '화장실두개', '고층']",남서향,8852055.863342566
경기도,오산시,금암동,세교센트럴파크,매매,505동,8/18,380000000,108.3,DOC,남서향. 화이트톤. 깔끔. 입주협의,25.04.10,"['25년이내', '방세개', '화장실두개', '중층']",남서향,11599245.614035089
경기도,오산시,금암동,세교센트럴파크,매매,505동,2/18,360000000,108.3,NONE,"공원조망,상가이용편리,문시초중앞 등하교편리,조정가능",25.04.14,"['25년이내', '방세개', '화장실두개', '세대당1대']",남동향,10988759.002770085
경기도,오산시,금암동,세교센트럴파크,매매,506동,4/18,370000000,108.3,NONE,"전세도가능,주방필름시공,LED등,탁 트인 공원전망,4월말5월초입주협의",25.04.11,"['25년이내', '방세개', '화장실두개', '세대당1대']",남동향,11294002.308402585
경기도,오산시,금암동,세교센트럴파크,매매,504동,6/18,390000000,108.3,NONE,2000갭 최고.부분수리.뻥뚤린공원뷰. 아주좋음.,25.03.31,"['25년이내', '방세개', '화장실두개', '세대당1대']",남동향,11904488.91966759
경기도,오산시,금암동,세교센트럴파크,매매,506동,4/18,380000000,108.16,OWNER,"매우깨끗하게 관리함,세교중심상권이용,쾌적한공원,문시초 중도 5분이내",25.04.19,"['25년이내', '방세개', '화장실두개', '세대당1대']",남서향,11614259.430473374
경기도,오산시,금암동,세교센트럴파크,매매,507동,11/16,370000000,108.16,OWNER,도배 장판 깨끗 중심상가 가까워 생활 편리 입주 협의,25.04.07,"['25년이내', '방세개', '화장실두개', '고층']",남향,11308621.024408286
경기도,오산시,금암동,세교센트럴파크,매매,504동,5/18,360000000,108.16,OWNER,"고인돌장미공원뷰예뻐요,전세안고,깨끗",25.04.01,"['25년이내', '방세개', '화장실두개', '세대당1대']",남동향,11002982.618343197
경기도,오산시,금암동,세교센트럴파크,매매,505동,3/18,400000000,108.16,OWNER,"깔끔,마루교체, 일조량풍부, 입주협의",25.03.24,"['25년이내', '방세개', '화장실두개', '세대당1대']",남서향,12225536.242603552
경기도,오산시,금암동,세교센트럴파크,매매,507동,11/16,410000000,108.16,DOC,집수리하여 깨끗 상가 가깝고  초중교 인접 전세끼고도 가능함,25.04.04,"['25년이내', '방세개', '화장실두개', '고층']",남동향,12531174.64866864
경기도,오산시,금암동,세교센트럴파크,매매,513동,16/17,400000000,96.78,OWNER,스타벅스상권의 프리미엄.초품아아파트.무척깔끔함.,25.04.19,"['25년이내', '방세개', '화장실두개', '고층']",남향,13663091.547840463
경기도,오산시,금암동,세교센트럴파크,매매,513동,1/17,340000000,96.78,OWNER,"남향,빠른입주도가능,1층,상가인접",25.04.19,"['25년이내', '1층', '방세개', '화장실두개']",남향,11613627.815664394
경기도,오산시,금암동,세교센트럴파크,매매,513동,9/17,370000000,96.78,OWNER,"공실,즉시입주,공사협의됨,깨끗,상가인접편리함,남향",25.04.16,"['25년이내', '방세개', '화장실두개', '중층']",남향,12638359.681752428
경기도,오산시,금암동,세교센트럴파크,전세,513동,1/17,280000000,96.78,OWNER,"도배새로,남향,빠른입주도가능,1층,상가인접",25.04.16,"['25년이내', '1층', '방세개', '화장실두개']",남향,9564164.083488325
경기도,오산시,금암동,세교센트럴파크,매매,514동,14/16,365000000,96.78,OWNER,,25.04.15,"['25년이내', '방세개', '화장실두개', '고층']",남향,12467571.037404422
경기도,오산시,금암동,세교센트럴파크,매매,513동,10/17,360000000,96.78,OWNER,교통의 중심.채광 및 전망 매우 우수.학세권.중심상가가 바로 단지 앞,25.04.14,"['25년이내', '복층', '방세개', '화장실두개']",남향,12296782.393056417
경기도,오산시,금암동,세교센트럴파크,매매,513동,2/17,350000000,96.78,OWNER,"필로티2층,중문,LED등,주인거주,깨끗",25.04.11,"['25년이내', '필로티', '방세개', '화장실두개']",남향,11955205.104360405
경기도,오산시,금암동,세교센트럴파크,매매,513동,14/17,365000000,96.78,OWNER,"부분수리되어 깨끗하며 밝은집,남향",25.04.07,"['25년이내', '방세개', '화장실두개', '고층']",남향,12467571.037404422
경기도,오산시,금암동,세교센트럴파크,매매,514동,16/16,450000000,96.78,OWNER,"올인테리어,밝은집,매우깨끗",25.04.03,"['25년이내', '탑층', '방세개', '화장실두개']",남향,15370977.991320523
경기도,오산시,금암동,세교센트럴파크,매매,513동,14/17,365000000,96.78,OWNER,"트인전망,상가인접편리,남향,깨끗",25.04.03,"['25년이내', '방세개', '화장실두개', '고층']",남향,12467571.037404422
경기도,오산시,금암동,세교센트럴파크,매매,513동,중/17,363000000,96.78,OWNER,"주방 마루 안방 부분수리되어 깨끗한집,상가이용편리,학교 학원 공원인접",25.04.05,"['25년이내', '방세개', '화장실두개', '중층']",남향,12399255.57966522
경기도,오산시,금암동,세교센트럴파크,매매,513동,13/17,400000000,96.78,DOC,"깨끗,상가인접편리함,남향,교통펀리,초중인접",25.04.01,"['25년이내', '방세개', '화장실두개', '고층']",남향,13663091.547840463
경기도,오산시,금암동,세교센트럴파크,매매,513동,저/17,340000000,96.78,NONE,"중심상가 인근 학세권, 공세권 인프라 좋은 입지 아파트매매 가격 조정가능",25.04.08,"['25년이내', '방세개', '화장실두개', '세대당1대']",남향,11613627.815664394
경기도,오산시,금암동,세교센트럴파크,매매,513동,13/17,370000000,96.78,NONE,"전세안고 매매, 초품아, LED등 교체",25.03.22,"['25년이내', '방세개', '화장실두개', '고층']",남동향,12638359.681752428
경기도,오산시,금암동,죽미마을9단지휴튼,매매,904동,12/20,420000000,112.2,OWNER,답답함없는 뷰. 조용한 판상형 구조. 맞통풍의 깔끔한 세대.,25.04.18,"['15년이내', '방세개', '화장실두개', '중층']",남서향,12374596.256684491
경기도,오산시,금암동,죽미마을9단지휴튼,매매,904동,저/20,390000000,112.2,OWNER,산들산들산책뷰.부분인테리어되어 있어 무척깔끔합니다.판상형맞통풍구조.,25.04.17,"['15년이내', '방세개', '화장실두개', '세대당1대']",남서향,11490696.524064172
경기도,오산시,금암동,죽미마을9단지휴튼,매매,904동,저/20,395000000,112.2,OWNER,주인거주.중문.예쁜판상형.상가이용편리.공원및 버스이용편리,25.04.11,"['15년이내', '방세개', '화장실두개', '세대당1대']",남서향,11638013.146167558
경기도,오산시,금암동,죽미마을9단지휴튼,매매,904동,고/20,460000000,112.2,OWNER,올인테리어.시스템에어컨3대 설치.조용하고 쾌적한 동.,25.04.09,"['15년이내', '방세개', '화장실두개', '고층']",남서향,13553129.233511588
경기도,오산시,금암동,죽미마을9단지휴튼,매매,904동,저/20,420000000,112.2,OWNER,"깔끔하고 관리잘된 세대. 저층이지만 6층높이, 가전옵션세가지",25.04.08,"['15년이내', '방세개', '화장실두개', '세대당1대']",남향,12374596.256684491
경기도,오산시,금암동,죽미마을9단지휴튼,매매,910동,6/20,390000000,112.18,OWNER,T 372 8003  초급매물  뷰좋음  생활권굿 사전공사가능 조정가능,25.04.19,"['15년이내', '급매', '방세개', '화장실두개']",남서향,11492745.141736496
경기도,오산시,금암동,죽미마을9단지휴튼,매매,909동,1/20,400000000,112.18,OWNER,주출입구가 가까와요.복지관.정문.상가등 접근성 굿.무척깔끔합니다.,25.04.18,"['15년이내', '1층', '방세개', '화장실두개']",남동향,11787430.914601533
경기도,오산시,금암동,죽미마을9단지휴튼,매매,909동,13/20,430000000,112.18,OWNER,"뻥뷰, 가리는동 없는 고층뷰, 판상형 4베이 입주협의",25.04.15,"['15년이내', '방세개', '화장실두개', '중층']",남서향,12671488.233196648
경기도,오산시,금암동,죽미마을9단지휴튼,매매,912동,13/20,450000000,112.18,OWNER,"인테리어 된 세대, 33I 4베이 구조",25.04.15,"['15년이내', '방세개', '화장실두개', '중층']",남동향,13260859.778926725
경기도,오산시,금암동,죽미마을9단지휴튼,월세,912동,중/20,"3,000/120",112.18,OWNER, 판상형 4베이 맞통풍구조.화이트톤으로 깔끔하게 관리되어 있어요.,25.04.17,"['15년이내', '방세개', '화장실두개', '중층']",남서향,
경기도,오산시,금암동,죽미마을9단지휴튼,매매,909동,중/20,450000000,112.18,OWNER,세련되게 올리모델링했어요.조용한 4베이구조.여름입주가능합니다.,25.04.16,"['15년이내', '방세개', '화장실두개', '중층']",남동향,13260859.778926725
경기도,오산시,금암동,죽미마을9단지휴튼,매매,909동,2/20,375000000,112.18,OWNER,"초급매,도배와 등교체, 조용한 동 4베이구조",25.04.08,"['15년이내', '급매', '방세개', '화장실두개']",남동향,11050716.482438937
경기도,오산시,금암동,죽미마을9단지휴튼,매매,910동,저/20,410000000,112.18,OWNER,"수리되어 깔끔한집, 입주협의, 월세받고 투자하실분께 추천",25.04.09,"['15년이내', '방세개', '화장실두개', '세대당1대']",남동향,12082116.687466571
경기도,오산시,금암동,죽미마을9단지휴튼,매매,910동,중/20,400000000,112.18,OWNER,"33펑, 강추, 깨끗하게 화이트 도배와 필름시공 등교체 됨. 정상입주",25.04.04,"['15년이내', '방세개', '화장실두개', '중층']",남동향,11787430.914601533
경기도,오산시,금암동,죽미마을9단지휴튼,매매,909동,중/20,420000000,112.18,OWNER,탁트인뷰. 일조권굿. 판상형4베이.정문과 가까와요.,25.03.27,"['15년이내', '방세개', '화장실두개', '중층']",남서향,12376802.46033161
경기도,오산시,금암동,죽미마을9단지휴튼,매매,905동,5/19,400000000,112.14,OWNER,"주인거주.깔끔하게 관리된 판상형4베이구조. 단지정원뷰,중문설치",25.04.18,"['15년이내', '방세개', '화장실두개', '세대당1대']",남서향,11791635.4556804
경기도,오산시,금암동,죽미마을9단지휴튼,매매,902동,16/17,450000000,112.14,OWNER,층간소음없는 탑층. 다락과 나의 개인테라스.5년전 부분인테리어.,25.04.16,"['15년이내', '테라스', '방세개', '화장실두개']",남동향,13265589.88764045
경기도,오산시,금암동,죽미마을9단지휴튼,매매,906동,10/18,400000000,112.14,OWNER,"최근 가격조정 됨, 공실, 잔금전 인테리어 가능, 조용한동,주차편리",25.04.12,"['15년이내', '방세개', '화장실두개', '중층']",남동향,11791635.4556804
경기도,오산시,금암동,죽미마을9단지휴튼,매매,901동,11/13,430000000,112.14,OWNER,공실.전면동 고인돌공원 뻥뷰 . 광역버스.병원.학원.마트 접근 굿.맞통구,25.04.12,"['15년이내', '방세개', '화장실두개', '고층']",남서향,12676008.11485643
경기도,오산시,금암동,죽미마을9단지휴튼,매매,902동,중/17,430000000,112.14,OWNER,"남향,고인돌뷰로 조망 굿, LED등, 깨끗하게 관리한 세대,상가 근접",25.04.19,"['15년이내', '방세개', '화장실두개', '중층']",남향,12676008.11485643
경기도,오산시,금암동,죽미마을9단지휴튼,매매,902동,14/17,410000000,112.14,OWNER, 중문.냉장고수납박스설치 일조권굿 .무척깔끔합니다.4베이구조,25.04.11,"['15년이내', '방세개', '화장실두개', '고층']",남동향,12086426.34207241
경기도,오산시,금암동,죽미마을9단지휴튼,매매,901동,저/13,370000000,112.14,OWNER,"33 초급매, 판상형 정남향, 입주협의, 깔끔한집, 집보기전예약필수",25.04.17,"['15년이내', '급매', '방세개', '화장실두개']",남향,10907262.79650437
경기도,오산시,금암동,죽미마을9단지휴튼,매매,905동,고/19,405000000,112.14,OWNER,"주차 편안한동,시원한 고층뷰, 판상형, 정상입주",25.04.10,"['15년이내', '방세개', '화장실두개', '고층']",남서향,11939030.898876404
경기도,오산시,금암동,죽미마을9단지휴튼,매매,905동,4/19,400000000,112.14,OWNER,주인거주.무척 깔끔하고 손볼곳이 별로 없어요.일조권굿.,25.04.03,"['15년이내', '방세개', '화장실두개', '세대당1대']",남서향,11791635.4556804
경기도,오산시,금암동,죽미마을9단지휴튼,매매,902동,중/17,410000000,112.14,OWNER,상가접근이 좋은동.깔끔하고 잘관리되어 있는 판상형구조.,25.04.09,"['15년이내', '방세개', '화장실두개', '중층']",남동향,12086426.34207241
경기도,오산시,금암동,죽미마을9단지휴튼,매매,905동,중/19,420000000,112.14,OWNER,4베이판상형.깔끔하게 관리된집. 입주는 협의가능.,25.03.31,"['15년이내', '방세개', '화장실두개', '중층']",남서향,12381217.228464419
경기도,오산시,금암동,죽미마을9단지휴튼,매매,902동,9/17,450000000,112.1,OWNER,"33D,고인돌공원뷰, 펜트리있는 4베이, 인테리어되어 깔끔",25.04.11,"['15년이내', '방세개', '화장실두개', '중층']",남서향,13270323.371989297
경기도,오산시,금암동,죽미마을9단지휴튼,매매,902동,고/17,450000000,112.1,OWNER,고인돌공원뷰.장미공원뷰.넓은 펜트리공간. 남향의 여유로움. 늦은잔금 가능,25.04.03,"['15년이내', '방세개', '화장실두개', '고층']",남향,13270323.371989297
경기도,오산시,금암동,죽미마을9단지휴튼,월세,910동,중/20,"6,000/100",112.06,OWNER,고인돌공원뷰.빠른입주가능.부분수리할예정.,25.04.21,"['15년이내', '방세개', '화장실두개', '중층']",남향,
경기도,오산시,금암동,죽미마을9단지휴튼,매매,908동,3/17,380000000,112.06,OWNER,"급매 33, 정문 가까운 동으로 교통과 상권편리, 입주협의",25.04.11,"['15년이내', '급매', '방세개', '화장실두개']",남동향,11210050.86560771
경기도,오산시,금암동,죽미마을9단지휴튼,매매,907동,5/20,395000000,112.06,OWNER,"동간격 넓어, 개방감있고 트인뷰 입주협의, 주인거주,타워형,세탁실편리",25.04.09,"['15년이내', '방세개', '화장실두개', '세대당1대']",남향,11652552.873460647
경기도,오산시,금암동,죽미마을9단지휴튼,매매,908동,고/17,400000000,112.06,OWNER,"세끼고 매매,깔끔하고 따뜻한 집 .주출입구동이라 2개의 상권을  이용.",25.04.15,"['15년이내', '방세개', '화장실두개', '고층']",남동향,11800053.542744959
경기도,오산시,금암동,죽미마을9단지휴튼,매매,912동,7/20,430000000,112.06,OWNER,남향 고인돌공원 전면뷰  집상태좋음 입주협의,25.04.08,"['15년이내', '방세개', '화장실두개', '중층']",남향,12685057.558450831
경기도,오산시,금암동,죽미마을9단지휴튼,매매,907동,19/20,430000000,112.06,OWNER,매가 조정가능합니다,25.04.08,"['15년이내', '방세개', '화장실두개', '고층']",남동향,12685057.558450831
경기도,오산시,금암동,죽미마을9단지휴튼,매매,910동,4/20,460000000,112.06,OWNER,막힘없는 전면 뷰.마루교체.씽크대.욕실공사.도배.필름공사.등교체.,25.04.07,"['15년이내', '방세개', '화장실두개', '세대당1대']",남향,13570061.574156702
경기도,오산시,금암동,죽미마을9단지휴튼,매매,908동,중/17,399000000,112.06,OWNER,"착한 가격, 인테리어하기 좋은 기본 33C, 입주협의",25.04.11,"['15년이내', '방세개', '화장실두개', '중층']",남동향,11770553.408888096
경기도,오산시,금암동,죽미마을9단지휴튼,매매,912동,저/20,450000000,112.06,OWNER,"올인테리어된 세대, 정남향, 타워형,로얄동",25.04.08,"['15년이내', '방세개', '화장실두개', '세대당1대']",남향,13275060.235588077
경기도,오산시,금암동,죽미마을9단지휴튼,매매,909동,4/20,460000000,112.06,OWNER,"화이트톤깔끔한올인테리어,막힘없는뷰,일조량,조망권 굿,늦은입주도 좋아요",25.03.29,"['15년이내', '방세개', '화장실두개', '세대당1대']",남서향,13570061.574156702
경기도,오산시,금암동,죽미마을9단지휴튼,매매,908동,고/17,410000000,112.06,OWNER,"고층 채광, 타워형, 남동향, 기본형, 입주협의",25.04.01,"['15년이내', '방세개', '화장실두개', '고층']",남동향,12095054.881313583
경기도,오산시,금암동,죽미마을9단지휴튼,매매,907동,1/20,350000000,112.06,NONE,"층간소음 걱정없는집, 단지화단을 내집정원처럼~~
입주일협의가능",25.04.14,"['15년이내', '마당', '1층', '방세개']",남향,10325046.849901838
경기도,오산시,금암동,죽미마을9단지휴튼,매매,909동,4/20,460000000,112.06,NONE,"밝은 화이트 인테리어,공원조망굿,붙박이장.전동건조대2개,탄성코트,바닥재",25.04.04,"['15년이내', '방세개', '화장실두개', '세대당1대']",남서향,13570061.574156702
경기도,오산시,금암동,죽미마을9단지휴튼,매매,906동,고/18,450000000,111.9,OWNER,"개방감 있는 트인뷰, 세끼고 또는 늦은입주 가능",25.04.18,"['15년이내', '방세개', '화장실두개', '고층']",남동향,13294041.554959785
경기도,오산시,금암동,죽미마을9단지휴튼,월세,906동,중/18,"6,000/100",111.9,OWNER,"빠른입주,막힘없는뷰, 집상태 최상,사진참조,안방넓은구조",25.04.11,"['15년이내', '방세개', '화장실두개', '중층']",남동향,
경기도,오산시,금암동,죽미마을9단지휴튼,매매,905동,중/19,400000000,111.86,OWNER,"귀한 33F, 입주협의, 도배화이트, 주방씽크대 교체됨,안방넓어요",25.04.17,"['15년이내', '방세개', '화장실두개', '중층']",남동향,11821151.439299125
경기도,오산시,금암동,죽미마을9단지휴튼,월세,908동,9/17,"3,000/120",111.32,OWNER,"7월말 입주,상가와 교통편리한동, 정남향, 집깨끗,반전세가능",25.04.18,"['15년이내', '방세개', '화장실두개', '중층']",남향,
경기도,오산시,금암동,죽미마을9단지휴튼,매매,907동,16/20,400000000,111.32,OWNER,주출입구동이라 사통팔달 동선이 좋아요.맞통풍시원한 구조.,25.04.11,"['15년이내', '방세개', '화장실두개', '고층']",남서향,11878494.430470716
경기도,오산시,금암동,죽미마을9단지휴튼,매매,908동,저/17,400000000,111.32,OWNER,월세끼고 매매입니다. 판상형4베이.주출입구 동의 편리함.,25.04.07,"['15년이내', '방세개', '화장실두개', '세대당1대']",남향,11878494.430470716
경기도,오산시,금암동,죽미마을9단지휴튼,매매,907동,고/20,400000000,111.32,OWNER,"주출입구동,트인뷰, 관리 잘 되어 있음.",25.04.07,"['15년이내', '방세개', '화장실두개', '고층']",남동향,11878494.430470716
경기도,오산시,금암동,죽미마을9단지휴튼,매매,907동,중/20,385000000,111.32,NDOC2,"갭투자하실분, 전세끼고 매매, 조용한 라인",25.04.07,"['15년이내', '방세개', '화장실두개', '중층']",남서향,11433050.889328064
경기도,오산시,금암동,죽미마을9단지휴튼,매매,907동,중/20,400000000,111.32,OWNER,"급매, 집관리 잘되어 깔끔하고, 남서향, 33 4베이",25.03.24,"['15년이내', '급매', '방세개', '화장실두개']",남서향,11878494.430470716
경기도,오산시,금암동,죽미마을9단지휴튼,매매,908동,고/17,410000000,111.32,OWNER,입주협의되고 집깔끔해요.,25.03.24,"['15년이내', '방세개', '화장실두개', '고층']",남향,12175456.791232483
경기도,오산시,금암동,죽미마을9단지휴튼,매매,911동,고/17,380000000,98.97,OWNER,"29펑.잔금전 인테리어 가능, 확연히 다른 고층 채광, 남향집",25.04.17,"['15년이내', '방세개', '화장실두개', '고층']",남동향,12692717.995352129
경기도,오산시,금암동,죽미마을9단지휴튼,매매,911동,중/17,370000000,98.97,OWNER,정상입주.단지중앙공원의 쾌적함.버릴곳없는 판상형구조.깔끔한관리.,25.04.15,"['15년이내', '방세개', '화장실두개', '중층']",남동향,12358699.100737598
경기도,오산시,금암동,죽미마을9단지휴튼,매매,903동,10/20,369000000,98.88,OWNER,"초급매,따뜻한 남향,집상태 내부컨디션 굿,상가이용 편리,가격 조정가능",25.04.16,"['15년이내', '급매', '방세개', '화장실두개']",남향,12336515.625000002
경기도,오산시,금암동,죽미마을9단지휴튼,매매,903동,11/20,370000000,98.88,OWNER,"29펑,고층채광, 깨끗한 화이트 인테리어, 조용한 동 호수",25.04.12,"['15년이내', '방세개', '화장실두개', '중층']",남향,12369947.916666668
경기도,오산시,금암동,죽미마을9단지휴튼,매매,903동,저/20,370000000,98.88,OWNER,"부분리모델링, 화이트도배,필름,중문, 안정적인 저층,고인돌공원뷰",25.04.17,"['15년이내', '방세개', '화장실두개', '세대당1대']",남향,12369947.916666668
경기도,오산시,금암동,죽미마을9단지휴튼,전세,901동,저/13,275000000,98.88,OWNER,"공실, 집 깨끗하고 상권이용과 교통편리",25.04.16,"['15년이내', '융자금없는', '방세개', '화장실두개']",남동향,9193880.208333334
경기도,오산시,내삼미동,세교쌍용예가엔에이치에프,매매,1805동,8/20,480000000,111.57,OWNER,"역세권,정남향,일조량풍부,집상태 아주 좋고,조망도 좋아요.",25.04.18,"['10년이내', '방세개', '화장실두개', '중층']",남향,14222253.29389621
경기도,오산시,내삼미동,세교쌍용예가엔에이치에프,매매,1801동,16/19,515000000,111.57,OWNER,"오산대초역세권,주인거주상태굿,역이용편리,중신상가가까운동",25.04.18,"['10년이내', '방세개', '화장실두개', '고층']",남서향,15259292.596576141
경기도,오산시,내삼미동,세교쌍용예가엔에이치에프,매매,1805동,18/20,490000000,111.57,OWNER,"역세권,정남향,조망좋고,집 상태도 좋아요.",25.04.17,"['10년이내', '방세개', '화장실두개', '고층']",남향,14518550.237519048
경기도,오산시,내삼미동,세교쌍용예가엔에이치에프,매매,1803동,6/21,480000000,111.57,OWNER,"역세권,정남향,산조망,전등,싱크대상판 교체,도배,탄성코트 새로 했음.",25.04.17,"['10년이내', '방세개', '화장실두개', '세대당1대']",남향,14222253.29389621
경기도,오산시,내삼미동,세교쌍용예가엔에이치에프,매매,1803동,12/21,520000000,111.57,OWNER,"역세권,남향,단지뷰,냉장고장,중문,초등학교 가까운 동,집 상태 굿",25.04.17,"['10년이내', '방세개', '화장실두개', '중층']",남향,15407441.068387562
경기도,오산시,내삼미동,세교쌍용예가엔에이치에프,전세,1803동,12/21,360000000,111.57,OWNER,"역세권,정남향,집 상태 아주 좋고,중문,아일랜드식탁,냉장고 장도 설치됨.",25.04.10,"['10년이내', '방세개', '화장실두개', '중층']",남향,10666689.970422158
경기도,오산시,내삼미동,세교쌍용예가엔에이치에프,매매,1803동,중/21,480000000,111.57,DOC,"역세권,남향,단지뷰,집 상태 완전 좋아요.",25.04.17,"['10년이내', '방세개', '화장실두개', '중층']",남향,14222253.29389621
경기도,오산시,내삼미동,세교쌍용예가엔에이치에프,전세,1806동,13/21,330000000,111.57,OWNER,"역세권,7월달 입주가능,가운데라인,집 상태 좋고,뷰도 좋아요.",25.03.31,"['10년이내', '방세개', '화장실두개', '중층']",남향,9777799.139553644
경기도,오산시,내삼미동,세교쌍용예가엔에이치에프,매매,1802동,10/18,500000000,111.43,OWNER,"역세권,4베이,뻥뷰,일조량풍부,시에4대,식세기,투자자 주인전세 가능.",25.04.17,"['10년이내', '방세개', '화장실두개', '중층']",남서향,14833460.468455533
경기도,오산시,내삼미동,세교쌍용예가엔에이치에프,매매,1802동,6/18,490000000,111.43,OWNER,"귀한c타입,집 상태깨끗,일조량풍부,초등학교가까운동,안방,작은방옷장 있음.",25.04.17,"['10년이내', '방세개', '화장실두개', '세대당1대']",남서향,14536791.25908642
경기도,오산시,내삼미동,세교쌍용예가엔에이치에프,전세,1804동,13/21,300000000,98.46,OWNER,"역세권,남향,단지뷰,일조량풍부,인덕션,식세기,5월20일 이후 입주.",25.04.19,"['10년이내', '방세개', '화장실두개', '중층']",남향,10072471.054235224
경기도,오산시,내삼미동,세교쌍용예가엔에이치에프,매매,1808동,1/21,415000000,98.46,OWNER,"초급매강추,집상태최상,탁트인뷰,일조량좋음,중문,수납장,줄눈,입주가능",25.04.18,"['10년이내', '1층', '복층', '급매']",남향,13933584.958358727
경기도,오산시,내삼미동,세교쌍용예가엔에이치에프,월세,1808동,16/21,"3,000/130",98.46,OWNER,"입주협의,출입구동,생활권편리,집상태  좋고,조망도 좋아요.",25.04.17,"['10년이내', '방세개', '화장실두개', '고층']",남향,
경기도,오산시,내삼미동,세교쌍용예가엔에이치에프,매매,1807동,3/21,450000000,98.46,OWNER,"역세권,출입구 가까운동,상가이용 편리,집 상태 양호.",25.04.03,"['10년이내', '방세개', '화장실두개', '세대당1대']",남향,15108706.581352836
경기도,오산시,내삼미동,세교쌍용예가엔에이치에프,매매,1807동,21/21,460000000,98.46,OWNER,"층간 소음이 없는 탑층,출입구 가까운동,남향,조망 좋고,집 상태도 굿",25.04.01,"['10년이내', '탑층', '방세개', '화장실두개']",남향,15444455.616494007
경기도,오산시,내삼미동,오산대역세교자이,매매,113동,22/25,590000000,108.72,OWNER,"즉시입주가능,채광좋음,베타룸,집상태매우깨끗",25.04.21,"['10년이내', '대단지', '복층', '방세개']",남동향,17939782.468727004
경기도,오산시,내삼미동,오산대역세교자이,매매,110동,15/19,600000000,108.72,OWNER,막힘없는 뷰.컨디션굿.시에4대.폴리싱타일.폴리싱줄눈.줄눈.주인거주,25.04.19,"['10년이내', '대단지', '방세개', '화장실두개']",남서향,18243846.578366447
경기도,오산시,내삼미동,오산대역세교자이,매매,113동,3/25,550000000,108.72,OWNER,아늑하고안정감있는예쁜정원뷰.입주협의.주인거주.아주깨끗한집.입주협의가능.,25.04.19,"['10년이내', '대단지', '방세개', '화장실두개']",남동향,16723526.030169243
경기도,오산시,내삼미동,오산대역세교자이,매매,107동,5/25,560000000,108.72,OWNER,로얄동 층 선호타입. 중문 탄성 식세기. 학교 및 오산대역 젤 가까워요,25.04.19,"['10년이내', '대단지', '방세개', '화장실두개']",남동향,17027590.139808685
경기도,오산시,내삼미동,오산대역세교자이,매매,104동,5/15,550000000,108.72,OWNER,앞이트인뷰. 붙박이장.led조명.탄성코팅.주인거주깨끗해요,25.04.19,"['10년이내', '대단지', '방세개', '화장실두개']",남동향,16723526.030169243
경기도,오산시,내삼미동,오산대역세교자이,매매,112동,6/20,540000000,108.72,OWNER,급매.수목원뷰. 공실. 햇살가득.초품아. 오산대역도보9분.입주협의,25.04.19,"['10년이내', '대단지', '급매', '방세개']",남서향,16419461.920529801
경기도,오산시,내삼미동,오산대역세교자이,매매,113동,22/25,723000000,108.72,OWNER,급매 탑층테라스.입주협의가능. 시스템에어컨4. 중문3 .다락방냉온풍기,25.04.19,"['10년이내', '테라스', '대단지', '급매']",남서향,21983835.126931567
경기도,오산시,내삼미동,오산대역세교자이,매매,112동,15/20,580000000,108.72,OWNER,실사진.트인전망최상.베타룸.팬트리.초품아.역세권.주인거주로 깨끗,25.04.16,"['10년이내', '대단지', '방세개', '화장실두개']",남서향,17635718.359087564
경기도,오산시,내삼미동,오산대역세교자이,매매,108동,19/25,670000000,108.72,OWNER,"초품아,시스템에어컨4대,중문,폴리싱바닥,트인전망,주인거주로 관리잘된집",25.04.16,"['10년이내', '대단지', '방세개', '화장실두개']",남서향,20372295.345842533
경기도,오산시,내삼미동,오산대역세교자이,매매,114동,19/25,680000000,108.72,OWNER,베타룸활용.수납공간확보.led.중문.매우깨끗.세미초1분.오산대역9분,25.04.14,"['10년이내', '대단지', '방세개', '화장실두개']",남동향,20676359.455481973
경기도,오산시,내삼미동,오산대역세교자이,매매,105동,5/25,700000000,108.72,OWNER,로얄동 아늑한 정원뷰.초품아.역세권.시스템에4.팬트리.중문.엘이디등,25.04.14,"['10년이내', '대단지', '방세개', '화장실두개']",남동향,21284487.674760856
경기도,오산시,내삼미동,오산대역세교자이,매매,109동,8/16,650000000,108.72,OWNER,시에4. 트인전망최고.인테리어.주인거주로 완전깨끗해요.팬트리.중문.필름.,25.04.14,"['10년이내', '대단지', '방세개', '화장실두개']",남서향,19764167.126563653
경기도,오산시,내삼미동,오산대역세교자이,매매,106동,16/25,720000000,108.72,OWNER,뷰좋아요.입주협의.로얄동로얄층으로 학교.전철역 가까운 선호동.,25.04.14,"['10년이내', '대단지', '방세개', '화장실두개']",남동향,21892615.89403974
경기도,오산시,내삼미동,오산대역세교자이,매매,104동,6/15,580000000,108.72,OWNER,개방감있는 뷰. 중문 . 마트 이용편리. 베타룸 . 세안고 투자하세요,25.04.14,"['10년이내', '대단지', '방세개', '화장실두개']",남동향,17635718.359087564
경기도,오산시,내삼미동,오산대역세교자이,매매,112동,15/20,700000000,108.72,OWNER,막힘없는 수목원뷰.드레스룸 넓은 집.중문.팬트리.완전깨끗해요,25.04.12,"['10년이내', '대단지', '방세개', '화장실두개']",남서향,21284487.674760856
경기도,오산시,내삼미동,오산대역세교자이,전세,109동,중/16,360000000,108.72,OWNER,융자무.시원한 녹지분수 뷰. 2in1에어컨. 팬트리. 식세기,25.04.18,"['10년이내', '융자금없는', '대단지', '방세개']",남서향,10946307.94701987
경기도,오산시,내삼미동,오산대역세교자이,매매,110동,1/19,550000000,108.72,OWNER,맘껏 뛸수있는 행복한1층과 집앞 펼쳐진  사계절정원을 만끽 힐링하우스.,25.04.08,"['10년이내', '마당', '대단지', '1층']",남서향,16723526.030169243
경기도,오산시,내삼미동,오산대역세교자이,매매,108동,중/25,750000000,108.72,OWNER,,25.04.14,"['10년이내', '대단지', '방세개', '화장실두개']",남서향,22804808.222958058
경기도,오산시,내삼미동,오산대역세교자이,매매,107동,2/25,600000000,108.72,OWNER,채광 및 전망 우수.초품아 도보1분.베타룸.찐로얄동 .완전깨끗,25.04.07,"['10년이내', '대단지', '방세개', '화장실두개']",남동향,18243846.578366447
경기도,오산시,내삼미동,오산대역세교자이,매매,112동,중/20,720000000,108.72,OWNER,로얄동.막힘없는 전망.초품아.오산대역과 중심상가 10분거리.입주 협의가.,25.04.12,"['10년이내', '대단지', '방세개', '화장실두개']",남서향,21892615.89403974
경기도,오산시,내삼미동,오산대역세교자이,매매,101동,고/25,600000000,108.72,OWNER,로얄동.로얄층.채광가득하고밝은집.아주깨끗해요.중문.팬트리.집주인거주,25.04.07,"['10년이내', '대단지', '방세개', '화장실두개']",남서향,18243846.578366447
경기도,오산시,내삼미동,오산대역세교자이,매매,105동,6/25,580000000,108.72,OWNER,학교가까운 로얄동층. 가림없는 뷰. 초품아. 오산대역도보8분.학세권,25.03.27,"['10년이내', '대단지', '방세개', '화장실두개']",남동향,17635718.359087564
경기도,오산시,내삼미동,오산대역세교자이,매매,112동,고/20,600000000,108.72,OWNER,1번국도뷰.시원하고개방감좋은동.로얄층.매우깨끗한집.초품아,25.04.01,"['10년이내', '대단지', '방세개', '화장실두개']",남서향,18243846.578366447
경기도,오산시,내삼미동,오산대역세교자이,월세,109동,중/16,"2억 5,000/32",108.72,OWNER,융자무.  팬트리. 2in1에어컨. 식세기. 안방붙박이장,25.03.31,"['10년이내', '융자금없는', '대단지', '방세개']",남서향,
경기도,오산시,내삼미동,오산대역세교자이,매매,101동,9/25,600000000,108.72,OWNER,"초품아,시에,상가입구동,학세권,역세권,공원같은 단지뷰,일조권,조망권굿",25.03.24,"['10년이내', '대단지', '방세개', '화장실두개']",남서향,18243846.578366447
경기도,오산시,내삼미동,오산대역세교자이,매매,112동,중/20,590000000,108.72,OWNER,시원하게펼쳐진멋진뷰.아주깨끗하고밝은집.중문.입주협의가능,25.03.26,"['10년이내', '대단지', '방세개', '화장실두개']",남서향,17939782.468727004
경기도,오산시,내삼미동,오산대역세교자이,매매,105동,10/25,600000000,108.39,OWNER,조용하고 뷰예쁜선호동. 심플인테리어.중문.탄성. 주인거주매우깨끗.초품아,25.04.19,"['10년이내', '대단지', '방세개', '화장실두개']",남서향,18299391.087738723
경기도,오산시,내삼미동,오산대역세교자이,매매,113동,4/25,533000000,108.39,OWNER,"즉시입주가능, 공실, 시에4대, 전망나오는 저층, 해 잘들어옴",25.04.19,"['10년이내', '대단지', '방세개', '화장실두개']",남서향,16255959.08294123
경기도,오산시,내삼미동,오산대역세교자이,매매,114동,6/25,560000000,108.39,OWNER,안정감있는정원뷰.조용하고깨끗한집.중문.입주협의가능.초품아.역세권,25.04.19,"['10년이내', '대단지', '방세개', '화장실두개']",남동향,17079431.681889474
경기도,오산시,내삼미동,오산대역세교자이,매매,113동,5/25,550000000,108.39,OWNER,막힘없는힐링뷰. 펜트리.깨끗이 관리된집.세미초도보1분.중심상가이용편리.,25.04.19,"['10년이내', '대단지', '방세개', '화장실두개']",남서향,16774441.830427162
경기도,오산시,내삼미동,오산대역세교자이,매매,111동,1/25,500000000,108.39,OWNER,아주깨끗한집.안정감있고예쁜정원뷰.커뮤니티시설가까운동.주인거주.입주협의가능,25.04.19,"['10년이내', '대단지', '1층', '방세개']",남동향,15249492.573115602
경기도,오산시,내삼미동,오산대역세교자이,매매,105동,11/25,580000000,108.39,OWNER,로얄동.층 학교뷰. 시에 3대. 세미초1분. 주인거주 깨끗. 오산대역8분,25.04.19,"['10년이내', '대단지', '방세개', '화장실두개']",남동향,17689411.3848141
경기도,오산시,내삼미동,오산대역세교자이,매매,104동,3/15,550000000,108.39,OWNER,그레이화이트인테리어.중문2.카페공간팬트리 .안전방충망,25.04.19,"['10년이내', '대단지', '방세개', '화장실두개']",남동향,16774441.830427162
경기도,오산시,내삼미동,오산대역세교자이,매매,102동,25/25,760000000,108.39,OWNER,테라스탑층RR . 시에4대. 중문2.팬트리.led조명.방충망.초록잔,25.04.19,"['10년이내', '테라스', '대단지', '탑층']",남서향,23179228.711135715
경기도,오산시,내삼미동,오산대역세교자이,매매,114동,24/25,550000000,108.39,OWNER,"즉시입주가능, 집상태좋음,중문,탄성,줄눈시공",25.04.19,"['10년이내', '대단지', '방세개', '화장실두개']",남동향,16774441.830427162
경기도,오산시,내삼미동,오산대역세교자이,매매,107동,16/25,570000000,108.39,OWNER,늦은잔금가능. 로얄동.층 . 뻥뷰. 폴리싱타일. 빠른입주가능. 도배 깨끗,25.04.19,"['10년이내', '대단지', '방세개', '화장실두개']",남동향,17384421.533351786
경기도,오산시,내삼미동,오산대역세교자이,매매,114동,10/25,533000000,108.39,OWNER,급매.채광좋고밝은집.깨끗하고상태좋아요. 수납공간많음,25.04.19,"['10년이내', '대단지', '급매', '방세개']",남동향,16255959.08294123
경기도,오산시,내삼미동,오산대역세교자이,매매,113동,20/25,540000000,108.39,OWNER,로얄층.시원한조망과밝은집.중문.줄눈.주인거주로입주협의가.,25.04.19,"['10년이내', '대단지', '방세개', '화장실두개']",남동향,16469451.978964852
경기도,오산시,내삼미동,오산대역세교자이,매매,111동,25/25,850000000,108.39,OWNER,세안고 매매. 광폭테라스. 꿈꾸는 다락방. 주변개발로 주목받는 아파트,25.04.17,"['10년이내', '테라스', '대단지', '탑층']",남동향,25924137.374296524
경기도,오산시,내삼미동,오산대역세교자이,매매,106동,16/25,630000000,108.39,OWNER,확트인뷰.집관리최고로 잘된집 .잔금날짜협의가능,25.04.16,"['10년이내', '대단지', '방세개', '화장실두개']",남동향,19214360.64212566
경기도,오산시,내삼미동,오산대역세교자이,매매,108동,7/25,780000000,108.39,OWNER,RR 선호최고동.오산대역 및 중심상가와 초등학교 가까운 로얄동,25.04.14,"['10년이내', '대단지', '방세개', '화장실두개']",남서향,23789208.41406034
경기도,오산시,내삼미동,오산대역세교자이,매매,113동,16/25,720000000,108.39,OWNER,수목원전망.앞뒤 트인전망.초품아.오산대역도보10분.북오산ic접근용이,25.04.14,"['10년이내', '대단지', '방세개', '화장실두개']",남서향,21959269.305286467
경기도,오산시,내삼미동,오산대역세교자이,매매,107동,저/25,580000000,108.39,OWNER,"입주협의,초등가까운동, 로얄동",25.04.19,"['10년이내', '대단지', '방세개', '화장실두개']",남동향,17689411.3848141
경기도,오산시,내삼미동,오산대역세교자이,매매,113동,고/25,560000000,108.39,OWNER,1번국도뷰.시원하고개방감있는전망.폴리싱타일.팬트리.중문.줄눈.탄성.깨끗,25.04.19,"['10년이내', '대단지', '방세개', '화장실두개']",남서향,17079431.681889474
경기도,오산시,내삼미동,오산대역세교자이,매매,102동,22/25,650000000,108.39,OWNER,트인전망.출입구및근린상가가까운동.초품아. 역세권.중심상가이용편리,25.04.12,"['10년이내', '대단지', '방세개', '화장실두개']",남서향,19824340.345050283
경기도,오산시,내삼미동,오산대역세교자이,매매,110동,7/19,560000000,108.39,NDOC2,"초품아,중심상가,오산대역 가까운동,학세권,슬세권,직주근접권",25.04.17,"['10년이내', '대단지', '방세개', '화장실두개']",남동향,17079431.681889474
경기도,오산시,내삼미동,오산대역세교자이,매매,102동,5/25,650000000,108.39,OWNER,예쁜단지뷰.드레스룸넓은타입.중문2.팬트리 장식장 2in1,25.04.10,"['10년이내', '대단지', '방세개', '화장실두개']",남서향,19824340.345050283
경기도,오산시,내삼미동,오산대역세교자이,매매,105동,저/25,580000000,108.39,OWNER,학교가까운동. 시스템에어컨완비. 중문 led. 입주협의,25.04.07,"['10년이내', '대단지', '방세개', '화장실두개']",남동향,17689411.3848141
경기도,오산시,내삼미동,오산대역세교자이,매매,106동,고/25,605000000,108.39,OWNER,로얄동.로얄층.폴리싱타일.펜트리장식장.빌트인냉장고.중문.줄눈.상태최고.,25.03.27,"['10년이내', '대단지', '방세개', '화장실두개']",남동향,18451886.01346988
경기도,오산시,내삼미동,오산대역세교자이,매매,114동,중/25,540000000,108.39,NDOC2,공실.로얄층.시원하고개방감있는뷰.초품아.오산대역도보권.,25.03.28,"['10년이내', '대단지', '방세개', '화장실두개']",남동향,16469451.978964852
경기도,오산시,내삼미동,오산대역세교자이,매매,108동,5/25,555000000,98.9,OWNER,막힘없는뷰.중문.팬트리.주인거주완전깨끗해요.오산대역단거리,25.04.19,"['10년이내', '대단지', '방세개', '화장실두개']",남동향,18551169.615773506
경기도,오산시,내삼미동,오산대역세교자이,매매,106동,25/25,730000000,98.9,OWNER,올인테리어된 로얄동테라스탑층.개방감최고.매우깨끗.시에4.중문3.냉온풍기.,25.04.19,"['10년이내', '테라스', '대단지', '탑층']",남서향,24400637.51263903
경기도,오산시,내삼미동,오산대역세교자이,매매,105동,25/25,730000000,98.9,OWNER,탑층힐링테라스와 나만의 다락방. 시스템에어컨4대. 디귿자형 드레스룸.,25.04.19,"['10년이내', '테라스', '대단지', '복층']",남서향,24400637.51263903
경기도,오산시,내삼미동,오산대역세교자이,매매,103동,5/20,550000000,98.9,OWNER,정 남향.주인거주 깨끗. 앞뒤전망최고.초품아. 역세권. 주출입구가까운동,25.04.19,"['10년이내', '대단지', '방세개', '화장실두개']",남향,18384041.961577352
경기도,오산시,내삼미동,오산대역세교자이,매매,105동,14/25,550000000,98.9,OWNER,"풀인테리어되었음,로얄동, 초등학교 가까운동, 해 잘듦,  역세권",25.04.19,"['10년이내', '대단지', '방세개', '화장실두개']",남서향,18384041.961577352
경기도,오산시,내삼미동,오산대역세교자이,매매,105동,2/25,510000000,98.9,OWNER,완전깨끗. 주인거주. 초품아.사생활완전보호. 예쁜 전망과 채광짱,25.04.19,"['10년이내', '대단지', '방세개', '화장실두개']",남서향,17047020.728008088
경기도,오산시,내삼미동,오산대역세교자이,매매,110동,1/19,500000000,98.9,OWNER,"초품아,주방펜트리,중문2,방범창설치,안방드레스룸쵝오,집상태완전깨끗해요",25.04.17,"['10년이내', '대단지', '1층', '방세개']",남향,16712765.419615772
경기도,오산시,내삼미동,오산대역세교자이,매매,110동,5/19,500000000,98.9,OWNER,착한매물. 중문. 예쁜정원보이는 조용한 집. 커뮤니티시설 인근,25.04.17,"['10년이내', '마당', '대단지', '방세개']",남동향,16712765.419615772
경기도,오산시,내삼미동,오산대역세교자이,매매,103동,2/20,550000000,98.9,OWNER,필로티. 시스템에어컨4.식세기.팬트리.중문.입주협의,25.04.17,"['10년이내', '대단지', '필로티', '방세개']",남향,18384041.961577352
경기도,오산시,내삼미동,오산대역세교자이,전세,105동,9/25,410000000,98.9,OWNER,"로얄동 정원보이는뷰.역세권,초품아,드레스룸 넓은 깨끗한 집.",25.04.15,"['10년이내', '융자금없는', '마당', '대단지']",남서향,13704467.644084934
경기도,오산시,내삼미동,오산대역세교자이,매매,106동,16/25,750000000,98.9,OWNER,조망좋은 단지중앙동. 세미초1분.오산대역9분.매우깨끗이관리된 집,25.04.14,"['10년이내', '대단지', '방세개', '화장실두개']",남서향,25069148.12942366
경기도,오산시,내삼미동,오산대역세교자이,매매,108동,23/25,700000000,98.9,OWNER,30형.로얄층.로얄동.주인거주로 집상태 최상.초등 초인접.깨끗한집,25.04.14,"['10년이내', '대단지', '방세개', '화장실두개']",남서향,23397871.587462083
경기도,오산시,내삼미동,오산대역세교자이,매매,106동,12/25,600000000,98.9,OWNER,"전망좋은 힐링하우스.주인거주깨끗.세미초 바로앞.팬트리,중문,생활인테리어",25.04.14,"['10년이내', '대단지', '방세개', '화장실두개']",남서향,20055318.50353893
경기도,오산시,내삼미동,오산대역세교자이,매매,105동,저/25,515000000,98.9,OWNER,로얄동.지대높음.중문.줄눈.탄성.예쁜정원뷰.주인거주로매우깨끗해요.,25.04.19,"['10년이내', '대단지', '방세개', '화장실두개']",남서향,17214148.382204246
경기도,오산시,내삼미동,오산대역세교자이,매매,111동,중/25,550000000,98.9,OWNER,"확트인조망권, 주인거주상태 굿, 중문, 팬트리설치됨, 입주협의가능",25.04.19,"['10년이내', '대단지', '방세개', '화장실두개']",남서향,18384041.961577352
경기도,오산시,내삼미동,오산대역세교자이,매매,101동,중/25,525000000,98.9,OWNER,시원한 조망. 화이트인테리어. 주인거주로 내부 깨끗 입주협의,25.04.19,"['10년이내', '대단지', '방세개', '화장실두개']",남동향,17548403.690596562
경기도,오산시,내삼미동,오산대역세교자이,전세,111동,21/25,450000000,98.9,OWNER,전망좋은집.팬트리.초품아.광폭드레스룸. 맘스테이션 가까운동,25.04.10,"['10년이내', '융자금없는', '대단지', '방세개']",남동향,15041488.877654195
경기도,오산시,내삼미동,오산대역세교자이,매매,101동,8/25,530000000,98.9,NDOC2,시에2대.중문.추가팬트리.정문후문초등가가운로얄동.주인거주로관리잘된집,25.04.15,"['10년이내', '대단지', '방세개', '화장실두개']",남동향,17715531.34479272
경기도,오산시,내삼미동,오산대역세교자이,매매,101동,1/25,490000000,98.9,OWNER,세안고. 광폭드레스룸. 트인전망.초품아.역세권. 맘스테이션가까운동,25.04.08,"['10년이내', '대단지', '1층', '방세개']",남향,16378510.11122346
경기도,오산시,내삼미동,오산대역세교자이,매매,111동,11/25,580000000,98.9,OWNER,"주인거주, 탁트인 집, 전망매우우수, 집상태좋음",25.04.03,"['10년이내', '대단지', '방세개', '화장실두개']",남서향,19386807.886754297
경기도,오산시,내삼미동,오산대역세교자이,매매,108동,고/25,560000000,98.9,OWNER,선호동층.시원한 뷰.완전깨끗.중문2.줄눈.세미초바로앞.오산대역근거리동,25.04.08,"['10년이내', '대단지', '방세개', '화장실두개']",남동향,18718297.269969665
경기도,오산시,내삼미동,오산대역세교자이,매매,108동,중/25,540000000,98.9,OWNER,"세끼고 매매, 오산대역 제일가까운동, 고층뷰,초품아 대단지 아파트",25.03.27,"['10년이내', '대단지', '방세개', '화장실두개']",남동향,18049786.653185036
경기도,오산시,내삼미동,오산대역세교자이,매매,101동,5/25,500000000,98.82,OWNER,"전세끼고 매매 가능, 맘스테이션가까운동, 초등학교 가까움",25.04.19,"['10년이내', '대단지', '방세개', '화장실두개']",남동향,16726295.284355395
경기도,오산시,내삼미동,오산대역세교자이,매매,101동,15/25,630000000,98.82,OWNER,"맘스테이션가까운동,탁 트인뷰, 로얄층,상태양호,중문,입주협의",25.04.15,"['10년이내', '대단지', '방세개', '화장실두개']",남동향,21075132.0582878
경기도,오산시,내삼미동,오산대역세교자이,매매,101동,8/25,540000000,98.82,OWNER,동간거리 넓어서 전망 굿. 일조량좋음.조용한동. 초품아.역세권,25.04.12,"['10년이내', '대단지', '방세개', '화장실두개']",남동향,18064398.907103825
경기도,오산시,내삼미동,오산대역세교자이,매매,101동,23/25,650000000,98.82,OWNER,로얄층으로 확트인 조망.채광통풍 굿.관리잘된 집.입주협의가,25.04.12,"['10년이내', '대단지', '방세개', '화장실두개']",남동향,21744183.869662013
경기도,오산시,내삼미동,오산대역세교자이,매매,101동,중/25,550000000,98.82,OWNER,인기동로얄층. 주인거주로 깨끗 . 팬트리.인덕션. 식세기. 초품아,25.04.14,"['10년이내', '대단지', '방세개', '화장실두개']",남서향,18398924.812790934
경기도,오산시,내삼미동,오산대역세교자이,매매,114동,저/25,550000000,98.82,OWNER,10층이하. 트인뷰.입주협의.초품아.역세권.주인거주깨끗,25.04.10,"['10년이내', '대단지', '방세개', '화장실두개']",남서향,18398924.812790934
경기도,오산시,내삼미동,오산대역세교자이,매매,101동,저/25,520000000,98.82,OWNER,10층이하. 조용하며 정원뷰가 예뻐요. 중문. 화이트도배. 주인거주깨끗.,25.04.07,"['10년이내', '대단지', '방세개', '화장실두개']",남서향,17395347.09572961
경기도,오산시,내삼미동,오산대역호반써밋,매매,105동,10/25,625000000,128.27,OWNER,급매.실사진 .방3.중문2.붙박이장.LED등.빌트인냉장과김냉.줄눈.깨끗함,25.04.19,"['10년이내', '급매', '방세개', '화장실두개']",남향,16107551.453964293
경기도,오산시,내삼미동,오산대역호반써밋,매매,105동,10/25,650000000,128.27,OWNER,황홀한 전망.햇살 가득.왕깨끗.방4.역세권 .초중고 코앞.입주협의가능,25.04.19,"['10년이내', '방네개이상', '화장실두개', '중층']",남향,16751853.512122864
경기도,오산시,내삼미동,오산대역호반써밋,매매,105동,3/25,640000000,128.27,OWNER,"인테리어 깔끔 빛잘들고 조용함,주인거주로 관리잘된집,입주협의",25.04.18,"['10년이내', '방네개이상', '화장실두개', '세대당1대']",남향,16494132.688859437
경기도,오산시,내삼미동,오산대역호반써밋,매매,105동,14/25,700000000,128.27,OWNER,"수려한 필봉산뷰,막힘없고,정남향,판상형,평지,일조권,조망권굿,뷰맛집임니다",25.04.18,"['10년이내', '방네개이상', '화장실두개', '중층']",남향,18040457.62844001
경기도,오산시,내삼미동,오산대역호반써밋,매매,105동,18/25,720000000,128.27,OWNER,"필봉산과 집앞 바로앞 공원 뷰,  역세권,시스템에어컨,인테리어.방4개.",25.04.18,"['10년이내', '방네개이상', '화장실두개', '고층']",남향,18555899.274966866
경기도,오산시,내삼미동,오산대역호반써밋,매매,105동,4/25,700000000,128.27,OWNER,햇살 가득.최고의 전망.역세권.숲세권.초중고 코앞.주인거주로 깨끗,25.04.17,"['10년이내', '방세개', '화장실두개', '세대당1대']",남향,18040457.62844001
경기도,오산시,내삼미동,오산대역호반써밋,매매,105동,중/25,680000000,128.27,OWNER,"역세권,학세권,수세권,막힘없는뷰맛집,주인거주,도배장판깨끗,중문,줄눈,탄성",25.04.17,"['10년이내', '방세개', '화장실두개', '중층']",남향,17525015.981913153
경기도,오산시,내삼미동,오산대역호반써밋,매매,105동,7/25,730000000,128.27,OWNER,필봉산과 공원 전망.정남향.방4. 숲세권.역세권.학세권,25.03.27,"['10년이내', '방네개이상', '화장실두개', '세대당1대']",남향,18813620.098230295
경기도,오산시,내삼미동,오산대역호반써밋,매매,105동,23/25,680000000,128.27,OWNER,확트인 전망.햇살 가득.완전깨끗.역세권 .초중고 코앞.로얄동 로얄층,25.03.27,"['10년이내', '방네개이상', '화장실두개', '고층']",남향,17525015.981913153
경기도,오산시,내삼미동,오산대역호반써밋,매매,106동,2/25,510000000,112.21,OWNER,왕.추.천.공원앞.사생활보호.필로티.채광과 전망 짱.학세.역세.슬세.숲세,25.04.19,"['10년이내', '필로티', '방세개', '화장실두개']",남향,15024956.331877733
경기도,오산시,내삼미동,오산대역호반써밋,매매,103동,13/25,540000000,112.21,OWNER,선호도.안방넓은선호도높은타입.방4.세안고.역세권.학세권.숲세권아파트,25.04.19,"['10년이내', '방네개이상', '화장실두개', '중층']",남향,15908777.292576421
경기도,오산시,내삼미동,오산대역호반써밋,매매,102동,24/25,550000000,112.21,OWNER,귀한 안방넓은B타입.깨끗.채광과 전망 짱.큰거실.학세권.역세.슬세.숲세,25.04.19,"['10년이내', '방세개', '화장실두개', '고층']",남향,16203384.279475985
경기도,오산시,내삼미동,오산대역호반써밋,매매,106동,11/25,540000000,112.21,OWNER,"로얄동 로얄층,공원뷰가 예쁨,오산대역세권,깨끗",25.04.17,"['10년이내', '방네개이상', '화장실두개', '중층']",남향,15908777.292576421
경기도,오산시,내삼미동,오산대역호반써밋,매매,103동,고/25,540000000,112.21,OWNER,"귀한 안방넓은 타입, 방3개 거실확장, 전망  우수 l 주인거주 l 중문",25.04.19,"['10년이내', '방세개', '화장실두개', '고층']",남향,15908777.292576421
경기도,오산시,내삼미동,오산대역호반써밋,매매,110동,6/22,535000000,111.89,OWNER,"전면동,해잘들고 집상태좋음,중문,붙박이장,탄성,LED전등",25.04.21,"['10년이내', '방네개이상', '화장실두개', '세대당1대']",남향,15806550.853516847
경기도,오산시,내삼미동,오산대역호반써밋,매매,104동,23/25,540000000,111.89,OWNER,"필봉산조망권, 넓은방 방끼리확장, 해잘들고 상태 깨끗",25.04.19,"['10년이내', '방세개', '화장실두개', '고층']",남향,15954275.627848782
경기도,오산시,내삼미동,오산대역호반써밋,매매,102동,22/25,535000000,111.89,OWNER,"동간간격넓고 해 잘듦, 앞뒤 통풍이 잘 되는 동, 출입구와 가까워요",25.04.19,"['10년이내', '방세개', '화장실두개', '고층']",남향,15806550.853516847
경기도,오산시,내삼미동,오산대역호반써밋,매매,110동,19/22,540000000,111.89,OWNER,"추.천. 전면동, 시에4대, 식세기, 인덕션, 줄눈, led등교체",25.04.19,"['10년이내', '방네개이상', '화장실두개', '고층']",남향,15954275.627848782
경기도,오산시,내삼미동,오산대역호반써밋,매매,110동,18/22,530000000,111.89,OWNER,"강추, 급매, 시스템에어컨5대, 역세권, 채광및 전망 우수함",25.04.19,"['10년이내', '급매', '방세개', '화장실두개']",남향,15658826.079184916
경기도,오산시,내삼미동,오산대역호반써밋,매매,110동,22/22,550000000,111.89,OWNER,"탑 층, 전  면 동, 조망권 우수, 역 가까운동, 생활권우수",25.04.19,"['10년이내', '탑층', '방네개이상', '화장실두개']",남향,16249725.17651265
경기도,오산시,내삼미동,오산대역호반써밋,매매,103동,24/25,545000000,111.89,OWNER,"방4, 중문, 전망좋음, 해잘드는 동, 빠른입주도 협의 가능",25.04.19,"['10년이내', '방네개이상', '화장실두개', '고층']",남향,16102000.402180715
경기도,오산시,내삼미동,오산대역호반써밋,매매,104동,6/25,540000000,111.89,OWNER,"필봉산과 정원 우수한  뷰, 집주인거주로 완전깨끗, 화이트루버셔터,식세기",25.04.19,"['10년이내', '마당', '방세개', '화장실두개']",남향,15954275.627848782
경기도,오산시,내삼미동,오산대역호반써밋,매매,107동,6/25,535000000,111.89,OWNER,"집상태 굿, 정원이 펼쳐보이는 뷰, 조용한 동, 입주협의 가능",25.04.19,"['10년이내', '마당', '방네개이상', '화장실두개']",남향,15806550.853516847
경기도,오산시,내삼미동,오산대역호반써밋,매매,108동,7/24,535000000,111.89,OWNER,"로얄동, 진출입 편리한동, 방4, 동간간격넓어 정원이 펼쳐보이는 동",25.04.19,"['10년이내', '마당', '방네개이상', '화장실두개']",남향,15806550.853516847
경기도,오산시,내삼미동,오산대역호반써밋,매매,110동,20/22,540000000,111.89,OWNER,"깨.끗.한.집. 주인거주, 그레이인테리어, 로얄동",25.04.19,"['10년이내', '방세개', '화장실두개', '고층']",남향,15954275.627848782
경기도,오산시,내삼미동,오산대역호반써밋,매매,103동,7/25,530000000,111.89,OWNER,"방4,동간간격넓어 정원이 예쁘게 보여요, 부분인테리어,집상태깨끗",25.04.19,"['10년이내', '마당', '방네개이상', '화장실두개']",남향,15658826.079184916
경기도,오산시,내삼미동,오산대역호반써밋,매매,102동,24/25,540000000,111.89,OWNER,추. 천. 매. 물 . 전망.정남향.주인거주.햇살가득.매우깨끗,25.04.19,"['10년이내', '방네개이상', '화장실두개', '고층']",남향,15954275.627848782
경기도,오산시,내삼미동,오산대역호반써밋,매매,108동,22/24,520000000,111.89,OWNER,"거실넓은타입,수목원뷰전망나오는 동, 초등학교가까운동, 진출입편리",25.04.19,"['10년이내', '방세개', '화장실두개', '고층']",남향,15363376.530521048
경기도,오산시,내삼미동,오산대역호반써밋,전세,108동,13/24,350000000,111.89,OWNER,"로얄동, 진출입 편리한동, 방4, 오산대역가까운동,입주협의",25.04.19,"['10년이내', '방네개이상', '화장실두개', '중층']",남향,10340734.20323532
경기도,오산시,내삼미동,오산대역호반써밋,매매,102동,1/25,500000000,111.89,OWNER,추.천.매.물.귀한1층.조용한동.깨끗.역세권.학세권.숲세권,25.04.19,"['10년이내', '1층', '방세개', '화장실두개']",남향,14772477.433193315
경기도,오산시,내삼미동,오산대역호반써밋,매매,109동,22/22,530000000,111.89,OWNER,전면동.탑층.방4. 오산대역 최단거리.세미초 코앞.전망과 채광 아주 좋음,25.04.19,"['10년이내', '탑층', '방네개이상', '화장실두개']",남향,15658826.079184916
경기도,오산시,내삼미동,오산대역호반써밋,매매,107동,2/25,520000000,111.89,OWNER,최신화이트인테리어. 방4 .햇살가득 남향. 보면반할 집.,25.04.19,"['10년이내', '방네개이상', '화장실두개', '세대당1대']",남향,15363376.530521048
경기도,오산시,내삼미동,오산대역호반써밋,매매,107동,5/25,520000000,111.89,OWNER,매우깨끗.채광 및 전망 우수. 큰거실.주인거주.동선 매우 좋음,25.04.19,"['10년이내', '방세개', '화장실두개', '세대당1대']",남향,15363376.530521048
경기도,오산시,내삼미동,오산대역호반써밋,매매,108동,22/24,540000000,111.89,OWNER,추. 천. 매. 물 . 시원히 뻥 뚤린 전망.정남향.주인거주.매우깨끗,25.04.19,"['10년이내', '방세개', '화장실두개', '고층']",남향,15954275.627848782
경기도,오산시,내삼미동,오산대역호반써밋,매매,102동,24/25,540000000,111.89,OWNER,전망 채광 우수.왕깨끗.방4.역세권.숲세권.세미초코앞.역도보10분,25.04.19,"['10년이내', '방네개이상', '화장실두개', '고층']",남향,15954275.627848782
경기도,오산시,내삼미동,오산대역호반써밋,매매,108동,23/24,570000000,111.89,OWNER,최신형심플인테리어.로얄동.채광과 전망 아주 우수. 왕깨끗.역도보10분,25.04.19,"['10년이내', '방세개', '화장실두개', '고층']",남향,16840624.27384038
경기도,오산시,내삼미동,오산대역호반써밋,매매,104동,16/25,550000000,111.89,OWNER,정남향.넓은거실.밝고 환한집.조용하고 전망 좋음,25.04.19,"['10년이내', '방세개', '화장실두개', '중층']",남향,16249725.17651265
경기도,오산시,내삼미동,오산대역호반써밋,매매,107동,1/25,520000000,111.89,OWNER,추.천.매.물. 한1층.매우 깨끗.역세권.학세권.숲세권.동선 매우 좋은동,25.04.19,"['10년이내', '1층', '방세개', '화장실두개']",남향,15363376.530521048
경기도,오산시,내삼미동,오산대역호반써밋,매매,108동,9/24,550000000,111.89,OWNER,주인거주.방4.학교와 버스정류장이 코앞.정남향.채광과 전망 우수,25.04.19,"['10년이내', '방네개이상', '화장실두개', '중층']",남향,16249725.17651265
경기도,오산시,내삼미동,오산대역호반써밋,매매,106동,7/25,600000000,111.89,OWNER,"전망우수한동,  공원이 마당처럼 보이는 전면동, 생활권우수, 학세권",25.04.18,"['10년이내', '마당', '방네개이상', '화장실두개']",남향,17726972.91983198
경기도,오산시,내삼미동,오산대역호반써밋,매매,110동,16/22,600000000,111.89,OWNER,"로얄동,로얄층,주인세대,집상태최상,중심상가,버스정류장,초등학교가까운동",25.04.17,"['10년이내', '방세개', '화장실두개', '고층']",남향,17726972.91983198
경기도,오산시,내삼미동,오산대역호반써밋,매매,104동,13/25,550000000,111.89,OWNER,"로얄층매물,필봉산뷰완전좋아요중문,탄성,식세기,주인거주로 집상태 매우 굿",25.04.17,"['10년이내', '방네개이상', '화장실두개', '중층']",남향,16249725.17651265
경기도,오산시,내삼미동,오산대역호반써밋,매매,106동,21/25,650000000,111.89,OWNER,찐로얄동 로얄층.풍부한햇살.전망 좋음.쾌적한 역세권.주인거주로 완전 깨끗,25.04.17,"['10년이내', '방네개이상', '화장실두개', '고층']",남향,19204220.66315131
경기도,오산시,내삼미동,오산대역호반써밋,매매,104동,18/25,600000000,111.89,OWNER,로얄동 로얄층.매우깨끗.전망짱.풍부한 채광.숲세권.학세권.역세권,25.04.17,"['10년이내', '방네개이상', '화장실두개', '고층']",남향,17726972.91983198
경기도,오산시,내삼미동,오산대역호반써밋,매매,101동,3/25,550000000,111.89,OWNER,"정문,초등학교,스쿨존입구동,일조권,조망권,채광굿,잡상태깨끗,아주좋아요",25.04.14,"['10년이내', '방네개이상', '화장실두개', '세대당1대']",남향,16249725.17651265
경기도,오산시,내삼미동,오산대역호반써밋,매매,110동,9/22,650000000,111.89,OWNER,"오산대역,홈플도보10이내,중심상가,버스정류장, 초등하교,가까운동,",25.04.14,"['10년이내', '방세개', '화장실두개', '중층']",남향,19204220.66315131
경기도,오산시,내삼미동,오산대역호반써밋,매매,110동,고/22,535000000,111.89,OWNER,로얄층.아주깨끗한집.중문.줄눈.탄성.식세기.최근화장실타일수리.입주협의가능,25.04.19,"['10년이내', '방세개', '화장실두개', '고층']",남향,15806550.853516847
경기도,오산시,내삼미동,오산대역호반써밋,매매,102동,23/25,550000000,111.89,NDOC2,입주협의  고층햇살가득 남향  거실확장형 수납공간 많음,25.04.18,"['10년이내', '방세개', '화장실두개', '고층']",남향,16249725.17651265
경기도,오산시,내삼미동,오산대역호반써밋,매매,109동,10/22,580000000,111.89,OWNER,시스템에어컨.찐로얄동 로얄층.왕깨끗.예쁜 전망.풍부한 채광.학세권.역세권,25.04.11,"['10년이내', '방세개', '화장실두개', '중층']",남향,17136073.822504245
경기도,오산시,내삼미동,오산대역호반써밋,매매,108동,중/24,540000000,111.89,OWNER,정남향 판상형 중심상가 초등학교 가까운동 동간거리 넓고 일조량 풍부합니다,25.04.17,"['10년이내', '방네개이상', '화장실두개', '중층']",남향,15954275.627848782
경기도,오산시,내삼미동,오산대역호반써밋,매매,107동,25/25,540000000,111.89,OWNER,"전세끼고,전망좋고 해  잘듦, 방4, 층간소음없는 탑층, 시에3대",25.04.08,"['10년이내', '탑층', '방네개이상', '화장실두개']",남향,15954275.627848782
경기도,오산시,내삼미동,오산대역호반써밋,매매,104동,21/25,550000000,111.89,OWNER,"필봉산 전망, 해 잘듦,주인거주 깨끗, 중문, 입주협의",25.04.08,"['10년이내', '방세개', '화장실두개', '고층']",남향,16249725.17651265
경기도,오산시,내삼미동,오산대역호반써밋,매매,109동,중/22,650000000,111.89,OWNER,"로얄동,로얄층,초중고,초인접이라 등하교굿,오산대역,홈플러스,등편의시설굿.",25.04.14,"['10년이내', '방네개이상', '화장실두개', '중층']",남향,19204220.66315131
경기도,오산시,내삼미동,오산대역호반써밋,매매,109동,14/22,590000000,111.89,OWNER,전면동.로얄동.로얄층.채광과 전망 짱.학세권.역세권.슬세권.숲세권,25.04.07,"['10년이내', '방세개', '화장실두개', '중층']",남향,17431523.371168114
경기도,오산시,내삼미동,오산대역호반써밋,매매,109동,2/22,535000000,111.89,OWNER,방3 거실확장형  주인거주라 깨끗해요,25.04.03,"['10년이내', '방세개', '화장실두개', '세대당1대']",남향,15806550.853516847
경기도,오산시,내삼미동,오산대역호반써밋,매매,102동,25/25,550000000,111.89,MOBL,"정남향 최상층, 볕 매우 잘 드는 집, 입주시기 조정이 비교적 자유로",25.04.02,"['10년이내', '탑층', '방네개이상', '화장실두개']",남향,16249725.17651265
경기도,오산시,내삼미동,오산대역호반써밋,매매,103동,중/25,550000000,111.89,OWNER,"필봉산뷰,공원뷰굿,정남향,일조량,조망권,햇살 아주 좋아요",25.04.08,"['10년이내', '방세개', '화장실두개', '중층']",남향,16249725.17651265
경기도,오산시,내삼미동,오산대역호반써밋,매매,108동,8/24,700000000,111.89,OWNER,"동간거리 넓은 정남향. 가든뷰로 안정감 있는 집.초중고,오산대역인접",25.03.27,"['10년이내', '방네개이상', '화장실두개', '세대당1대']",남향,20681468.40647064
경기도,오산시,내삼미동,오산대역호반써밋,매매,109동,13/22,600000000,111.89,OWNER,전면동.로얄동 로얄층.정남향.학세.역세.슬세.숲세권.도보10분생활권,25.03.24,"['10년이내', '방네개이상', '화장실두개', '중층']",남향,17726972.91983198
경기도,오산시,내삼미동,오산대역호반써밋,매매,106동,중/25,560000000,111.89,OWNER,찐찐로얄동.세안고.로얄층.왕깨끗.필봉산뷰.학세.역세.슬세.숲세권,25.03.27,"['10년이내', '방네개이상', '화장실두개', '중층']",남향,16545174.725176513
경기도,오산시,내삼미동,오산대역호반써밋,매매,102동,저/25,510000000,111.89,NONE,리모델링으로 심플인테리어.예쁜초록정원뷰.매우깨끗,25.04.18,"['10년이내', '방세개', '화장실두개', '세대당1대']",남향,15067926.981857182
경기도,오산시,누읍동,이림,매매,101동,18/20,130000000,48.79,OWNER,전체적으로 리모델링 하여 좋음 앞이 확트여 경치좋아요 남향 햇볕잘들어옴,25.04.15,"['25년이내', '소형평수', '방두개', '화장실한개']",남향,8808199.426111909
경기도,오산시,누읍동,이림,전세,101동,3/20,890000000000,48.79,NDOC1,"5월 입주협의 , 안전한 전세추천합니다",25.04.14,"['25년이내', '소형평수', '방두개', '화장실한개']",남향,60302288378.76614
경기도,오산시,누읍동,이림,매매,101동,16/20,115000000,48.79,DOCV2,전면동 선호하는동  아주 깨끗 전세 안고,25.04.17,"['25년이내', '소형평수', '방두개', '화장실한개']",남향,7791868.723098996
경기도,오산시,누읍동,이림,매매,103동,2/20,100000000,48.79,DOCV2,월세끼고 투자용으로 추천 화장실수리됨,25.04.16,"['25년이내', '욕실수리', '소형평수', '방두개']",남향,6775538.020086084
경기도,오산시,누읍동,이림,매매,101동,20/20,115000000,48.79,DOCV2,햇빛잘들어오는 남향 깨끗하게 관리된집,25.04.16,"['25년이내', '소형평수', '탑층', '방두개']",남향,7791868.723098996
경기도,오산시,누읍동,이림,매매,101동,2/20,103000000,48.79,DOC,씽크대및신발장.LED전등교체된깨끗하고편리한구조의급매가매물로 협의정상입주,25.04.18,"['25년이내', '급매', '필로티', '화장실한개']",남향,6978804.160688667
경기도,오산시,누읍동,이림,매매,103동,3/20,110000000,48.79,DOC,남향 전세끼고 미리 선점하실분  모셔요,25.04.16,"['25년이내', '소형평수', '방두개', '화장실한개']",남향,7453091.822094692
경기도,오산시,누읍동,이림,매매,101동,저/20,110000000,48.79,OWNER,세끼고 매매. 월세수익투자하실분. 양변기교체.냉장고.에어컨.도배.장판,25.04.09,"['25년이내', '소형평수', '방두개', '화장실한개']",남향,7453091.822094692
경기도,오산시,누읍동,이림,월세,102동,5/20,500/50,48.79,DOCV2,깨끗하고 좋은 집입니다,25.04.08,"['25년이내', '소형평수', '방두개', '화장실한개']",동향,
경기도,오산시,누읍동,이림,매매,101동,2/20,110000000,48.79,DOC,2년차 샷시제외 올수리 월세 끼고 ,25.04.08,"['25년이내', '올수리', '소형평수', '방두개']",남향,7453091.822094692
경기도,오산시,누읍동,이림,매매,102동,17/20,113000000,48.79,DOC,20275월만기 소액투자가능한 로얄층  깨끗한 매물로 매매 가격도 저렴,25.04.07,"['25년이내', '화장실한개', '소형평수', '방두개']",남동향,7656357.962697275
경기도,오산시,누읍동,이림,월세,101동,2/20,500/50,48.79,DOC,5월초부터 입주가능 올수리된집,25.04.07,"['25년이내', '올수리', '소형평수', '방두개']",남향,
경기도,오산시,누읍동,이림,매매,102동,저/20,950000000000,48.79,DOCV2,시세보다저렴 내집마련의 기회 투자가능,25.04.02,"['25년이내', '소형평수', '방두개', '화장실한개']",동향,64367611190.817795
경기도,오산시,누읍동,이림,매매,102동,저/20,105000000,48.79,DOC,세안고 저렴한 아파트 매매,25.04.04,"['25년이내', '소형평수', '방두개', '화장실한개']",동향,7114314.921090388
경기도,오산시,누읍동,이림,매매,101동,7/20,125000000,48.79,DOC,"올수리된 RR, 조망좋은 남향, 가격과 날짜 조율가능",25.03.26,"['25년이내', '올수리', '소형평수', '방두개']",남향,8469422.525107605
경기도,오산시,누읍동,이림,매매,103동,14/20,115000000,48.79,DOC,20273만기투자.씽크대및신발장.LED전등교체등된조망최고전면동남향로얄층,25.03.25,"['25년이내', '화장실한개', '소형평수', '방두개']",남향,7791868.723098996
경기도,오산시,누읍동,이림,월세,101동,2/20,500/50,48.79,DOC,4월말이후입주.씽크대및신발장.LED전등교체된깨끗하고편리한구조의직장인환영,25.03.22,"['25년이내', '필로티', '화장실한개', '소형평수']",남향,
경기도,오산시,누읍동,이림,매매,102동,9/20,110000000,48.79,NONE,500만원 전세끼고 투자용 씽크대 기타등등 수리 ,25.04.16,"['25년이내', '소형평수', '방두개', '화장실한개']",동향,7453091.822094692
경기도,오산시,누읍동,이림,매매,102동,중/20,110000000,48.79,NONE,협의입주가능하며 사이드아닌집,25.04.16,"['25년이내', '소형평수', '방두개', '화장실한개']",동향,7453091.822094692
경기도,오산시,누읍동,이림,전세,101동,5/20,950000000000,48.79,NONE,협의입주가능 기본 깨끗하게 관리잘된 집,25.04.16,"['25년이내', '소형평수', '방두개', '화장실한개']",남향,64367611190.817795
경기도,오산시,누읍동,중흥S-클래스에듀하이,매매,1606동,저/25,500000000,112.1,NDOC1,선호하는 84A 에어컨5 주방팬트리 아일랜드식탁 중문 화장대 드레스룸,25.04.18,"['2년이내', '방세개', '화장실두개', '세대당1대']",남향,14744803.746654773
경기도,오산시,누읍동,중흥S-클래스에듀하이,월세,1608동,중/25,"3,000/125",112.1,NDOC1,에어컨5대 중문 드레스룸 주방팬트리 현관펜트리 엘리베이터 편리동,25.04.18,"['2년이내', '방세개', '화장실두개', '중층']",남향,
경기도,오산시,누읍동,중흥S-클래스에듀하이,매매,1608동,고/25,530000000,112.1,OWNER,"옵션최상,너무좋네요,시원한뷰,보실수있어요,코너로 오세요",25.04.07,"['2년이내', '방세개', '화장실두개', '고층']",남향,15629491.97145406
경기도,오산시,누읍동,중흥S-클래스에듀하이,전세,1607동,2/25,330000000,112.1,OWNER,"정남향 귀한필로티구조 층간소음 걱정없어요,스타일러제외 풀옵션세대",25.03.28,"['2년이내', '융자금없는', '방세개', '화장실두개']",남향,9731570.47279215
경기도,오산시,누읍동,중흥S-클래스에듀하이,월세,1607동,23/25,"3,000/110",102.98,OWNER,"뻥뷰,옵션최상,에어컨4대,냉장고장,주방가구,드레스룸,중문,구경오세요",25.04.19,"['2년이내', '방세개', '화장실두개', '고층']",남향,
경기도,오산시,누읍동,중흥S-클래스에듀하이,월세,1603동,20/23,"5,000/150",101.99,NDOC1,뻥뷰 에어컨5 냉장고장 주방가구 드레스룸 현관중문,25.03.27,"['2년이내', '방세개', '화장실두개', '고층']",남향,
경기도,오산시,누읍동,한라그린타운,매매,110동,9/18,330000000,140.34,NDOC1,전세끼고 매매 깔끔한 중문설치 바닥 새로 교체함 저렴한가격선점하세요,25.04.18,"['25년이내', '대형평수', '방네개이상', '화장실두개']",남향,7773329.414279606
경기도,오산시,누읍동,한라그린타운,매매,103동,18/20,320000000,140.34,NDOC1,주인거주로 컨디션굿 깔끔 선호하는 앞동 전망 좋아요,25.04.10,"['25년이내', '대형평수', '방네개이상', '화장실두개']",남향,7537773.977483256
경기도,오산시,누읍동,한라그린타운,매매,103동,8/20,325000000,140.34,DOC,조망최고전면동로얄층.거실확장.씽크교체및욕실리모델.중문설치된주인세대,25.04.15,"['25년이내', '화장실두개', '대형평수', '방네개이상']",남향,7655551.695881432
경기도,오산시,누읍동,한라그린타운,매매,110동,6/18,305000000,140.34,DOC,협의입주 남향 2개월내 방4 욕실2,25.04.11,"['25년이내', '대형평수', '방네개이상', '화장실두개']",남향,7184440.822288727
경기도,오산시,누읍동,한라그린타운,매매,110동,14/18,330000000,140.34,DOC,협의입주 3개월 남향 올수리된집,25.04.07,"['25년이내', '올수리', '대형평수', '방네개이상']",남향,7773329.414279606
경기도,오산시,누읍동,한라그린타운,매매,103동,9/20,350000000,140.34,OWNER,뻥뷰 남향 로열층 욕실 씽크대 신발장 전등등 교체 주인거주 관리잘된집,25.03.22,"['25년이내', '대형평수', '방네개이상', '화장실두개']",남향,8244440.28787231
경기도,오산시,누읍동,한라그린타운,매매,101동,10/20,260000000,99.35,NDOC1,앞이뻥막힘없는 아파트,25.04.18,"['25년이내', '방세개', '화장실두개', '중층']",남향,8651274.28283845
경기도,오산시,누읍동,한라그린타운,전세,101동,19/20,200000000,99.35,NDOC1,로얄동 뻥뷰 도배 중문 싱크대 리폼함 귀한 전세 선점하세요,25.04.14,"['25년이내', '방세개', '화장실두개', '고층']",남향,6654826.371414193
경기도,오산시,누읍동,한라그린타운,매매,101동,13/20,300000000,99.35,OWNER,시원한뷰 전체리모델링 주인거주 입주협의 추전드려요,25.04.14,"['25년이내', '방세개', '화장실두개', '중층']",남향,9982239.55712129
경기도,오산시,누읍동,한라그린타운,매매,109동,19/20,230000000,99.35,NDOC1,"정남향, 동간거리 채광좋음 빠른입주협의가능",25.04.11,"['25년이내', '방세개', '화장실두개', '고층']",남향,7653050.327126321
경기도,오산시,누읍동,한라그린타운,매매,101동,15/20,300000000,99.35,OWNER,뻥뷰 너무좋아요 입주협의가능 버스정류장 상가쪽 가까워요,25.04.09,"['25년이내', '방세개', '화장실두개', '고층']",남향,9982239.55712129
경기도,오산시,누읍동,한라그린타운,매매,109동,1/20,230000000,99.35,OWNER,"층간소음 걱정없는 아이키우기 좋은집,채광좋음,중문설치,가격조정가능",25.04.09,"['25년이내', '1층', '방세개', '화장실두개']",남향,7653050.327126321
경기도,오산시,누읍동,한라그린타운,매매,101동,7/20,270000000,99.35,DOC,선호하는 정남향 주방 욕실 일부 리모델링 주인거주 관리 굿 ,25.04.16,"['25년이내', '방세개', '화장실두개', '중층']",남향,8984015.60140916
경기도,오산시,누읍동,한라그린타운,매매,109동,8/20,235000000,99.35,DOC,공실 거실과 작은방1 확장 부분수리 교통편리 초중고인접 남향,25.04.16,"['25년이내', '방세개', '화장실두개', '중층']",남향,7819420.986411677
경기도,오산시,누읍동,한라그린타운,매매,108동,저/20,210000000,99.35,OWNER,공실o비번보유o집상태좋음o매.물.접.수.받.아.요,25.04.08,"['25년이내', '방세개', '화장실두개', '세대당1대']",동향,6987567.689984903
경기도,오산시,누읍동,한라그린타운,월세,108동,저/20,"1,000/100",99.35,OWNER,"공실o비번보유o도배,장판해드림o매.물.접.수.받.아.요",25.04.08,"['25년이내', '방세개', '화장실두개', '세대당1대']",동향,
경기도,오산시,누읍동,한라그린타운,매매,101동,13/20,235000000,99.35,OWNER,전망 좋고 부분 수리 잘되어 있으며 마트 등 기반시설이 가까이 있어좋아요,25.04.01,"['25년이내', '방세개', '화장실두개', '중층']",남향,7819420.986411677
경기도,오산시,누읍동,한라그린타운,월세,101동,13/20,"1,000/100",99.35,DOC,거실욕실리모델.씽크대및신발장교체된조망최고전면동남향로얄층회사.숙소도환영,25.04.10,"['25년이내', '화장실두개', '방세개', '중층']",남향,
경기도,오산시,누읍동,한라그린타운,매매,102동,16/20,235000000,99.35,DOC,공실 즉시입주가능 남향 전면동 일조권 조망권 최고,25.04.10,"['25년이내', '방세개', '화장실두개', '고층']",남향,7819420.986411677
경기도,오산시,누읍동,한라그린타운,매매,108동,3/20,270000000,99.35,OWNER,"주인거주로 컨디션 굿, 2in1 에어컨, 식기세척기 협의가능",25.03.31,"['25년이내', '화장실두개', '방세개', '세대당1대']",동향,8984015.60140916
경기도,오산시,누읍동,한라그린타운,매매,109동,17/20,235000000,99.35,DOC,정상입주.남향로얄층라인으로채광좋은매물입니다,25.03.31,"['25년이내', '화장실두개', '방세개', '고층']",남향,7819420.986411677
경기도,오산시,누읍동,한라그린타운,매매,101동,17/20,250000000,99.35,DOC, 리모델링거실욕실리모델.씽크대및신발장.LED전등.중문설치 된 깨끗,25.03.31,"['25년이내', '화장실두개', '방세개', '고층']",남향,8318532.964267742
경기도,오산시,누읍동,한라그린타운,매매,101동,20/20,280000000,99.35,DOC,공실 빠른입주가능 최근 올리모델링 거실확장 남향 탑층 일조권 전망최고,25.03.29,"['25년이내', '탑층', '방세개', '화장실두개']",남향,9316756.91997987
경기도,오산시,누읍동,한라그린타운,매매,101동,6/20,235000000,99.35,DOC,빠른입주가능 남향 전면동 깨끗,25.03.29,"['25년이내', '방세개', '화장실두개', '세대당1대']",남향,7819420.986411677
경기도,오산시,누읍동,한라그린타운,매매,101동,3/20,260000000,99.35,DOC,협의입주 3개월 남향 올수리 거실확장 일조권 좋아요,25.03.28,"['25년이내', '올수리', '방세개', '화장실두개']",남향,8651274.28283845
경기도,오산시,누읍동,한라그린타운,전세,101동,11/20,180000000,99.35,DOC,정상입주.일조량최고의전면동남향로얄층.씽크대신발장.LED전등등수리교체된깨끗,25.03.24,"['25년이내', '융자금없는', '화장실두개', '방세개']",남향,5989343.734272773
경기도,오산시,누읍동,한라그린타운,매매,109동,8/20,235000000,99.35,NONE,씽크대 화장실 수리 공실 바로입주가능,25.04.16,"['25년이내', '욕실수리', '방세개', '화장실두개']",남향,7819420.986411677
경기도,오산시,누읍동,한라그린타운,매매,106동,1/20,210000000,79.19,NDOC1,"전세끼고 매매,현재 공부방운영 ,만기 26년 4월1일",25.04.08,"['25년이내', '1층', '방세개', '화장실두개']",동향,8766445.889632529
경기도,오산시,누읍동,한라그린타운,매매,104동,4/20,198000000,79.19,OWNER,"최근,도배,장판,LED등,싱크대등,올인테리어,3천60세안고,",25.04.08,"['25년이내', '방세개', '화장실두개', '세대당1대']",남향,8265506.124510672
경기도,오산시,누읍동,한라그린타운,매매,104동,2/20,200000000,79.19,DOC,협의입주 2개월내 남향 부분수리,25.04.14,"['25년이내', '방세개', '화장실두개', '세대당1대']",남향,8348996.085364315
경기도,오산시,누읍동,한라그린타운,월세,106동,저/20,"2,000/70",79.19,DOC,협의입주가능.편리한구조방3.욕실2의 깨끗하고 편리한구조의 매물입니다,25.04.16,"['25년이내', '화장실두개', '방세개', '세대당1대']",동향,
경기도,오산시,누읍동,한라그린타운,매매,107동,2/20,198000000,79.19,DOC,협의입주 2개월내 깨끗 ,25.04.07,"['25년이내', '방세개', '화장실두개', '세대당1대']",동향,8265506.124510672
경기도,오산시,누읍동,한라그린타운,매매,107동,2/20,190000000,79.19,DOC,공실 빠른입주가능 깨끗,25.04.07,"['25년이내', '방세개', '화장실두개', '세대당1대']",동향,7931546.281096099
경기도,오산시,누읍동,한라그린타운,매매,107동,6/20,205000000,79.19,DOC,협의입주가능.살기편리한구조방3 욕실2의깨끗주인세대매물입니다.,25.04.01,"['25년이내', '화장실두개', '방세개', '세대당1대']",동향,8557720.987498423
경기도,오산시,누읍동,한라그린타운,매매,105동,15/20,215000000,79.19,DOC,20279만기투자.부분수리해서방3욕실2개구조의깨끗한로얄층매물,25.03.31,"['25년이내', '화장실두개', '방세개', '고층']",동향,8975170.791766638
경기도,오산시,누읍동,한라그린타운,매매,107동,1/20,195000000,79.19,DOC,협의입주가능.씽크대교체욕실수리.중문설치된살기편리한구조방3욕실2,25.03.25,"['25년이내', '1층', '욕실수리', '화장실두개']",동향,8140271.183230206
경기도,오산시,누읍동,한라그린타운,매매,104동,2/20,200000000,79.19,DOC,편리한구조방3욕실2정상입주.남향.일조량최고.씽크대교체.중문설치.타일,25.03.22,"['25년이내', '화장실두개', '방세개', '세대당1대']",남향,8348996.085364315
경기도,오산시,누읍동,한라그린타운,매매,107동,2/20,190000000,79.19,NONE,주인세대거주 집상태좋으며 협의입주가능,25.04.16,"['25년이내', '방세개', '화장실두개', '세대당1대']",동향,7931546.281096099
경기도,오산시,부산동,오산센트럴푸르지오,매매,102동,1/25,420000000,113.51,OWNER,,25.04.19,"['10년이내', '1층', '방세개', '화장실두개']",남동향,12231783.102810325
경기도,오산시,부산동,오산센트럴푸르지오,매매,101동,14/25,470000000,113.51,OWNER,"주인거주,2in1에어컨,줄눈,탄성,인덕션",25.04.15,"['10년이내', '방세개', '화장실두개', '중층']",남동향,13687947.757906793
경기도,오산시,부산동,오산센트럴푸르지오,매매,108동,14/25,450000000,113.51,OWNER,"전면동,중문,탄성,M버스,스포츠센터,오산천 이용편리",25.04.14,"['10년이내', '방세개', '화장실두개', '중층']",남동향,13105481.895868206
경기도,오산시,부산동,오산센트럴푸르지오,매매,107동,4/25,460000000,113.51,OWNER,"줄눈,식기세척기,초중고 ,스포츠센터,오산천,필봉산 도보권 아파트",25.04.11,"['10년이내', '방세개', '화장실두개', '세대당1대']",남동향,13396714.8268875
경기도,오산시,부산동,오산센트럴푸르지오,매매,106동,6/25,460000000,113.51,OWNER,선호하는B타입.인근에 필봉산산책로.광역버스.스포츠센터.전세끼고,25.04.09,"['10년이내', '방세개', '화장실두개', '세대당1대']",남동향,13396714.8268875
경기도,오산시,부산동,오산센트럴푸르지오,매매,101동,23/25,480000000,113.51,OWNER,"조명,중문,줄눈,탄성,주방시티지,트램역 도보권 신축아파트",25.04.07,"['10년이내', '방세개', '화장실두개', '고층']",남동향,13979180.688926086
경기도,오산시,부산동,오산센트럴푸르지오,매매,104동,10/25,510000000,113.51,OWNER,"잘빠진구조.뷰예뻐요o4대옵션,중문설치.매.물.접.수.받.아.요",25.04.03,"['10년이내', '방세개', '화장실두개', '중층']",남향,14852879.481983967
경기도,오산시,부산동,오산센트럴푸르지오,매매,106동,22/25,515000000,113.51,OWNER,"확트인 조망권,M버스,오산천,필봉산,초중고도보권",25.03.28,"['10년이내', '방세개', '화장실두개', '고층']",남동향,14998495.947493613
경기도,오산시,부산동,오산센트럴푸르지오,매매,106동,8/25,460000000,113.51,OWNER,"확트인 운암뜰뷰,중문,줄눈,탄성,M버스라인,초중고도보권",25.03.27,"['10년이내', '방세개', '화장실두개', '세대당1대']",남동향,13396714.8268875
경기도,오산시,부산동,오산센트럴푸르지오,매매,102동,24/25,500000000,113.51,OWNER,"시스템에어컨4대,중문,조명,선호하는B타입,M버스,스포츠,오산천 이용편리",25.03.27,"['10년이내', '방세개', '화장실두개', '고층']",남동향,14561646.550964672
경기도,오산시,부산동,오산센트럴푸르지오,매매,103동,1/24,435000000,113.51,OWNER,,25.03.24,"['10년이내', '1층', '방세개', '화장실두개']",남동향,12668632.499339266
경기도,오산시,부산동,오산센트럴푸르지오,매매,110동,5/25,450000000,113.28,OWNER,"정원뷰,중문,줄눈,트램역,오산천,스포츠센터.문화시설 도",25.04.19,"['10년이내', '방세개', '화장실두개', '세대당1대']",남동향,13132090.836864406
경기도,오산시,부산동,오산센트럴푸르지오,매매,102동,20/25,470000000,113.28,OWNER,"전망좋은 전면동,시스템에어컨2대,중문,줄눈,거실수납장,필봉산뷰",25.04.19,"['10년이내', '방세개', '화장실두개', '고층']",남서향,13715739.318502827
경기도,오산시,부산동,오산센트럴푸르지오,매매,110동,4/25,450000000,113.28,OWNER,"중문,조용한동,오산천,필봉산,스포츠센터.문화시설 이용편리",25.04.18,"['10년이내', '방세개', '화장실두개', '세대당1대']",남서향,13132090.836864406
경기도,오산시,부산동,오산센트럴푸르지오,매매,101동,23/25,480000000,113.28,OWNER,"중문,줄눈. 조용한동,문화시설,체육시설 이용편리한 신축아파트",25.04.17,"['10년이내', '방세개', '화장실두개', '고층']",남동향,14007563.559322035
경기도,오산시,부산동,오산센트럴푸르지오,매매,103동,6/24,550000000,113.28,OWNER,"주인거주, 운암뜰뷰,줄눈,필봉산,체육시설,문화시설 도보권입니다.",25.04.16,"['10년이내', '방세개', '화장실두개', '세대당1대']",남동향,16050333.245056499
경기도,오산시,부산동,오산센트럴푸르지오,매매,102동,15/25,460000000,113.28,MOBL,로얄층o깨끗한집o매.물.접.수.받.아.요,25.04.15,"['10년이내', '방세개', '화장실두개', '중층']",남향,13423915.077683616
경기도,오산시,부산동,오산센트럴푸르지오,전세,110동,23/25,350000000,113.28,OWNER,"조정가,빠른협의입주,전망좋은입구동,광역버스라인,초중고,스포츠센타단지바로옆",25.04.16,"['10년이내', '방세개', '화장실두개', '고층']",남서향,10213848.428672317
경기도,오산시,부산동,오산센트럴푸르지오,매매,102동,16/25,460000000,113.28,OWNER,"전망좋은로얄동,시에4,중문,인덕션,식기세척기,주방수납장,아트월,줄눈,탄성",25.04.15,"['10년이내', '방세개', '화장실두개', '중층']",남서향,13423915.077683616
경기도,오산시,부산동,오산센트럴푸르지오,매매,109동,25/25,480000000,113.28,OWNER,,25.04.15,"['10년이내', '탑층', '방세개', '화장실두개']",남서향,14007563.559322035
경기도,오산시,부산동,오산센트럴푸르지오,매매,110동,9/25,510000000,113.28,OWNER,"풀인테리어,시에2,빌트인냉장고,식기세척기,인덕션,조용한동",25.04.15,"['10년이내', '방세개', '화장실두개', '중층']",남동향,14883036.281779664
경기도,오산시,부산동,오산센트럴푸르지오,매매,107동,6/25,450000000,113.28,OWNER,"시스템에어컨4대,중문,식기세척기,인덕션,초중고 ,스포츠센터,오산천도보권",25.04.15,"['10년이내', '방세개', '화장실두개', '세대당1대']",남서향,13132090.836864406
경기도,오산시,부산동,오산센트럴푸르지오,매매,110동,23/25,450000000,113.28,OWNER,,25.04.15,"['10년이내', '방세개', '화장실두개', '고층']",남서향,13132090.836864406
경기도,오산시,부산동,오산센트럴푸르지오,매매,105동,18/25,460000000,113.28,OWNER,"조용한동,트램역,스포츠센터.문화시설 도보권 신축아파트입니다.",25.04.14,"['10년이내', '방세개', '화장실두개', '고층']",남서향,13423915.077683616
경기도,오산시,부산동,오산센트럴푸르지오,매매,105동,4/25,470000000,113.28,OWNER,"주인거주,중문,줄눈,탄성 설치,조용하고 아늑한 정원뷰",25.04.14,"['10년이내', '방세개', '화장실두개', '세대당1대']",남동향,13715739.318502827
경기도,오산시,부산동,오산센트럴푸르지오,매매,103동,7/24,460000000,113.28,OWNER,"조용한  단지뷰,중문,인덕션,줄눈,탄성,LED교체,트램도보권 아파트",25.04.14,"['10년이내', '방세개', '화장실두개', '세대당1대']",남서향,13423915.077683616
경기도,오산시,부산동,오산센트럴푸르지오,매매,101동,4/25,443000000,113.28,OWNER,"주인거주중, 깨끗하게 관리된 집",25.04.14,"['10년이내', '방세개', '화장실두개', '세대당1대']",남서향,12927813.868290963
경기도,오산시,부산동,오산센트럴푸르지오,매매,107동,중/25,490000000,113.28,OWNER,"줄눈,트램역도보권,초중고 ,오산천,필봉산 도보권 신축아파트",25.04.18,"['10년이내', '방세개', '화장실두개', '중층']",남서향,14299387.800141243
경기도,오산시,부산동,오산센트럴푸르지오,매매,101동,24/25,455000000,113.28,OWNER,"로얄동,필봉산뷰, 조용하고 전망좋은집입니다.",25.04.10,"['10년이내', '방세개', '화장실두개', '고층']",남서향,13278002.957274012
경기도,오산시,부산동,오산센트럴푸르지오,매매,104동,25/25,450000000,113.28,OWNER,"귀한탑층,전망굿, 식기세척기,수납최고,초중고 도보권",25.04.09,"['10년이내', '탑층', '방세개', '화장실두개']",남동향,13132090.836864406
경기도,오산시,부산동,오산센트럴푸르지오,매매,102동,11/25,450000000,113.28,OWNER,"세안고,필봉산뷰,전망좋은 로얄동,편의시설 이용 편리",25.04.05,"['10년이내', '방세개', '화장실두개', '중층']",남서향,13132090.836864406
경기도,오산시,부산동,오산센트럴푸르지오,매매,102동,14/25,460000000,113.28,OWNER,"중문,줄눈,미세방충망,조용하고 확트인 조망,오산천,필봉산도보권",25.04.05,"['10년이내', '방세개', '화장실두개', '중층']",남동향,13423915.077683616
경기도,오산시,부산동,오산센트럴푸르지오,월세,102동,9/25,"5,000/120",113.28,OWNER,"초중고도보권,필봉산뷰,문화시설.스포츠센터 이용편리합니다.",25.04.02,"['10년이내', '방세개', '화장실두개', '중층']",남서향,
경기도,오산시,부산동,오산센트럴푸르지오,매매,110동,18/25,470000000,113.28,OWNER,"시스템4대,중문,줄눈,식세기,초중고인접,오산천,필봉산도보권",25.03.31,"['10년이내', '방세개', '화장실두개', '고층']",남서향,13715739.318502827
경기도,오산시,부산동,오산센트럴푸르지오,매매,103동,18/24,470000000,113.28,OWNER,"운암뜰뷰,중문,줄눈,우물조명,필봉산,보건소,스포츠센터,문화시설 도보권",25.03.28,"['10년이내', '방세개', '화장실두개', '고층']",남동향,13715739.318502827
경기도,오산시,부산동,오산센트럴푸르지오,매매,108동,6/25,430000000,99.64,OWNER,"정남향,M버스라인,트램역,초중고 문화시설, 체육시설 도보권",25.04.17,"['10년이내', '방세개', '화장실두개', '세대당1대']",남향,14266233.942191891
경기도,오산시,부산동,오산센트럴푸르지오,매매,107동,1/25,400000000,99.64,OWNER,중문 간접등 인덕션 식세기 실링팬 안전방범창 주인거주로 상태굿 광역버스,25.04.17,"['10년이내', '1층', '방세개', '화장실두개']",남서향,13270915.295062225
경기도,오산시,부산동,오산센트럴푸르지오,매매,104동,9/25,420000000,99.64,OWNER,"전망좋고 조용한동.초중고인접,필봉산 도보권",25.04.14,"['10년이내', '방세개', '화장실두개', '중층']",남서향,13934461.059815338
경기도,오산시,부산동,오산센트럴푸르지오,매매,103동,6/24,420000000,99.64,OWNER,"광역버스라인,체육시설,초중고등학교 도보권",25.04.11,"['10년이내', '방세개', '화장실두개', '세대당1대']",남서향,13934461.059815338
경기도,오산시,부산동,오산센트럴푸르지오,매매,109동,20/25,460000000,99.64,OWNER,"중문,줄눈,탄성,스포츠센터,필봉산,오산천,문화시설 이용편리",25.04.11,"['10년이내', '방세개', '화장실두개', '고층']",남동향,15261552.589321557
경기도,오산시,부산동,오산센트럴푸르지오,매매,102동,중/25,410000000,99.64,OWNER,,25.04.18,"['10년이내', '방세개', '화장실두개', '중층']",남서향,13602688.17743878
경기도,오산시,부산동,오산센트럴푸르지오,매매,101동,11/25,420000000,99.64,OWNER,"조용하고 전망좋은 전면동, 중문,줄눈,탄성.편의시설 이용편리",25.04.10,"['10년이내', '방세개', '화장실두개', '중층']",남서향,13934461.059815338
경기도,오산시,부산동,오산센트럴푸르지오,매매,107동,저/25,400000000,99.64,OWNER,"로얄동,로얄층,막힘없는뷰,조망권,일조량 풍부,초중고도보로가능,직주인접권",25.04.12,"['10년이내', '방세개', '화장실두개', '세대당1대']",남서향,13270915.295062225
경기도,오산시,부산동,오산센트럴푸르지오,매매,103동,19/24,430000000,99.64,OWNER,"중문,조용한  단지뷰,트램도보권,초중고 인접",25.04.04,"['10년이내', '방세개', '화장실두개', '고층']",남서향,14266233.942191891
경기도,오산시,부산동,오산센트럴푸르지오,매매,103동,5/24,400000000,99.64,DOC,,25.04.11,"['10년이내', '방세개', '화장실두개', '세대당1대']",남서향,13270915.295062225
경기도,오산시,부산동,오산센트럴푸르지오,매매,105동,12/25,420000000,99.64,OWNER,"아쿠아뷰,광역버스라인,줄눈,탄성,식기세척기 ,음식물처리기",25.03.28,"['10년이내', '방세개', '화장실두개', '중층']",남서향,13934461.059815338
경기도,오산시,부산동,오산센트럴푸르지오,매매,104동,7/25,410000000,99.64,OWNER,"관리잘된집,줄눈,광역버스라인,체육시설,문화시설,초중고등학교 인접",25.03.26,"['10년이내', '방세개', '화장실두개', '세대당1대']",남서향,13602688.17743878
경기도,오산시,부산동,오산센트럴푸르지오,매매,109동,중/25,400000000,99.64,DOC,세끼고 깨끗한집,25.04.09,"['10년이내', '방세개', '화장실두개', '중층']",남동향,13270915.295062225
경기도,오산시,부산동,오산센트럴푸르지오,매매,104동,12/25,430000000,99.64,DOC,"중문,필봉산,오산천,스포츠센터,문화시설 이용 편리",25.03.24,"['10년이내', '방세개', '화장실두개', '중층']",남서향,14266233.942191891
경기도,오산시,부산동,오산센트럴푸르지오,매매,101동,11/25,420000000,99.64,NONE,전면동 로얄동 로얄층  협의입주가능  중문 탄성코트 줄눈  깨끗함,25.04.05,"['10년이내', '방세개', '화장실두개', '중층']",남향,13934461.059815338
경기도,오산시,부산동,오산센트럴푸르지오,매매,103동,19/24,430000000,99.64,NONE,확장형 중문 에어컨놓고갈수있음,25.04.04,"['10년이내', '방세개', '화장실두개', '고층']",남서향,14266233.942191891
경기도,오산시,부산동,오산시티자이1차1단지,매매,111동,8/25,560000000,131.33,OWNER,"급매,전면동, 로얄동,로얄층, 막힘없는마등산뷰,와이드한주방,광역버스",25.04.19,"['10년이내', '대단지', '급매', '방네개이상']",남향,14096090.763724968
경기도,오산시,부산동,오산시티자이1차1단지,매매,111동,5/25,550000000,131.33,OWNER,"시스템에어컨3,전면동,정남향, 해잘들어요,구조너무좋은시티자이,입주협의",25.04.19,"['10년이내', '대단지', '방네개이상', '화장실두개']",남향,13844374.857229877
경기도,오산시,부산동,오산시티자이1차1단지,매매,102동,20/20,560000000,131.33,OWNER,RR 집주인거주  입주협의 가능  초코앞동 상가앞동 편리,25.04.19,"['10년이내', '대단지', '탑층', '방네개이상']",남향,14096090.763724968
경기도,오산시,부산동,오산시티자이1차1단지,매매,111동,6/25,560000000,131.33,OWNER,대형평수 R인기있는전면동  가릴것없는 시원한 뷰  입주협의,25.04.18,"['10년이내', '대단지', '대형평수', '방네개이상']",남향,14096090.763724968
경기도,오산시,부산동,오산시티자이1차1단지,매매,102동,3/20,555000000,131.33,OWNER,주목 시티자이와 함께해요 관리잘된 집 방4개 인기많은구조 넓은공간,25.04.01,"['10년이내', '대단지', '방네개이상', '화장실두개']",남향,13970232.81047742
경기도,오산시,부산동,오산시티자이1차1단지,매매,101동,7/21,460000000,111.78,MOBL,,25.04.19,"['10년이내', '대단지', '방세개', '화장실두개']",남향,13604053.497942388
경기도,오산시,부산동,오산시티자이1차1단지,매매,104동,1/17,440000000,111.78,MOBL,공실 귀한 1층 마음껏 뛰어 놀수 있어요 언제든입주 중문,25.04.19,"['10년이내', '대단지', '1층', '방네개이상']",남향,13012572.911075328
경기도,오산시,부산동,오산시티자이1차1단지,전세,109동,10/23,320000000,111.78,OWNER,전세RR   끝내주는 뻥뷰   시에4 옵션좋아요.8월입주협의,25.04.19,"['10년이내', '대단지', '방세개', '화장실두개']",남향,9463689.389872966
경기도,오산시,부산동,오산시티자이1차1단지,매매,107동,15/22,460000000,111.78,OWNER,"정남향, 로얄층, 일조량풍부, 방4개, 주인거주로집상태좋음,주방폴리싱타일",25.04.19,"['10년이내', '대단지', '방네개이상', '화장실두개']",남향,13604053.497942388
경기도,오산시,부산동,오산시티자이1차1단지,전세,105동,24/25,320000000,111.78,OWNER,"융자말소조건,고층뷰 좋습니다, 수납공간넉넉, 입주협의",25.04.19,"['10년이내', '융자금적은', '대단지', '방세개']",남향,9463689.389872966
경기도,오산시,부산동,오산시티자이1차1단지,월세,105동,24/25,"3,000/120",111.78,OWNER,"고층뷰 좋습니다, 수납공간넉넉, 입주협의",25.04.19,"['10년이내', '융자금적은', '대단지', '방세개']",남향,
경기도,오산시,부산동,오산시티자이1차1단지,매매,111동,23/25,480000000,111.78,OWNER,RR인기있는전면동  가릴것없는 시원한 뷰  입주협의,25.04.18,"['10년이내', '대단지', '방세개', '화장실두개']",남향,14195534.084809447
경기도,오산시,부산동,오산시티자이1차1단지,매매,102동,17/20,480000000,111.78,OWNER,X시티자이로의 선택X 입주협의 상가가까운동 초품아,25.04.14,"['10년이내', '대단지', '방세개', '화장실두개']",남향,14195534.084809447
경기도,오산시,부산동,오산시티자이1차1단지,매매,104동,17/17,460000000,111.78,OWNER,옵션좋은 인테리어있는집 우선 보실께요 입주협의 관리굿,25.04.12,"['10년이내', '대단지', '탑층', '방세개']",남향,13604053.497942388
경기도,오산시,부산동,오산시티자이1차1단지,매매,101동,3/21,480000000,111.78,OWNER,시티자이로의 초대팬트리확장 넓은주방으로 초대 탁월한선택입니다.,25.04.11,"['10년이내', '대단지', '방세개', '화장실두개']",남향,14195534.084809447
경기도,오산시,부산동,오산시티자이1차1단지,매매,111동,13/25,460000000,111.78,OWNER,SR인기있는전면동에  4계절따듯하고 밝은 집  1단지좋아요.,25.04.09,"['10년이내', '대단지', '방세개', '화장실두개']",남향,13604053.497942388
경기도,오산시,부산동,오산시티자이1차1단지,매매,109동,10/23,500000000,111.78,OWNER,시에4대 전면동에 뻥뚤린 시원한 뷰 보고 살아요,25.04.07,"['10년이내', '대단지', '방세개', '화장실두개']",남향,14787014.67167651
경기도,오산시,부산동,오산시티자이1차1단지,매매,108동,12/18,490000000,111.78,OWNER,앞이 뻥뚫린 시원한뷰 전면동의 위엄 방4개 중문 줄눈등,25.04.05,"['10년이내', '대단지', '방네개이상', '화장실두개']",남향,14491274.378242979
경기도,오산시,부산동,오산시티자이1차1단지,매매,102동,2/20,470000000,111.78,OWNER,안정감있는 저층 매력 상가 코앞이라 생활 편리 최고입니다,25.04.02,"['10년이내', '대단지', '방세개', '화장실두개']",남향,13899793.791375918
경기도,오산시,부산동,오산시티자이1차1단지,월세,102동,고/20,"5,000/120",111.78,OWNER,시스템에어컨5대 깔끔한 주인관리 빠른입주 가능,25.04.08,"['10년이내', '대단지', '방세개', '화장실두개']",남향,
경기도,오산시,부산동,오산시티자이1차1단지,매매,102동,18/20,500000000,111.78,OWNER,"L조건협의,집깨끗,시립어린이집초품아,주인거주,햇살남향,상가앞편리,동간격굿",25.03.28,"['10년이내', '대단지', '방세개', '화장실두개']",남향,14787014.67167651
경기도,오산시,부산동,오산시티자이1차1단지,전세,102동,19/20,320000000,111.78,OWNER,시에5대 깔끔한 주인관리 현공실 즉시입주 가능,25.03.26,"['10년이내', '대단지', '방세개', '화장실두개']",남향,9463689.389872966
경기도,오산시,부산동,오산시티자이1차1단지,월세,105동,고/25,"3,000/120",111.78,NONE,즉시입주 다온초인접동,25.04.05,"['10년이내', '대단지', '방세개', '화장실두개']",남향,
경기도,오산시,부산동,오산시티자이1차1단지,매매,108동,12/18,440000000,104.67,MOBL,31P햇살좋은RR  방4 25년 1월입주협의,25.04.19,"['10년이내', '대단지', '방네개이상', '화장실두개']",남향,13896488.009935992
경기도,오산시,부산동,오산시티자이1차1단지,매매,108동,15/18,470000000,104.67,OWNER,"전면동, 정남향, 초품아, 투인원, 수납공간좋음,방3,광역버스.",25.04.19,"['10년이내', '대단지', '방세개', '화장실두개']",남향,14843975.828795262
경기도,오산시,부산동,오산시티자이1차1단지,매매,104동,3/17,430000000,104.67,OWNER,"정남향 해잘들어요, 팬트리넓어수납좋습니다,투인원,중문 인덕션",25.04.19,"['10년이내', '대단지', '방세개', '화장실두개']",남향,13580658.736982899
경기도,오산시,부산동,오산시티자이1차1단지,매매,107동,1/22,450000000,104.67,OWNER,시.티.자.이.로. 오.세.요 아이들 뛰어놀수 있는 1층 좋아요 식세기,25.04.15,"['10년이내', '대단지', '1층', '방세개']",남향,14212317.282889081
경기도,오산시,부산동,오산시티자이1차1단지,매매,108동,13/18,470000000,104.67,OWNER,평화롭고 안정감있는 단지 중문2개  전면동을 누리세요.,25.04.11,"['10년이내', '대단지', '방세개', '화장실두개']",남향,14843975.828795262
경기도,오산시,부산동,오산시티자이1차1단지,매매,105동,고/25,445000000,104.67,DOC,화이트 인테리어 전망 나이스 집상태 굿 오산 동탄 모든 생활권 가능,25.04.19,"['10년이내', '대단지', '방세개', '화장실두개']",남향,14054402.646412535
경기도,오산시,부산동,오산시티자이1차1단지,매매,107동,10/22,455000000,104.67,OWNER,살고싶은 단지 거실뷰 좋아요. 중문있어요  일단한번 오세요.,25.03.31,"['10년이내', '대단지', '방세개', '화장실두개']",남향,14370231.919365624
경기도,오산시,부산동,오산시티자이1차1단지,매매,106동,12/25,375000000,85.79,OWNER,전세낀매물 25년12월 안정감있는 단지뷰 햇빛은 덤이에요 살기좋은집남향,25.04.19,"['10년이내', '대단지', '방세개', '화장실두개']",남향,14450045.168434551
경기도,오산시,부산동,오산시티자이1차1단지,매매,103동,25/25,380000000,85.79,OWNER,"소음걱정없는탑층, 엘베2대,거실창2개로 시원한뷰,입주협의",25.04.19,"['10년이내', '대단지', '탑층', '방세개']",남향,14642712.43734701
경기도,오산시,부산동,오산시티자이1차1단지,매매,103동,13/25,370000000,85.79,OWNER,"거실창2개로 일조량풍부, 상가이용편리, 엘베2대,8월입주협의",25.04.19,"['10년이내', '대단지', '방세개', '화장실두개']",남향,14257377.899522088
경기도,오산시,부산동,오산시티자이1차1단지,매매,106동,14/25,365000000,85.79,OWNER,즉시입주가능 단지조용하고 걷기좋아요 거실창이 2개  밝은 집,25.04.19,"['10년이내', '대단지', '방세개', '화장실두개']",남향,14064710.630609628
경기도,오산시,부산동,오산시티자이1차1단지,매매,106동,16/25,365000000,85.79,OWNER,좋다즉시입주   밝은 집난방비절약  도배 옵션좋은집,25.04.19,"['10년이내', '대단지', '방세개', '화장실두개']",남향,14064710.630609628
경기도,오산시,부산동,오산시티자이1차1단지,전세,103동,21/25,260000000,85.79,OWNER,융자남김  귀한전세 거실창2개  햇살좋은집,25.04.19,"['10년이내', '대단지', '방세개', '화장실두개']",남동향,10018697.983447954
경기도,오산시,부산동,오산시티자이1차1단지,매매,106동,19/25,380000000,85.79,OWNER,신혼부부한테 인기좋은 타입입니다,25.04.14,"['10년이내', '대단지', '방세개', '화장실두개']",남향,14642712.43734701
경기도,오산시,부산동,오산시티자이1차1단지,매매,103동,15/25,365000000,85.72,OWNER,"드레스룸좋아요 상가편리동 ,입구편리동 , 학교코앞",25.04.19,"['10년이내', '대단지', '방세개', '화장실두개']",남동향,14076196.04526365
경기도,오산시,부산동,오산시티자이1차1단지,매매,103동,12/25,370000000,85.72,OWNER,"드레스룸있는타입, 상가이용편리, 엘베2대,5월중순입주협의",25.04.19,"['10년이내', '대단지', '방세개', '화장실두개']",동향,14269020.648623426
경기도,오산시,부산동,오산시티자이1차1단지,매매,110동,21/25,380000000,85.72,OWNER,시.티.자.이.사.랑.해.요 시에2대 있어요 BSET전면동 RR로얄고층,25.04.01,"['10년이내', '대단지', '방세개', '화장실두개']",동향,14654669.855342977
경기도,오산시,부산동,오산시티자이1차1단지,매매,103동,20/25,380000000,85.72,OWNER,"드레스룸있는 RR  상가편리동 ,입구편리동 , 시티자이 좋아요",25.04.01,"['10년이내', '대단지', '방세개', '화장실두개']",남동향,14654669.855342977
경기도,오산시,부산동,오산시티자이1차1단지,매매,106동,15/25,380000000,84.38,MOBL,일조량좋은 집 입주 8월9월 협의가능 고층으로 거실에어컨있어요,25.04.19,"['10년이내', '대단지', '방세개', '화장실두개']",남향,14887393.932211427
경기도,오산시,부산동,오산시티자이1차1단지,매매,103동,19/25,365000000,84.38,MOBL,로얄동 로얄층으로 일조량이 풍부 입주 8월 9월 안방붙박이장 중문 미세방,25.04.19,"['10년이내', '대단지', '방세개', '화장실두개']",남향,14299733.645413607
경기도,오산시,부산동,오산시티자이1차1단지,월세,103동,13/25,"3,000/100",84.38,OWNER,초품아 햇살좋은 인기좋은 동  옵션굿 중문 2N1 인덕션 식세기,25.04.19,"['10년이내', '대단지', '방세개', '화장실두개']",남향,
경기도,오산시,부산동,오산시티자이1차1단지,매매,110동,12/25,380000000,84.38,OWNER,"정남향 ,앞이막힘없는뷰,집주인거주,보시면반하실거예요",25.04.19,"['10년이내', '대단지', '방세개', '화장실두개']",남향,14887393.932211427
경기도,오산시,부산동,오산시티자이1차1단지,매매,103동,17/25,365000000,84.38,OWNER,"정남향 로얄층, 상가이용편리한동, 일조량풍부,입주협의",25.04.19,"['10년이내', '대단지', '방세개', '화장실두개']",남향,14299733.645413607
경기도,오산시,부산동,오산시티자이1차1단지,전세,106동,2/25,265000000,84.38,OWNER,귀한버팀목가능   빠른입주협의  정문입구가까이 있어여.  생활편리,25.04.19,"['10년이내', '융자금없는', '대단지', '방세개']",남향,10381998.40009481
경기도,오산시,부산동,오산시티자이1차1단지,매매,106동,10/25,380000000,84.38,OWNER,넓은거실과 방 입주협의합니다.조용하고 단지 조경 긋,25.04.18,"['10년이내', '대단지', '방세개', '화장실두개']",남향,14887393.932211427
경기도,오산시,부산동,오산시티자이1차1단지,매매,103동,24/25,390000000,84.38,OWNER,"25.정남향,주인거주집상태최상,판상형",25.04.17,"['10년이내', '대단지', '방세개', '화장실두개']",남향,15279167.456743307
경기도,오산시,부산동,오산시티자이1차1단지,매매,110동,6/25,360000000,84.38,OWNER,전세끼어있어요.  26년 6월 시티자이전면동좋다좋아 .,25.04.07,"['10년이내', '대단지', '방세개', '화장실두개']",남향,14103846.883147666
경기도,오산시,부산동,오산시티자이1차1단지,매매,106동,22/25,360000000,84.38,OWNER,벚꽃길이 이쁜단지 26년 4월 세안고매매  가운데동,25.04.07,"['10년이내', '대단지', '방세개', '화장실두개']",남동향,14103846.883147666
경기도,오산시,부산동,오산시티자이1차1단지,매매,106동,6/25,370000000,84.38,OWNER,"관리잘됨,깨끗해요,동간거리 넓고  안정감있는 동",25.04.07,"['10년이내', '대단지', '방세개', '화장실두개']",남향,14495620.407679547
경기도,오산시,부산동,오산시티자이1차1단지,매매,103동,10/25,390000000,84.38,OWNER,안정감 있는 예쁜단지뷰 상가가까워 RR로얄동 초품아,25.04.07,"['10년이내', '대단지', '방세개', '화장실두개']",남향,15279167.456743307
경기도,오산시,부산동,오산시티자이1차1단지,매매,103동,25/25,400000000,84.38,OWNER,투인원에어컨 탑층 초품아 마등산숲세권,25.04.07,"['10년이내', '대단지', '탑층', '방세개']",남향,15670940.981275186
경기도,오산시,부산동,오산시티자이1차1단지,매매,103동,14/25,385000000,84.38,OWNER,"정남향집, 해잘들어요, 작은방붙박이장설치 수납공간넉넉함,입주협의",25.04.05,"['10년이내', '대단지', '방세개', '화장실두개']",남향,15083280.694477366
경기도,오산시,부산동,오산시티자이1차1단지,매매,103동,22/25,390000000,84.38,OWNER,"로얄고층 상가가깝고 초등학교, 부출입구 가까운동 좋아요",25.04.04,"['10년이내', '대단지', '방세개', '화장실두개']",남향,15279167.456743307
경기도,오산시,부산동,오산시티자이1차2단지,매매,201동,4/23,510000000,131.31,OWNER,따봉전면동 이동편리함의 최고봉  R귀한39P 주출입구동,25.04.17,"['10년이내', '방네개이상', '화장실두개', '세대당1대']",남향,12839466.529586475
경기도,오산시,부산동,오산시티자이1차2단지,매매,208동,1/23,520000000,131.31,OWNER,아이키우기좋은 대형평수1층  주인거주 집관리 좋아요.,25.04.05,"['10년이내', '1층', '대형평수', '방네개이상']",남향,13091220.775264641
경기도,오산시,부산동,오산시티자이1차2단지,매매,208동,13/23,580000000,131.31,OWNER,상가가까워 생활편리 깨끗하고 관리잘된집 초품아 가까운버스정류장,25.03.25,"['10년이내', '방네개이상', '화장실두개', '중층']",남향,14601746.249333637
경기도,오산시,부산동,오산시티자이1차2단지,매매,201동,20/23,510000000,111.65,MOBL,에2o중문o싱크대연마o안방차단필름o폴리싱타일등.집주인거주로 깨끗한매물,25.04.19,"['10년이내', '방세개', '화장실두개', '고층']",남향,15100316.614420062
경기도,오산시,부산동,오산시티자이1차2단지,매매,208동,8/23,460000000,111.65,MOBL,"급매o이사일,가격협의가능o중문,줄눈,확장형,매.물.접.수.받.아.요",25.04.19,"['10년이내', '급매', '방세개', '화장실두개']",남향,13619893.4169279
경기도,오산시,부산동,오산시티자이1차2단지,매매,206동,22/22,480000000,111.65,MOBL,귀한 탑층 층간소음X 방4개 중문 줄눈 사각싱크볼 식세기 인덕션 도배,25.04.19,"['10년이내', '탑층', '방네개이상', '화장실두개']",남향,14212062.695924764
경기도,오산시,부산동,오산시티자이1차2단지,매매,201동,22/23,460000000,111.65,MOBL,로얄동 로얄층 주인거주로 관리잘된 집,25.04.19,"['10년이내', '방네개이상', '화장실두개', '고층']",남향,13619893.4169279
경기도,오산시,부산동,오산시티자이1차2단지,전세,205동,9/21,300000000,111.65,OWNER,컨디션좋아요  집주인거주  귀한전세  산밑공기좋은집,25.04.19,"['10년이내', '방세개', '화장실두개', '중층']",남동향,8882539.184952978
경기도,오산시,부산동,오산시티자이1차2단지,매매,208동,20/23,490000000,111.65,OWNER,33.남향으로쾌적.상가이용편리.학교가기편리.집주인거주집상태최상,25.04.19,"['10년이내', '방네개이상', '화장실두개', '고층']",남향,14508147.335423198
경기도,오산시,부산동,오산시티자이1차2단지,매매,201동,23/23,480000000,111.65,OWNER,"입구동 상가이용생활편리,층간소음없어요, 팬트리잘되어수납넉넉,입주협의",25.04.19,"['10년이내', '탑층', '방세개', '화장실두개']",남향,14212062.695924764
경기도,오산시,부산동,오산시티자이1차2단지,매매,208동,17/23,450000000,111.65,OWNER,"우선 오세요,세안고, 방3,팬트리구조로 수납넉넉,로얄동로얄층.가격네고가능",25.04.19,"['10년이내', '방세개', '화장실두개', '고층']",남향,13323808.777429467
경기도,오산시,부산동,오산시티자이1차2단지,매매,208동,15/23,500000000,111.65,OWNER,시티자이 사랑 시티자이 R동R층  입주협의 가능,25.04.19,"['10년이내', '방세개', '화장실두개', '중층']",남향,14804231.974921629
경기도,오산시,부산동,오산시티자이1차2단지,매매,201동,10/23,540000000,111.65,OWNER,"방4개 중문 , 주출입구가까워요. 바로앞 전면동에 살아요.",25.04.18,"['10년이내', '방세개', '화장실두개', '중층']",남향,15988570.532915361
경기도,오산시,부산동,오산시티자이1차2단지,매매,208동,16/23,475000000,111.65,OWNER,33.정남향.방3개.학교나상가이용편리한동.주인거주,25.04.18,"['10년이내', '방세개', '화장실두개', '고층']",남향,14064020.376175549
경기도,오산시,부산동,오산시티자이1차2단지,매매,205동,5/21,470000000,111.65,OWNER,33.남향집.입주협의가능.따뜻하고편안한집.누구나좋아하는판사형,25.04.18,"['10년이내', '방네개이상', '화장실두개', '세대당1대']",남향,13915978.056426333
경기도,오산시,부산동,오산시티자이1차2단지,매매,201동,1/23,450000000,111.65,OWNER,출입구 가까운 전면동 아이키우기좋은 1층   중문 식세기 2N1,25.04.17,"['10년이내', '1층', '방세개', '화장실두개']",남향,13323808.777429467
경기도,오산시,부산동,오산시티자이1차2단지,매매,206동,4/22,450000000,111.65,OWNER,,25.04.17,"['10년이내', '방세개', '화장실두개', '세대당1대']",남향,13323808.777429467
경기도,오산시,부산동,오산시티자이1차2단지,매매,206동,10/22,470000000,111.65,OWNER,산밑에 집 공기좋은  마등산이 가까워요 방4개  입주협의,25.04.17,"['10년이내', '방네개이상', '화장실두개', '중층']",남향,13915978.056426333
경기도,오산시,부산동,오산시티자이1차2단지,매매,201동,13/23,460000000,111.65,OWNER,좋구나. 전면동 이동편리함의 최고봉  주출입구동 집주인의 거주,25.04.14,"['10년이내', '방세개', '화장실두개', '중층']",남향,13619893.4169279
경기도,오산시,부산동,오산시티자이1차2단지,매매,206동,16/22,470000000,111.65,OWNER,마등산의 공기좋은 동. 살고싶다 긴잔금가능25년 8월  입주협의,25.04.11,"['10년이내', '방세개', '화장실두개', '고층']",남향,13915978.056426333
경기도,오산시,부산동,오산시티자이1차2단지,매매,205동,12/21,490000000,111.65,OWNER,,25.04.11,"['10년이내', '방네개이상', '화장실두개', '중층']",남향,14508147.335423198
경기도,오산시,부산동,오산시티자이1차2단지,매매,206동,15/22,470000000,111.65,MOBL,"전세끼고매매o로얄층o전망좋은깨끗한집o오산1호점,2호점운영부o동산",25.04.08,"['10년이내', '방세개', '화장실두개', '고층']",남향,13915978.056426333
경기도,오산시,부산동,오산시티자이1차2단지,매매,206동,5/22,500000000,111.65,OWNER,중문2 인테리어 붙박이장 탄성등 옵션 많아요 숲세권 공기좋은 단지,25.04.08,"['10년이내', '방세개', '화장실두개', '세대당1대']",남향,14804231.974921629
경기도,오산시,부산동,오산시티자이1차2단지,매매,206동,12/22,480000000,111.65,OWNER,,25.04.08,"['10년이내', '방세개', '화장실두개', '중층']",남향,14212062.695924764
경기도,오산시,부산동,오산시티자이1차2단지,매매,208동,1/23,440000000,111.65,OWNER,0귀한1층아이키우기 최상입니다0입구이동편리 층간소음X,25.04.08,"['10년이내', '1층', '방세개', '화장실두개']",남향,13027724.137931034
경기도,오산시,부산동,오산시티자이1차2단지,매매,208동,13/23,530000000,111.65,OWNER,마등산숲세권 상가 다온초 인접동 강남광역버스라인,25.04.07,"['10년이내', '방네개이상', '화장실두개', '중층']",남향,15692485.893416926
경기도,오산시,부산동,오산시티자이1차2단지,매매,205동,5/21,470000000,111.65,NONE,협의입주  마등산의 쾌적한환경 단지앞광역버스정차,25.04.02,"['10년이내', '방세개', '화장실두개', '세대당1대']",남향,13915978.056426333
경기도,오산시,부산동,오산시티자이1차2단지,매매,204동,2/18,450000000,104.71,OWNER,이쁜 단지뷰 전면동이라 해가 엄청 잘들어와요,25.04.19,"['10년이내', '방네개이상', '화장실두개', '세대당1대']",남향,14206888.071817404
경기도,오산시,부산동,오산시티자이1차2단지,매매,204동,18/18,510000000,104.71,OWNER,"전면동, 로얄층, 갭투자, 중문,식세기 설치된 깨끗하게 잘 관리됨",25.04.18,"['10년이내', '탑층', '방세개', '화장실두개']",남향,16101139.814726388
경기도,오산시,부산동,오산시티자이1차2단지,매매,204동,10/18,480000000,104.71,OWNER,,25.04.11,"['10년이내', '방세개', '화장실두개', '중층']",남향,15154013.943271894
경기도,오산시,부산동,오산시티자이1차2단지,매매,204동,10/18,480000000,104.71,OWNER,31.시원한뷰.예쁜집.주인거주로 상태최상,25.04.11,"['10년이내', '방세개', '화장실두개', '중층']",남향,15154013.943271894
경기도,오산시,부산동,오산시티자이1차2단지,매매,204동,14/18,470000000,104.71,OWNER,방4개 R.R.인기많은 전면동 공기좋은 마등산 숲세권,25.04.05,"['10년이내', '방세개', '화장실두개', '고층']",남향,14838305.319453731
경기도,오산시,부산동,오산시티자이1차2단지,매매,204동,18/18,475000000,104.71,OWNER,층.간.소.음.걱.정.없.는. 탑층 RR전면동 뷰 너무 좋아요,25.04.01,"['10년이내', '탑층', '방세개', '화장실두개']",남향,14996159.631362813
경기도,오산시,부산동,오산시티자이1차2단지,매매,204동,저/18,458000000,104.71,OWNER,거실에서 4계절을 느낄수있는 인기있는  모두가 살고싶은집  입주협의,25.04.05,"['10년이내', '방세개', '화장실두개', '세대당1대']",남향,14459454.970871933
경기도,오산시,부산동,오산시티자이1차2단지,매매,204동,1/18,430000000,104.71,OWNER,1층 살고싶어요시티자이인기있는  R동  .1층 입주협의,25.03.29,"['10년이내', '1층', '방네개이상', '화장실두개']",남향,13575470.824181072
경기도,오산시,부산동,오산시티자이1차2단지,매매,204동,2/18,450000000,104.71,NONE,"저층, 남향, 즉시입주",25.04.09,"['10년이내', '방세개', '화장실두개', '세대당1대']",남향,14206888.071817404
경기도,오산시,부산동,오산시티자이1차2단지,매매,202동,22/25,380000000,85.83,MOBL,전면동o조망권굿o시원한뷰뻥트임o놓치지마세요,25.04.19,"['10년이내', '방세개', '화장실두개', '고층']",남향,14635888.384014914
경기도,오산시,부산동,오산시티자이1차2단지,매매,203동,9/25,380000000,85.83,OWNER,"즉시입주가능, 전면동, 엘베2대, 상태최상",25.04.19,"['10년이내', '방세개', '화장실두개', '중층']",남향,14635888.384014914
경기도,오산시,부산동,오산시티자이1차2단지,매매,207동,15/25,360000000,85.83,OWNER,"세안고매매, 거실창2개로 넓어보이는 예쁜집,25.11입주협의",25.04.19,"['10년이내', '방세개', '화장실두개', '중층']",남향,13865578.469066761
경기도,오산시,부산동,오산시티자이1차2단지,매매,203동,1/25,370000000,85.83,OWNER,아이들 키우기 좋아요.햇빛 좋아요,25.04.08,"['10년이내', '1층', '방세개', '화장실두개']",남향,14250733.426540839
경기도,오산시,부산동,오산시티자이1차2단지,매매,207동,13/25,380000000,85.83,MOBL,2억4천 전세안고 매매 거실창2개로 확트여 보이는 집,25.04.07,"['10년이내', '방세개', '화장실두개', '중층']",남동향,14635888.384014914
경기도,오산시,부산동,오산시티자이1차2단지,매매,203동,25/25,380000000,85.83,OWNER,전면동  뷰가 최고인 탑층  말이 필요없어요.  층간소음없어요.,25.04.07,"['10년이내', '탑층', '방세개', '화장실두개']",남향,14635888.384014914
경기도,오산시,부산동,오산시티자이1차2단지,매매,202동,11/25,370000000,85.76,OWNER,"세안고매매입니다. 시스템에어컨2대,마등산뷰최고,26.3입주협의",25.04.19,"['10년이내', '방세개', '화장실두개', '중층']",동향,14262365.32182836
경기도,오산시,부산동,오산시티자이1차2단지,매매,202동,2/25,390000000,85.76,OWNER,추천 확트인뷰 귀한필로티 중문  집주인거로집상태최상 협의가능,25.04.19,"['10년이내', '필로티', '방세개', '화장실두개']",남동향,15033303.987873133
경기도,오산시,부산동,오산시티자이1차2단지,매매,203동,18/25,400000000,85.76,OWNER,,25.04.17,"['10년이내', '방세개', '화장실두개', '고층']",남향,15418773.320895521
경기도,오산시,부산동,오산시티자이1차2단지,매매,203동,17/25,380000000,85.76,OWNER,SR전면동  산이보이는 아름다운뷰   인기있는 드레스룸  입주협의,25.04.17,"['10년이내', '방세개', '화장실두개', '고층']",남향,14647834.654850746
경기도,오산시,부산동,오산시티자이1차2단지,매매,207동,4/25,365000000,85.76,OWNER,,25.04.17,"['10년이내', '방세개', '화장실두개', '세대당1대']",남동향,14069630.655317165
경기도,오산시,부산동,오산시티자이1차2단지,매매,203동,22/25,360000000,85.76,OWNER,세안고 매매  전면동 로얄고층 드레스룸 있는 인기타입,25.04.04,"['10년이내', '방세개', '화장실두개', '고층']",동향,13876895.988805972
경기도,오산시,부산동,오산시티자이1차2단지,매매,203동,22/25,360000000,85.76,NONE,세안고매매 투자로도 좋아요 마등산뷰 고층,25.04.02,"['10년이내', '방세개', '화장실두개', '고층']",동향,13876895.988805972
경기도,오산시,부산동,오산시티자이1차2단지,매매,207동,19/25,380000000,84.43,OWNER,"로얄층 정남향 햇살가득한집, 중문, 관리잘한집입니다.",25.04.19,"['10년이내', '방세개', '화장실두개', '고층']",남향,14878577.51983892
경기도,오산시,부산동,오산시티자이1차2단지,매매,202동,10/25,390000000,84.43,OWNER,"귀한전면동, 시스템에어컨3대, 주인거주로 집상태좋습니다",25.04.19,"['10년이내', '방세개', '화장실두개', '중층']",남향,15270119.03351889
경기도,오산시,부산동,오산시티자이1차2단지,매매,202동,11/25,390000000,84.43,OWNER,즉시입주가능.2단지에 뻥뷰동입니다.남향으로 햇빛이 가득한곳입니다,25.04.19,"['10년이내', '방세개', '화장실두개', '중층']",남향,15270119.03351889
경기도,오산시,부산동,오산시티자이1차2단지,매매,207동,1/25,360000000,84.43,OWNER,아이키우기좋은 최고의 1층입니다  입구편리  학교앞,25.04.18,"['10년이내', '1층', '방세개', '화장실두개']",남향,14095494.492478976
경기도,오산시,부산동,오산시티자이1차2단지,매매,205동,18/21,375000000,84.43,OWNER,,25.04.14,"['10년이내', '방세개', '화장실두개', '고층']",남향,14682806.762998933
경기도,오산시,부산동,오산시티자이1차2단지,매매,202동,20/25,400000000,84.43,OWNER,말로다할수 없는 뷰를 품은집  햇살난방비절약짱 드레스룸인테리어,25.04.07,"['10년이내', '방세개', '화장실두개', '고층']",남향,15661660.547198864
경기도,오산시,부산동,오산시티자이1차2단지,매매,203동,12/25,380000000,84.43,OWNER,,25.04.07,"['10년이내', '방세개', '화장실두개', '중층']",남향,14878577.51983892
경기도,오산시,부산동,오산시티자이1차2단지,매매,207동,16/25,400000000,84.43,NDOC1,전망좋고 주출입구랑 가까워요 로얄층으로 일조량도 좋아요,25.04.07,"['10년이내', '방세개', '화장실두개', '중층']",남향,15661660.547198864
경기도,오산시,부산동,오산시티자이1차2단지,매매,207동,고/25,380000000,84.43,OWNER,"투자강추, 전세안고, 고층으로 탁트인뷰",25.04.12,"['10년이내', '방세개', '화장실두개', '고층']",남향,14878577.51983892
경기도,오산시,부산동,오산시티자이1차2단지,매매,203동,17/25,360000000,84.43,DOC,전면동 탁트인뷰 남향 주인거주 이사협의가능,25.04.15,"['10년이내', '방세개', '화장실두개', '고층']",남향,14095494.492478976
경기도,오산시,부산동,오산시티자이1차2단지,매매,203동,4/25,400000000,84.43,OWNER,RR전면동 뻥뚫린뷰 생활편리동 살기좋은 시.티.자.이,25.04.02,"['10년이내', '방세개', '화장실두개', '세대당1대']",남향,15661660.547198864
경기도,오산시,부산동,오산시티자이1차2단지,매매,203동,10/25,400000000,84.43,OWNER,SR전면동  입주협의 집주인거주 괸리잘된집,25.04.01,"['10년이내', '방세개', '화장실두개', '중층']",남향,15661660.547198864
경기도,오산시,부산동,오산시티자이1차2단지,매매,207동,23/25,380000000,84.43,OWNER,"마등산이보이는 해잘드는정남향집,인기좋은타입, 우선보러오세요",25.03.28,"['10년이내', '방세개', '화장실두개', '고층']",남향,14878577.51983892
경기도,오산시,부산동,오산시티자이2차,전세,304동,7/29,350000000,129.78,OWNER,,25.04.12,"['10년이내', '대단지', '방네개이상', '화장실두개']",남동향,8915277.777777778
경기도,오산시,부산동,오산시티자이2차,매매,310동,15/29,520000000,109.02,OWNER,"시스템에어컨4대,폴리싱타일,드레스룸확장,빌트인냉장고,주인거주로집좋음",25.04.19,"['10년이내', '대단지', '방네개이상', '화장실두개']",남동향,15767824.252430748
경기도,오산시,부산동,오산시티자이2차,전세,302동,16/29,330000000,109.02,OWNER,,25.04.19,"['10년이내', '대단지', '방네개이상', '화장실두개']",남서향,10006503.852504129
경기도,오산시,부산동,오산시티자이2차,매매,302동,22/29,530000000,109.02,OWNER,우와말할수없이 좋은 최상의뷰  비교할수업없는 대형드레스룸,25.04.17,"['10년이내', '대단지', '대형평수', '방네개이상']",남서향,16071051.641900571
경기도,오산시,부산동,오산시티자이2차,매매,302동,24/29,530000000,109.02,OWNER,"로얄층,해잘드는남서, 드레스룸확장형, 귀한B타입입니다.입주협의",25.04.12,"['10년이내', '대단지', '방네개이상', '화장실두개']",남서향,16071051.641900571
경기도,오산시,부산동,오산시티자이2차,매매,310동,20/29,530000000,109.02,OWNER,"33.학교앞,상가이용편리,주인거주,드레스룸확장",25.04.08,"['10년이내', '대단지', '방네개이상', '화장실두개']",남동향,16071051.641900571
경기도,오산시,부산동,오산시티자이2차,매매,301동,14/29,500000000,108.65,MOBL,주인거주로 집관리 잘되어 있는집 시스템에어컨4대 식기세척기 인덕션 중문,25.04.19,"['10년이내', '대단지', '방네개이상', '화장실두개']",남향,15213000.460193282
경기도,오산시,부산동,오산시티자이2차,매매,310동,28/29,510000000,108.65,OWNER,"로얄동,로얄층, 시스템에어컨4, 붙박이장설치, 주인거주관리굿",25.04.19,"['10년이내', '대단지', '방네개이상', '화장실두개']",남동향,15517260.469397146
경기도,오산시,부산동,오산시티자이2차,월세,310동,8/29,"3,000/120",108.65,OWNER,귀한월세 고민고민하지마요.5월 3째주부터 입주협의 전면동  초품아,25.04.19,"['10년이내', '대단지', '방네개이상', '화장실두개']",남동향,
경기도,오산시,부산동,오산시티자이2차,매매,305동,23/29,500000000,108.65,OWNER,인테리어된집 고층의 기가막힌 뻥뷰   집주인거주 입주협의,25.04.19,"['10년이내', '대단지', '방세개', '화장실두개']",남서향,15213000.460193282
경기도,오산시,부산동,오산시티자이2차,전세,305동,23/29,310000000,108.65,OWNER,귀한전세 융자상환조건  입주협의  집주인거주 2N1  인테리어좋음,25.04.19,"['10년이내', '대단지', '방세개', '화장실두개']",남서향,9432060.285319835
경기도,오산시,부산동,오산시티자이2차,매매,304동,24/29,530000000,108.65,OWNER,"영원한 마등산뷰, 시스템에어컨2대, 폴리싱타일, 중문, 팬트리,드레스룸",25.04.17,"['10년이내', '대단지', '방네개이상', '화장실두개']",남동향,16125780.487804879
경기도,오산시,부산동,오산시티자이2차,매매,304동,15/29,520000000,108.65,OWNER,마등산이보이는 시스템에어컨있는집입니다.주인거주로 상태최상,25.04.17,"['10년이내', '대단지', '방네개이상', '화장실두개']",남동향,15821520.47860101
경기도,오산시,부산동,오산시티자이2차,매매,307동,3/29,480000000,108.65,OWNER,3단지  햇살좋은 전면동 마등산등산로좋아요  입주협의,25.04.17,"['10년이내', '대단지', '방네개이상', '화장실두개']",남동향,14604480.441785552
경기도,오산시,부산동,오산시티자이2차,매매,302동,11/29,500000000,108.65,OWNER,단지뷰이지만 정말좋아요  뻥뷰  입주협의,25.04.17,"['10년이내', '대단지', '방네개이상', '화장실두개']",남서향,15213000.460193282
경기도,오산시,부산동,오산시티자이2차,매매,305동,4/29,495000000,108.65,OWNER,"지대높아요, 잘빠진구조, 뒤로는 마등산뷰, 시야막힘없습니다",25.04.17,"['10년이내', '대단지', '방네개이상', '화장실두개']",남서향,15060870.455591347
경기도,오산시,부산동,오산시티자이2차,매매,305동,11/29,480000000,108.65,OWNER,"주인거주상태최상,시스템에어컨3대,넓은드레스룸,수납공간넉넉,해잘드는남서향",25.04.15,"['10년이내', '대단지', '방네개이상', '화장실두개']",남서향,14604480.441785552
경기도,오산시,부산동,오산시티자이2차,매매,301동,8/29,510000000,108.65,OWNER,33.학교앞동.시스템에어컨2대.주인거주로집상태초상,25.04.11,"['10년이내', '대단지', '방네개이상', '화장실두개']",남동향,15517260.469397146
경기도,오산시,부산동,오산시티자이2차,매매,305동,1/29,450000000,108.65,OWNER,층간소음없이 아이들 맘껏뛸수 있어요 방4개 밝고 환한집 세끼고,25.04.08,"['10년이내', '대단지', '1층', '방네개이상']",남서향,13691700.414173953
경기도,오산시,부산동,오산시티자이2차,매매,307동,11/29,510000000,108.65,OWNER,"햇살맛집, 수남공간 드레스룸 좋습니다, 방4개, 시야막힘없음",25.04.07,"['10년이내', '대단지', '방네개이상', '화장실두개']",남서향,15517260.469397146
경기도,오산시,부산동,오산시티자이2차,매매,302동,26/29,650000000,108.65,OWNER,33.시스템에어컨4대.자동중문.집주인거주.집상태좋아요,25.04.07,"['10년이내', '대단지', '방네개이상', '화장실두개']",남서향,19776900.59825127
경기도,오산시,부산동,오산시티자이2차,매매,301동,저/29,470000000,108.65,OWNER,32A.편안한공원뷰.초등학교코앞.집주인거주상태굳.보시면반하실겁니다.,25.04.11,"['10년이내', '대단지', '방네개이상', '화장실두개']",남동향,14300220.432581684
경기도,오산시,부산동,오산시티자이2차,매매,305동,5/29,500000000,108.65,OWNER,"시스템에어컨2대, 벽 타일시공함, 중문, 조용하고,주방창마등산뷰가능.",25.04.04,"['10년이내', '대단지', '방네개이상', '화장실두개']",남서향,15213000.460193282
경기도,오산시,부산동,오산시티자이2차,매매,304동,5/29,540000000,108.65,OWNER,"풀시스템에어컨5대, 식세기, 마등산뷰, 넓은드레스룸,광역버스.",25.03.31,"['10년이내', '대단지', '방네개이상', '화장실두개']",남동향,16430040.497008743
경기도,오산시,부산동,오산시티자이2차,매매,307동,27/29,460000000,98.41,MOBL,로얄층 전망좋은 집 엘베2개 대형드레스룸 일조량 풍부,25.04.19,"['10년이내', '대단지', '대형평수', '방세개']",남동향,15452302.61152322
경기도,오산시,부산동,오산시티자이2차,매매,310동,11/29,470000000,98.41,OWNER,"풀시스템에어컨,엘베2대,폴리싱타일,팬트리3개, 학교바로코앞,최고입니다",25.04.19,"['10년이내', '대단지', '방세개', '화장실두개']",남동향,15788222.233512856
경기도,오산시,부산동,오산시티자이2차,매매,309동,15/29,470000000,98.41,NDOC1,중문 팬트리장 실제로 보면 정말 이쁜집 마등산뷰 보시고 결정하세요,25.04.19,"['10년이내', '대단지', '방세개', '화장실두개']",남향,15788222.233512856
경기도,오산시,부산동,오산시티자이2차,매매,307동,29/29,470000000,98.41,OWNER,귀한 탑층으로 층간소음 없는 집 드레스룸 트인뷰,25.04.18,"['10년이내', '대단지', '탑층', '방세개']",남향,15788222.233512856
경기도,오산시,부산동,오산시티자이2차,매매,305동,13/29,480000000,98.41,OWNER,마등산보이는 조용한동.학교가까운단지.교통소음없는매물.,25.04.17,"['10년이내', '대단지', '방세개', '화장실두개']",남동향,16124141.855502492
경기도,오산시,부산동,오산시티자이2차,매매,307동,28/29,480000000,98.41,OWNER,고층으로 31. 엘베2개인 동 대형드레스룸,25.04.16,"['10년이내', '대단지', '대형평수', '방세개']",남향,16124141.855502492
경기도,오산시,부산동,오산시티자이2차,매매,301동,17/29,470000000,98.41,OWNER,"완전뻥뷰,빠른입주가능,시에3대,줄눈이,정남향,일조량풍부,보시면 더 좋아요",25.04.14,"['10년이내', '대단지', '방세개', '화장실두개']",남동향,15788222.233512856
경기도,오산시,부산동,오산시티자이2차,매매,303동,22/29,480000000,98.41,OWNER,"마등산이보내려다보이는 조용한동,판샹형,세입자8월만기",25.04.11,"['10년이내', '대단지', '방세개', '화장실두개']",남동향,16124141.855502492
경기도,오산시,부산동,오산시티자이2차,매매,310동,24/29,490000000,98.41,OWNER,29.학교앞동.상가이용편리.집주인거주로 집상태훌륭합니다,25.04.11,"['10년이내', '대단지', '방세개', '화장실두개']",남동향,16460061.477492128
경기도,오산시,부산동,오산시티자이2차,매매,307동,23/29,500000000,98.41,OWNER,"마등산보이는조용한동,주인거주로집상태넘넘좋아요,4월부터입주가능합니다",25.04.11,"['10년이내', '대단지', '방세개', '화장실두개']",남동향,16795981.09948176
경기도,오산시,부산동,오산시티자이2차,매매,307동,12/29,470000000,98.41,OWNER,"풀시스템에어컨,식세기, 인덕션,미세방충망등 풀옵션,주인거주상태최상",25.04.09,"['10년이내', '대단지', '방세개', '화장실두개']",남서향,15788222.233512856
경기도,오산시,부산동,오산시티자이2차,매매,310동,저/29,440000000,98.41,OWNER,세안고 갭1억5000 다온초인접동 정문출입구동,25.04.07,"['10년이내', '대단지', '방세개', '화장실두개']",남향,14780463.367543949
경기도,오산시,부산동,오산시티자이2차,매매,307동,고/29,460000000,98.41,NONE,풀옵션  식기 세척기 인덕션 등  주인거주,25.04.09,"['10년이내', '대단지', '방세개', '화장실두개']",남서향,15452302.61152322
경기도,오산시,부산동,오산시티자이2차,매매,310동,20/29,390000000,81.77,MOBL,입주날짜협의 고층으로 선호하는 로얄동층 대형드레스룸있어요,25.04.19,"['10년이내', '대단지', '대형평수', '방세개']",남향,15766860.09538951
경기도,오산시,부산동,오산시티자이2차,매매,309동,9/29,380000000,81.77,MOBL,드레스룸이 넓은 타입으로 선호하는 타입입니다 입주협의가능 선호동,25.04.19,"['10년이내', '대단지', '방세개', '화장실두개']",남향,15362581.631405162
경기도,오산시,부산동,오산시티자이2차,매매,307동,23/29,400000000,81.77,OWNER,"뻥뚫린시티뷰, 초품아, 엘베2, 중문,드레스룸좋아요",25.04.19,"['10년이내', '대단지', '방세개', '화장실두개']",남서향,16171138.559373856
경기도,오산시,부산동,오산시티자이2차,매매,310동,7/29,370000000,81.77,OWNER,"세안고, 엘베2대, 학교바로앞동, 상가이용편리하고,구조도이뻐요",25.04.19,"['10년이내', '대단지', '방세개', '화장실두개']",남서향,14958303.167420816
경기도,오산시,부산동,오산시티자이2차,월세,309동,18/29,"4,000/95",81.77,OWNER,25.귀한월세입니다.상가이용편리한동,25.04.19,"['10년이내', '대단지', '방세개', '화장실두개']",남동향,
경기도,오산시,부산동,오산시티자이2차,월세,301동,9/29,"2,000/120",81.77,OWNER,25.상가이용편리.주차편리.입주협의.선점하세요,25.04.19,"['10년이내', '대단지', '방세개', '화장실두개']",남동향,
경기도,오산시,부산동,오산시티자이2차,매매,309동,19/29,390000000,81.77,MOBL,급매o이사일협의가능o깨끗한집o매.물.접.수.코너부o동산,25.04.18,"['10년이내', '대단지', '급매', '방세개']",남향,15766860.09538951
경기도,오산시,부산동,오산시티자이2차,매매,309동,23/29,390000000,81.77,OWNER,시스템에어컨3대 식기세척기  입주협의가능  집상태아주좋아요,25.04.19,"['10년이내', '대단지', '방세개', '화장실두개']",남향,15766860.09538951
경기도,오산시,부산동,오산시티자이2차,매매,307동,18/29,395000000,81.77,OWNER,폴리싱타일 준신축아아파트 가성비좋은 단지 대형안방드레스룸 마등산뷰,25.04.19,"['10년이내', '대단지', '대형평수', '방세개']",남향,15968999.327381682
경기도,오산시,부산동,오산시티자이2차,매매,301동,26/29,390000000,81.77,OWNER,"추천매물,로얄동입니다, 시에2, 동간거리넓어좋아요,넓은드레스룸",25.04.15,"['10년이내', '대단지', '방세개', '화장실두개']",남동향,15766860.09538951
경기도,오산시,부산동,오산시티자이2차,매매,303동,7/29,390000000,81.77,OWNER,"엘베2대, 마등산뷰,중앙정원뷰너무예뻐요,넓은드레스룸,입주협의",25.04.15,"['10년이내', '대단지', '방세개', '화장실두개']",남서향,15766860.09538951
경기도,오산시,부산동,오산시티자이2차,매매,305동,18/29,385000000,81.77,OWNER,"집너무좋습니다. 엘베2대, 투인원, 마등산등산로, 즉시입주가능 ",25.04.15,"['10년이내', '대단지', '방세개', '화장실두개']",남서향,15564720.863397336
경기도,오산시,부산동,오산시티자이2차,매매,307동,저/29,375000000,81.77,OWNER,"지대높은3층 막힘없어요, 엘베2대,드레스룸도넓어요,보러오세요",25.04.17,"['10년이내', '대단지', '방세개', '화장실두개']",남서향,15160442.399412988
경기도,오산시,부산동,오산시티자이2차,매매,309동,10/29,390000000,81.77,OWNER,"주인거주로 집상태최상 .입구동으로 상가 이용편리,학교바로앞동,협의입주",25.04.10,"['10년이내', '대단지', '방세개', '화장실두개']",남동향,15766860.09538951
경기도,오산시,부산동,오산시티자이2차,매매,310동,28/29,375000000,81.77,OWNER,"세안고, 학교바로앞동입니다, 넓은드레스룸,상가이용편리,강남광역버스",25.04.09,"['10년이내', '대단지', '방세개', '화장실두개']",남서향,15160442.399412988
경기도,오산시,부산동,오산시티자이2차,매매,303동,18/29,380000000,81.77,OWNER,"엘베2대,올해설치한투인원, 공원뷰마등산뷰둘다가능,해잘들고,8월입주",25.04.05,"['10년이내', '대단지', '방세개', '화장실두개']",남서향,15362581.631405162
경기도,오산시,부산동,오산시티자이2차,매매,301동,13/29,400000000,81.77,OWNER,"학교바로앞동,상가이용편리,넓은드레스룸,중문,집주인거주로상태최상",25.04.04,"['10년이내', '대단지', '방세개', '화장실두개']",남동향,16171138.559373856
경기도,오산시,부산동,오산시티자이2차,매매,310동,25/29,450000000,81.77,OWNER,"남서향뚫린뷰,엘베2,학교앞동,폴리싱타일,상가이용편리,강남광역버스",25.03.31,"['10년이내', '대단지', '방세개', '화장실두개']",남서향,18192530.879295588
경기도,오산시,부산동,오산시티자이2차,매매,309동,26/29,400000000,81.77,OWNER,"마등산뷰, 상가이용편리한동, 드레스룸넓고 집예쁩니다",25.03.24,"['10년이내', '대단지', '방세개', '화장실두개']",남동향,16171138.559373856
경기도,오산시,부산동,오산시티자이2차,매매,309동,21/29,420000000,80.86,OWNER,"추천매물,시스템에어컨4, 귀한a타입, 바닥폴리싱,팬트리,넓은드레스룸",25.04.19,"['10년이내', '대단지', '방세개', '화장실두개']",남서향,17170785.30793965
경기도,오산시,부산동,오산시티자이2차,매매,301동,8/29,410000000,80.86,OWNER,25.남서향.학교앞동.상가이용편리.버스이용편리.시티뷰,25.04.19,"['10년이내', '대단지', '방세개', '화장실두개']",남서향,16761957.086322038
경기도,오산시,부산동,오산시티자이2차,매매,301동,5/29,420000000,80.86,OWNER,"학교코앞,귀한A타입, 4베이구조,수납공간넉넉함, 학교바로앞동",25.04.17,"['10년이내', '대단지', '방세개', '화장실두개']",남서향,17170785.30793965
경기도,오산시,부산동,오산시티자이2차,매매,303동,29/29,420000000,80.86,OWNER,"최고마등산뷰,작은방확장형, 방2화2, 주인거주로 상태최상",25.04.17,"['10년이내', '대단지', '탑층', '방두개']",남동향,17170785.30793965
경기도,오산시,부산동,오산시티자이2차,월세,303동,20/29,"1억 7,000/30",80.86,OWNER,펜션같은 힐링뷰 9월 또는 협의입주 가능 ,25.04.16,"['10년이내', '대단지', '방세개', '화장실두개']",남동향,
경기도,오산시,부산동,오산시티자이2차,전세,303동,20/29,270000000,80.86,OWNER,펜션같은 힐링뷰 9월 또는 협의입주 가능 ,25.04.16,"['10년이내', '대단지', '방세개', '화장실두개']",남동향,11038361.98367549
경기도,오산시,부산동,오산시티자이2차,매매,303동,20/29,420000000,80.86,OWNER,펜션같은 힐링뷰 9월 또는 협의입주 가능 ,25.04.16,"['10년이내', '대단지', '방세개', '화장실두개']",남동향,17170785.30793965
경기도,오산시,부산동,오산시티자이2차,매매,301동,10/29,420000000,80.86,OWNER,25.학교앞동.앞이시원한 뷰.주인거주.동선좋은동,25.04.11,"['10년이내', '대단지', '방세개', '화장실두개']",남서향,17170785.30793965
경기도,오산시,부산동,오산시티자이2차,매매,301동,20/29,410000000,80.86,OWNER,"세안고, 귀한A타입, 구조너무좋습니다, 25.9입주협의",25.04.11,"['10년이내', '대단지', '방세개', '화장실두개']",남서향,16761957.086322038
경기도,오산시,부산동,오산시티자이2차,매매,303동,1/29,370000000,80.86,OWNER,"층고높은1층,맘껏뛸수있는1층,마등산이내집앞,인기좋은타입,안전방충망설치",25.04.08,"['10년이내', '대단지', '1층', '방세개']",남동향,15126644.199851595
경기도,오산시,부산동,오산시티자이2차,매매,309동,11/29,410000000,80.86,OWNER,"시에3대,중문,줄눈,엘베2대,상가이용편리",25.03.27,"['10년이내', '대단지', '방세개', '화장실두개']",남서향,16761957.086322038
경기도,오산시,부산동,오산운암주공1단지,전세,103동,18/20,230000000,105.64,MOBL,남향고층 확트인전망수리하여 집상태깨끗 초등 중등 고등학교 도보통학,25.04.19,"['25년이상', '대단지', '방세개', '화장실두개']",남향,7197373.62741386
경기도,오산시,부산동,오산운암주공1단지,매매,103동,18/20,300000000,105.64,OWNER,부분수리된 전망좋은 로얄동  채광굿  4월19일이후협의,25.04.18,"['25년이상', '대단지', '방세개', '화장실두개']",남향,9387878.644452859
경기도,오산시,부산동,오산운암주공1단지,매매,102동,16/20,350000000,105.64,OWNER,내외부샷시교체된 전망좋은 중간라인 깔끔한집 주인세대  정상입주 ,25.04.17,"['25년이상', '대단지', '방세개', '화장실두개']",남향,10952525.085195003
경기도,오산시,부산동,오산운암주공1단지,전세,116동,3/20,210000000,105.64,DOCV2,단지중앙에위치한조용한동 기본남향집  빠른입주도가능,25.04.18,"['25년이상', '융자금없는', '대단지', '방세개']",남향,6571515.051117001
경기도,오산시,부산동,오산운암주공1단지,전세,116동,13/20,230000000,105.64,DOCV2,"수리,입주청소,즉시입주",25.04.17,"['25년이상', '대단지', '방세개', '화장실두개']",남향,7197373.62741386
경기도,오산시,부산동,오산운암주공1단지,매매,105동,17/20,310000000,105.64,DOC,이전수리 중간라인  채광굿 빠른입주 협의,25.04.19,"['25년이상', '대단지', '방세개', '화장실두개']",남향,9700807.932601288
경기도,오산시,부산동,오산운암주공1단지,매매,116동,2/20,295000000,105.64,DOC,부분수리된 중간라인 깔끔한집  즉시입주  수리기간드려요,25.04.15,"['25년이상', '대단지', '방세개', '화장실두개']",남향,9231414.000378646
경기도,오산시,부산동,오산운암주공1단지,매매,116동,중/20,330000000,105.64,MOBL,"수리,도배,즉시입주",25.04.10,"['25년이상', '대단지', '방세개', '화장실두개']",남향,10326666.508898146
경기도,오산시,부산동,오산운암주공1단지,매매,116동,14/20,300000000,105.64,DOC,빠른입주가능 수리기간 드려요 정남향 로얄층 동간거리넓고 채광좋은 집,25.04.15,"['25년이상', '대단지', '방세개', '화장실두개']",남향,9387878.644452859
경기도,오산시,부산동,오산운암주공1단지,월세,106동,2/20,"2,000/100",105.64,DOC,"즉시입주,입구선호동,",25.04.14,"['25년이상', '대단지', '방세개', '화장실두개']",남향,
경기도,오산시,부산동,오산운암주공1단지,매매,103동,5/20,295000000,105.64,DOC,"입구선호동,올수리,중간라인,7월말경",25.04.10,"['25년이상', '올수리', '대단지', '방세개']",남향,9231414.000378646
경기도,오산시,부산동,오산운암주공1단지,월세,106동,7/20,"1억 5,000/35",105.64,DOC,,25.04.09,"['25년이상', '대단지', '방세개', '화장실두개']",남향,
경기도,오산시,부산동,오산운암주공1단지,매매,103동,12/20,355000000,105.64,DOC,내외부샤시교체된  전망좋은 깔끔한 주인세대   정상입주,25.04.08,"['25년이상', '대단지', '방세개', '화장실두개']",남향,11108989.729269218
경기도,오산시,부산동,오산운암주공1단지,매매,105동,15/20,320000000,105.64,OWNER,"시청인근o깔끔올수리o매,물,접,수,받,아,요",25.03.28,"['25년이내', '올수리', '대단지', '방세개']",남향,10013737.220749717
경기도,오산시,부산동,오산운암주공1단지,전세,106동,고/20,260000000,105.64,DOC,남향 전면동 확장 중문 채광통풍 LH가능 예쁜인테리어집 보증보험가입,25.04.09,"['25년이상', '대단지', '방세개', '화장실두개']",남향,8136161.4918591445
경기도,오산시,부산동,오산운암주공1단지,매매,102동,12/20,320000000,105.64,DOCV2,,25.03.26,"['25년이내', '대단지', '방세개', '화장실두개']",남향,10013737.220749717
경기도,오산시,부산동,오산운암주공1단지,매매,105동,12/20,324000000,105.64,DOC,"올수리 거실,작은방확장,중간라인,즉시입주",25.03.25,"['25년이내', '올수리', '대단지', '방세개']",남향,10138908.936009089
경기도,오산시,부산동,오산운암주공1단지,전세,103동,18/20,230000000,105.64,NONE,즉시입주가능,25.04.18,"['25년이상', '대단지', '방세개', '화장실두개']",남향,7197373.62741386
경기도,오산시,부산동,오산운암주공1단지,매매,103동,18/20,300000000,105.64,NONE,,25.04.05,"['25년이상', '대단지', '방세개', '화장실두개']",남향,9387878.644452859
경기도,오산시,부산동,오산운암주공1단지,매매,107동,1/20,215000000,74.74,DOCV2,올수리.중문.작은방확장.아이키우기 좋은집.빠른입주,25.04.19,"['25년이상', '올수리', '대단지', '1층']",동향,9509550.107037732
경기도,오산시,부산동,오산운암주공1단지,매매,120동,9/20,235000000,74.74,DOCV2,"올수리,상가인근로얄동,주인거주로 깨끗,협의입주",25.04.18,"['25년이상', '올수리', '대단지', '방세개']",남향,10394159.419320311
경기도,오산시,부산동,오산운암주공1단지,매매,117동,8/20,230000000,74.74,DOCV2,올수리 월세안고투자굿 초중고인접,25.04.14,"['25년이상', '올수리', '대단지', '방세개']",남향,10173007.091249667
경기도,오산시,부산동,오산운암주공1단지,매매,109동,7/18,250000000,74.74,DOCV2,"올수리,깔끔한 일자형주방,전세끼고,26년3월협의",25.04.14,"['25년이상', '올수리', '대단지', '방세개']",남향,11057616.403532246
경기도,오산시,부산동,오산운암주공1단지,전세,104동,18/20,170000000,74.74,DOCV2,입구로얄동남향집 기본 4월말경협의입주,25.04.14,"['25년이상', '융자금없는', '대단지', '방세개']",남향,7519179.154401928
경기도,오산시,부산동,오산운암주공1단지,매매,110동,17/20,235000000,74.74,DOCV2,조용한동 햇볕잘드는남향집 기본 정상입주,25.04.14,"['25년이상', '대단지', '방세개', '화장실한개']",남향,10394159.419320311
경기도,오산시,부산동,오산운암주공1단지,매매,118동,6/20,250000000,74.74,DOC,"최근올수리1년,공원인근선호동,세안고2000만원90",25.04.18,"['25년이상', '올수리', '대단지', '방세개']",남향,11057616.403532246
경기도,오산시,부산동,오산운암주공1단지,월세,109동,12/18,"2,000/85",74.74,DOC,2년전올수리 선호한 로얄동  중간라인 채광좋은집 5월2일입주가,25.04.17,"['25년이상', '올수리', '대단지', '방세개']",남향,
경기도,오산시,부산동,오산운암주공1단지,매매,101동,6/18,250000000,74.74,DOCV2,"전면 로열동,  올수리, 중간 라인  세안고",25.04.11,"['25년이상', '올수리', '대단지', '방세개']",남향,11057616.403532246
경기도,오산시,부산동,오산운암주공1단지,매매,121동,16/18,220000000,74.74,DOC,입구로얄동 ,25.04.14,"['25년이상', '대단지', '방세개', '화장실한개']",남향,9730702.435108377
경기도,오산시,부산동,오산운암주공1단지,전세,120동,6/20,180000000,74.74,DOC,"상가인근선호동,올수리,중간라인,날짜협의",25.04.14,"['25년이상', '융자금없는', '올수리', '대단지']",남향,7961483.810543217
경기도,오산시,부산동,오산운암주공1단지,매매,120동,18/20,240000000,74.74,DOCV2,입구로얄동 올수리된햇볕잘드는남향집 협의입주,25.04.09,"['25년이상', '올수리', '대단지', '방세개']",남향,10615311.747390956
경기도,오산시,부산동,오산운암주공1단지,매매,109동,저/18,240000000,74.74,DOC,세안고투자굿.올수리.초중고인접.생활인프라굿,25.04.19,"['25년이상', '올수리', '대단지', '방세개']",남향,10615311.747390956
경기도,오산시,부산동,오산운암주공1단지,전세,107동,중/20,200000000,74.74,DOCV2,올수리후첫입주예정 ,25.04.14,"['25년이상', '올수리', '대단지', '방세개']",남향,8846093.122825798
경기도,오산시,부산동,오산운암주공1단지,매매,110동,15/20,230000000,74.74,DOCV2,"올수리, 가운데동으로 전망굿, 세안고",25.04.04,"['25년이상', '올수리', '대단지', '방세개']",동향,10173007.091249667
경기도,오산시,부산동,오산운암주공1단지,전세,119동,19/20,210000000,74.74,DOC,,25.04.09,"['25년이상', '대단지', '방세개', '화장실한개']",남향,9288397.778967088
경기도,오산시,부산동,오산운암주공1단지,매매,120동,14/20,240000000,74.74,DOC,"올수리 아주 깨끗,  입구가까운 로열동, 협의입주",25.04.08,"['25년이상', '올수리', '대단지', '방세개']",남향,10615311.747390956
경기도,오산시,부산동,오산운암주공1단지,월세,121동,9/18,"2,000/85",74.74,DOC,올수리 입구로얄동  5월말이후협의,25.04.08,"['25년이상', '올수리', '대단지', '방세개']",남향,
경기도,오산시,부산동,오산운암주공1단지,월세,109동,저/18,"1,000/85",74.74,DOC,올수리 빠른입주가 협의입주 초중고인접 ,25.04.14,"['25년이상', '올수리', '대단지', '방세개']",남향,
경기도,오산시,부산동,오산운암주공1단지,매매,101동,4/18,230000000,74.74,DOC,입구로얄동 부분수리로깨끗한남향집  협의입주,25.04.07,"['25년이상', '대단지', '방세개', '화장실한개']",남향,10173007.091249667
경기도,오산시,부산동,오산운암주공1단지,전세,120동,14/20,200000000,74.74,DOC,올수리  입구동 로열층 6월중 협의 ,25.04.05,"['25년이상', '올수리', '대단지', '방세개']",남향,8846093.122825798
경기도,오산시,부산동,오산운암주공1단지,매매,120동,15/20,232000000,74.74,DOC,입구로얄동 깔끔한집 전망굿  즉시입주,25.04.02,"['25년이상', '대단지', '방세개', '화장실한개']",남향,10261468.022477925
경기도,오산시,부산동,오산운암주공1단지,매매,111동,3/18,235000000,74.74,DOC,부분수리  중간라인 깔끔한 주인세대  정상입주,25.03.31,"['25년이내', '대단지', '방세개', '화장실한개']",남향,10394159.419320311
경기도,오산시,부산동,오산운암주공1단지,매매,107동,10/20,235000000,74.68,OWNER,"올수리, 전망좋고 해잘들어오는집,협의입주",25.04.15,"['25년이상', '올수리', '대단지', '방세개']",남동향,10402510.37761114
경기도,오산시,부산동,오산운암주공1단지,매매,110동,9/20,230000000,74.68,DOC,최근올수리함 전세끼고,25.04.10,"['25년이상', '올수리', '대단지', '방세개']",남동향,10181180.369576862
경기도,오산시,부산동,오산운암주공1단지,월세,107동,8/20,"2,000/85",74.68,DOCV2,전망좋고햇볕잘드는남동향집 올수리 깨끗 정상입주,25.04.02,"['25년이상', '융자금없는', '올수리', '대단지']",남동향,
경기도,오산시,부산동,오산운암주공1단지,매매,114동,4/15,230000000,74.51,OWNER,"올수리, 중문, 앞이 트여 전망좋음, 정상입주",25.04.19,"['25년이상', '올수리', '대단지', '방세개']",동향,10204409.475238223
경기도,오산시,부산동,오산운암주공1단지,매매,115동,14/15,235000000,74.51,OWNER,올수리 동간거리넓고햇볕잘드는중간라인남향집입니다  입주협의,25.04.15,"['25년이상', '올수리', '대단지', '방세개']",남향,10426244.463830357
경기도,오산시,부산동,오산운암주공1단지,매매,114동,13/15,240000000,74.51,DOCV2,"샷시포함 올수리, 붙박이장, 거실 및 방1확장,  세안고",25.04.14,"['25년이상', '올수리', '대단지', '방세개']",동향,10648079.452422492
경기도,오산시,부산동,오산운암주공1단지,전세,113동,15/15,170000000,74.51,DOC,올수리된  탑층남향집 4월중순경협의입주,25.04.18,"['25년이상', '융자금없는', '올수리', '대단지']",남향,7542389.6121326
경기도,오산시,부산동,오산운암주공1단지,매매,115동,3/15,230000000,74.51,DOC,전세안고매매 최근올수리 26.6월만기,25.04.10,"['25년이상', '올수리', '대단지', '방세개']",남향,10204409.475238223
경기도,오산시,부산동,오산운암주공1단지,매매,114동,13/15,217000000,74.51,DOC,"부분수리,시원한뷰, 정상입주",25.04.07,"['25년이상', '대단지', '방세개', '화장실한개']",동향,9627638.504898671
경기도,오산시,부산동,오산운암주공1단지,매매,113동,6/15,220000000,74.51,DOCV2,"동간 거리 넓음, 남향집 깨끗, 10월협의",25.03.27,"['25년이내', '대단지', '방세개', '화장실한개']",남향,9760739.498053953
경기도,오산시,부산동,오산운암주공1단지,매매,114동,중/15,220000000,74.51,DOC,"로얄층, 공원 앞동으로서 쾌적한 뷰.세안고.",25.03.27,"['25년이내', '대단지', '방세개', '화장실한개']",남동향,9760739.498053953
경기도,오산시,부산동,오산운암주공1단지,전세,112동,고/15,190000000,74.51,NONE,올수리 초중고인접 ,25.04.01,"['25년이상', '올수리', '대단지', '방세개']",남향,8429729.56650114
경기도,오산시,부산동,오산운암주공1단지,월세,120동,9/20,"2,000/75",62,DOC,최근올수리 입구로얄동  깔끔한집  협의입주 ,25.04.15,"['25년이상', '올수리', '대단지', '소형평수']",남향,
경기도,오산시,부산동,오산운암주공1단지,매매,120동,19/20,210000000,62,DOC,"협의입주,올수리된집으로 아주깨끗함",25.04.14,"['25년이상', '올수리', '대단지', '소형평수']",남향,11197013.70967742
경기도,오산시,부산동,오산운암주공1단지,매매,120동,15/20,200000000,62,DOC,"월세안고매매,씽크대교체,깔끔,채광좋은로얄층,편리한동",25.03.28,"['25년이내', '대단지', '소형평수', '방두개']",남향,10663822.580645163
경기도,오산시,부산동,오산운암주공1단지,매매,114동,7/15,200000000,61.6,OWNER,"올수리, 전망좋음, 전세안고 매매",25.04.18,"['25년이상', '올수리', '대단지', '소형평수']",동향,10733068.181818182
경기도,오산시,부산동,오산운암주공1단지,매매,113동,3/15,195000000,61.6,DOCV2,"남향, 올수리 깨끗, 입주협의 ",25.04.10,"['25년이상', '올수리', '대단지', '소형평수']",남향,10464741.477272728
경기도,오산시,부산동,오산운암주공1단지,매매,112동,12/15,210000000,61.6,DOC,"8월초입주,로얄층,기본깨끗",25.04.14,"['25년이상', '대단지', '소형평수', '방두개']",남향,11269721.590909092
경기도,오산시,부산동,오산운암주공1단지,매매,115동,고/15,215000000,61.6,DOC,올수리 잘 된집. 세안고 매매,25.04.10,"['25년이상', '올수리', '대단지', '소형평수']",남향,11538048.295454545
경기도,오산시,부산동,오산운암주공1단지,매매,114동,3/15,190000000,61.6,DOCV2,최근올수리 앞이탁트인전망좋은집  전세끼고매매,25.03.28,"['25년이내', '올수리', '대단지', '소형평수']",동향,10196414.772727273
경기도,오산시,부산동,오산운암주공3단지,매매,313동,14/20,305000000,108.04,OWNER,"세안고  11월 입주가능, 갭차이 적음, 귀한 매물, 사통팔달",25.04.16,"['25년이내', '대단지', '방세개', '화장실두개']",남향,9332325.296186598
경기도,오산시,부산동,오산운암주공3단지,매매,313동,8/20,330000000,108.04,DOC,남향 기본집 날짜 맞추어 드려요,25.04.17,"['25년이내', '대단지', '방세개', '화장실두개']",남향,10097269.992595334
경기도,오산시,부산동,오산운암주공3단지,매매,302동,4/20,300000000,108.04,DOC,"정상입주,거실,방1확장,수리, 생활권 편한동 ",25.04.17,"['25년이내', '대단지', '방세개', '화장실두개']",동향,9179336.35690485
경기도,오산시,부산동,오산운암주공3단지,전세,315동,2/20,225000000,108.04,DOC,화장실 씽크대수리 도배장판해드림,25.04.15,"['25년이내', '대단지', '방세개', '화장실두개']",남향,6884502.267678638
경기도,오산시,부산동,오산운암주공3단지,매매,305동,4/18,325000000,108.04,DOC,주인거주 예수리로 관리잘된 집 빠른입주 ,25.04.10,"['25년이내', '대단지', '방세개', '화장실두개']",남향,9944281.053313587
경기도,오산시,부산동,오산운암주공3단지,매매,307동,6/18,340000000,108.04,DOC,최근올수리함 ,25.04.10,"['25년이내', '올수리', '대단지', '방세개']",남향,10403247.87115883
경기도,오산시,부산동,오산운암주공3단지,매매,307동,1/18,300000000,108.04,DOCV2,"남향 예전올수리 정상입주,세안고가능",25.04.05,"['25년이내', '올수리', '대단지', '1층']",남향,9179336.35690485
경기도,오산시,부산동,오산운암주공3단지,매매,313동,중/20,320000000,108.04,DOC,즉시입주가 협의가능 수리기간드림,25.04.15,"['25년이내', '대단지', '방세개', '화장실두개']",남향,9791292.11403184
경기도,오산시,부산동,오산운암주공3단지,매매,315동,2/20,295000000,108.04,DOC,예전수리 깨끗한 주인세대 저층이지만 햇빛좋음,25.04.08,"['25년이내', '대단지', '방세개', '화장실두개']",남향,9026347.417623103
경기도,오산시,부산동,오산운암주공3단지,매매,313동,5/20,350000000,108.04,DOC,정상입주. 화장실 거실 벽 대리석마감. 3년전 도배. 올수리,25.04.07,"['25년이내', '올수리', '대단지', '방세개']",남향,10709225.749722324
경기도,오산시,부산동,오산운암주공3단지,전세,305동,중/18,280000000,108.04,DOC,보증보험100가입해줌 올수리인테리어 남향채광좋음 깨끗남향,25.04.09,"['25년이내', '올수리', '대단지', '방세개']",남향,8567380.59977786
경기도,오산시,부산동,오산운암주공3단지,매매,307동,1/18,300000000,108.04,NONE,올수리 협의입주 초중고인접 1층이라아이키우기좋아요,25.04.03,"['25년이내', '올수리', '대단지', '1층']",남향,9179336.35690485
경기도,오산시,부산동,오산운암주공3단지,전세,302동,저/20,260000000,108.04,NONE,올수리후첫입주 입주일조정가능 공원뷰 도서관초중고인접 생활인프라굿,25.04.03,"['25년이내', '올수리', '대단지', '방세개']",동향,7955424.84265087
경기도,오산시,부산동,오산운암주공3단지,매매,308동,12/20,285000000,76.07,OWNER,"로얄동,로얄층,정남향,올수리됨,초중고 도보10분이내,주인세대 집관리 깔끔",25.04.12,"['25년이내', '올수리', '대단지', '방세개']",남향,12385286.249507036
경기도,오산시,부산동,오산운암주공3단지,매매,317동,9/20,270000000,76.07,DOC,"협의입주,올수리,아주깔끔",25.04.19,"['25년이내', '올수리', '대단지', '방세개']",동향,11733429.078480348
경기도,오산시,부산동,오산운암주공3단지,매매,306동,1/20,225000000,76.07,DOCV2,샤시빼고 올수리,25.04.15,"['25년이내', '올수리', '대단지', '1층']",동향,9777857.565400291
경기도,오산시,부산동,오산운암주공3단지,월세,314동,13/20,"1,000/80",76.07,DOC,"거실,방확장 씽크대교체 도배장판등교체해드림",25.04.18,"['25년이내', '대단지', '방세개', '화장실한개']",동향,
경기도,오산시,부산동,오산운암주공3단지,월세,318동,6/17,"2,000/85",76.07,DOC,화장실 씽크대수리 깨끗,25.04.18,"['25년이내', '대단지', '방세개', '화장실한개']",남향,
경기도,오산시,부산동,오산운암주공3단지,전세,301동,11/20,190000000,76.07,DOC,화장실 씽크대 등교체 생활하기좋은 입구동 ,25.04.16,"['25년이내', '대단지', '방세개', '화장실한개']",남향,8256857.499671357
경기도,오산시,부산동,오산운암주공3단지,매매,308동,14/20,260000000,76.07,DOCV2,깨끗하게 관리된세대 씽크대수리 8월입주가능 동간거리넓음 도서관초중고인접,25.04.11,"['25년이내', '대단지', '방세개', '화장실한개']",남향,11298857.631129224
경기도,오산시,부산동,오산운암주공3단지,월세,316동,저/20,"5,000/70",76.07,DOCV2,올수리 도배새로예정 보증금조정가능 도서관 초중고인접 광역버스라인,25.04.17,"['25년이내', '올수리', '대단지', '방세개']",남향,
경기도,오산시,부산동,오산운암주공3단지,매매,311동,9/18,260000000,76.07,DOC,화장실 최근수리 기본집,25.04.15,"['25년이내', '대단지', '방세개', '화장실한개']",남향,11298857.631129224
경기도,오산시,부산동,오산운암주공3단지,매매,311동,6/18,270000000,76.07,DOCV2,남향.중문포함하여 수리잘된 올수리 세대.로얄층. 협의입주가능,25.04.10,"['25년이내', '올수리', '대단지', '방세개']",남향,11733429.078480348
경기도,오산시,부산동,오산운암주공3단지,전세,308동,17/20,190000000,76.07,DOC,탁트인조망  기본집,25.04.14,"['25년이내', '대단지', '방세개', '화장실한개']",동향,8256857.499671357
경기도,오산시,부산동,오산운암주공3단지,매매,303동,18/20,285000000,76.07,DOCV2,세끼고 올수리.초중고인접.생활인프라굿.,25.04.07,"['25년이내', '올수리', '대단지', '방세개']",남향,12385286.249507036
경기도,오산시,부산동,오산운암주공3단지,매매,304동,12/20,290000000,76.07,OWNER,공실 일부인테리어 일부수리 초중고인접  남향,25.04.02,"['25년이내', '대단지', '방세개', '화장실한개']",남향,12602571.973182596
경기도,오산시,부산동,오산운암주공3단지,매매,309동,6/18,250000000,76.07,DOC,급매 남향 반전세끼고 화장실 씽크대수리 깨끗,25.04.11,"['25년이내', '대단지', '급매', '방세개']",남향,10864286.1837781
경기도,오산시,부산동,오산운암주공3단지,매매,309동,14/18,260000000,76.07,DOC,예전수리 깨끗 중간라인,25.04.11,"['25년이내', '대단지', '방세개', '화장실한개']",남향,11298857.631129224
경기도,오산시,부산동,오산운암주공3단지,매매,308동,중/20,260000000,76.07,DOC,올수리.로얄층.,25.04.17,"['25년이내', '올수리', '대단지', '방세개']",동향,11298857.631129224
경기도,오산시,부산동,오산운암주공3단지,매매,318동,고/17,270000000,76.07,DOC,확장형 올수리 주인세대.정상협의입주.도서관초중고인접,25.04.17,"['25년이내', '올수리', '대단지', '방세개']",남향,11733429.078480348
경기도,오산시,부산동,오산운암주공3단지,매매,310동,저/20,240000000,76.07,DOCV2,"올수리 전세안고 도서관,초중고인접 생활인프라굿",25.04.11,"['25년이내', '올수리', '대단지', '방세개']",동향,10429714.736426976
경기도,오산시,부산동,오산운암주공3단지,월세,319동,중/18,"2,000/85",76.07,DOCV2,올수리관리잘된주인세대.도배새로함.즉시입주.광버스정류장앞동.초중고도서관인접,25.04.10,"['25년이내', '올수리', '대단지', '방세개']",남향,
경기도,오산시,부산동,오산운암주공3단지,월세,306동,3/20,"1억 4,500/35",76.07,DOC,"LH,중기청 보증금조정 반전세가능 특올수리 에어컨옵션 중문 깨끗함",25.04.09,"['25년이내', '융자금적은', '올수리', '대단지']",동향,
경기도,오산시,부산동,오산운암주공3단지,매매,318동,12/17,270000000,76.07,DOC,최근올수리샷시포함,25.04.08,"['25년이내', '올수리', '대단지', '방세개']",남향,11733429.078480348
경기도,오산시,부산동,오산운암주공3단지,매매,301동,3/20,260000000,76.07,DOC,올수리함 방문교체 ,25.04.08,"['25년이내', '올수리', '대단지', '방세개']",남향,11298857.631129224
경기도,오산시,부산동,오산운암주공3단지,매매,311동,16/18,265000000,76.07,DOC,거실 방 주방 올확장 올수리 ,25.04.08,"['25년이내', '올수리', '대단지', '방세개']",남향,11516143.354804788
경기도,오산시,부산동,오산운암주공3단지,매매,312동,고/18,280000000,76.07,DOC,올수리.전세끼고 투자추천.도서관초중고인접,25.04.14,"['25년이내', '올수리', '대단지', '방세개']",남향,12168000.525831472
경기도,오산시,부산동,오산운암주공3단지,매매,310동,5/20,265000000,76.07,DOC,"협의입주,올수리한집으로 아주깔끔,조망권좋은집",25.04.07,"['25년이내', '올수리', '대단지', '방세개']",동향,11516143.354804788
경기도,오산시,부산동,오산운암주공3단지,매매,318동,고/17,280000000,76.07,DOCV2,로얄층  올수리 입주협의가능,25.04.07,"['25년이내', '올수리', '대단지', '방세개']",남향,12168000.525831472
경기도,오산시,부산동,오산운암주공3단지,매매,317동,18/20,255000000,76.07,DOCV2,"올수리.깔끔하고 전망좋은집,세안고",25.03.31,"['25년이내', '올수리', '대단지', '방세개']",동향,11081571.907453664
경기도,오산시,부산동,오산운암주공3단지,매매,304동,고/20,280000000,76.07,DOC,관리잘된 주인세대.협의입주.전면동.초중고도서관인접.생활인프라풍부,25.04.10,"['25년이내', '대단지', '방세개', '화장실한개']",남향,12168000.525831472
경기도,오산시,부산동,오산운암주공3단지,월세,311동,중/18,"3,000/80",76.07,DOCV2,올수리 7월말입주협의입주 광역버스라인 생활인프라굿 초중고인접,25.04.04,"['25년이내', '올수리', '대단지', '방세개']",남향,
경기도,오산시,부산동,오산운암주공3단지,매매,301동,11/20,265000000,76.07,DOC,화장실 씽크대수리,25.04.01,"['25년이내', '대단지', '방세개', '화장실한개']",남향,11516143.354804788
경기도,오산시,부산동,오산운암주공3단지,전세,319동,16/18,210000000,76.07,DOC,올수리 협의입주가 중간라인 광역버스라인 뻥뷰,25.04.01,"['25년이내', '올수리', '대단지', '방세개']",남향,9126000.394373605
경기도,오산시,부산동,오산운암주공3단지,매매,306동,고/20,270000000,76.07,DOC,논뷰 집깨끗  시청도서관 학교 마트 광역교통 인프라 좋음.,25.04.07,"['25년이내', '대단지', '방세개', '화장실한개']",동향,11733429.078480348
경기도,오산시,부산동,오산운암주공3단지,월세,309동,16/18,"2,000/85",76.07,DOC,올수리 일조권이 좋아요,25.03.31,"['25년이내', '올수리', '대단지', '방세개']",남향,
경기도,오산시,부산동,오산운암주공3단지,전세,319동,13/18,210000000,76.07,DOC,올수리  탁트인조망 입구동으로 생활편리,25.03.31,"['25년이내', '올수리', '대단지', '방세개']",남향,9126000.394373605
경기도,오산시,부산동,오산운암주공3단지,매매,303동,중/20,290000000,76.07,DOC,전세끼고 매매 26년4월 샷시제외 올수리 아주 깔끔 안방붙박이장 설치 ,25.04.04,"['25년이내', '올수리', '대단지', '방세개']",남향,12602571.973182596
경기도,오산시,부산동,오산운암주공3단지,매매,306동,고/20,260000000,76.07,DOCV2,올수리 로얄층 급매물 전망굿 전세안고,25.03.24,"['25년이내', '올수리', '대단지', '급매']",동향,11298857.631129224
경기도,오산시,부산동,오산운암주공3단지,매매,306동,중/20,270000000,76.07,DOCV2,주인거주세대로 관리잘됨.초중고인접,25.03.24,"['25년이내', '대단지', '방세개', '화장실한개']",동향,11733429.078480348
경기도,오산시,부산동,오산운암주공3단지,전세,319동,13/18,210000000,76.07,NONE,올수리 탁트인조망 일조권굿,25.03.31,"['25년이내', '올수리', '대단지', '방세개']",남향,9126000.394373605
경기도,오산시,부산동,오산운암주공3단지,월세,309동,16/18,"2,000/85",76.07,NONE,올수리 탁트인조망 깨끗,25.03.31,"['25년이내', '올수리', '대단지', '방세개']",남향,
경기도,오산시,부산동,오산운암주공3단지,매매,320동,1/20,240000000,76.01,OWNER,"최근 올수리,입구동,도서관,단지앞 광역버스.세안고",25.04.17,"['25년이내', '올수리', '대단지', '1층']",남동향,10437947.638468621
경기도,오산시,부산동,오산운암주공3단지,매매,301동,2/20,210000000,63.49,OWNER,올수리.입구동.,25.04.17,"['25년이내', '올수리', '대단지', '필로티']",남향,10934239.250275634
경기도,오산시,부산동,오산운암주공3단지,매매,316동,15/20,200000000,63.49,OWNER,급매.세안고.투자금3천만원.매우깨끗함.남향.학군과 교통의 중심,25.04.16,"['25년이내', '대단지', '급매', '방두개']",남향,10413561.1907387
경기도,오산시,부산동,오산운암주공3단지,매매,306동,9/20,217000000,63.49,DOCV2,최근올수리.밝고 전망좋은집.협의입주,25.04.15,"['25년이내', '올수리', '대단지', '방두개']",동향,11298713.891951488
경기도,오산시,부산동,오산운암주공3단지,월세,303동,17/20,"1,000/75",63.49,DOC,협의입주올수리아주깔끔,25.04.18,"['25년이내', '올수리', '대단지', '방두개']",남향,
경기도,오산시,부산동,오산운암주공3단지,월세,314동,11/20,"3,000/70",63.49,DOC,올수리  탁트인조망 깨끗,25.04.18,"['25년이내', '올수리', '대단지', '방두개']",동향,
경기도,오산시,부산동,오산운암주공3단지,매매,306동,6/20,195000000,63.49,DOC,기본집이지만 깨끗 정원같은전망,25.04.18,"['25년이내', '마당', '대단지', '방두개']",동향,10153222.160970232
경기도,오산시,부산동,오산운암주공3단지,매매,318동,7/17,220000000,63.49,DOC,올수리된 소형매물 협의빠른입주가능 스포츠센타.관공서등 이동편리,25.04.18,"['25년이내', '올수리', '대단지', '소형평수']",남향,11454917.309812568
경기도,오산시,부산동,오산운암주공3단지,매매,301동,7/20,220000000,63.49,DOC,세안고 투자환영 25년12월 입주가능한귀한 소형평수,25.04.18,"['25년이내', '대단지', '소형평수', '방두개']",남향,11454917.309812568
경기도,오산시,부산동,오산운암주공3단지,매매,318동,8/17,220000000,63.49,DOC,남향 올수리 세안고 매매,25.04.17,"['25년이내', '올수리', '대단지', '방두개']",남향,11454917.309812568
경기도,오산시,부산동,오산운암주공3단지,매매,306동,12/20,220000000,63.49,DOC,"협의입주 ,올수리",25.04.17,"['25년이내', '올수리', '대단지', '방두개']",동향,11454917.309812568
경기도,오산시,부산동,오산운암주공3단지,매매,301동,17/20,220000000,63.49,DOC,올수리된 주인세대 전망굿 입구동 도서관 초중고인접,25.04.17,"['25년이내', '올수리', '대단지', '방두개']",남향,11454917.309812568
경기도,오산시,부산동,오산운암주공3단지,월세,303동,2/20,"1,000/70",63.49,DOC,빠른입주가 단기월세 최대 11개월,25.04.15,"['25년이내', '대단지', '필로티', '방두개']",남향,
경기도,오산시,부산동,오산운암주공3단지,매매,314동,16/20,210000000,63.49,DOC,전망너무좋고 밝고 환함,25.04.11,"['25년이내', '대단지', '방두개', '화장실한개']",동향,10934239.250275634
경기도,오산시,부산동,오산운암주공3단지,매매,304동,16/20,220000000,63.49,DOC,전면동 전세끼고 올수리함,25.04.08,"['25년이내', '올수리', '대단지', '방두개']",남향,11454917.309812568
경기도,오산시,부산동,오산운암주공3단지,월세,318동,중/17,"2,000/75",63.49,DOC,올수리 4월말입주가능 ,25.04.11,"['25년이내', '올수리', '대단지', '방두개']",남향,
경기도,오산시,부산동,오산운암주공3단지,매매,303동,3/20,220000000,63.49,DOC,전세끼고 매매 올수리 소형매물 인프라 최고 도서관 시청 학교 광역교통,25.04.04,"['25년이내', '올수리', '대단지', '소형평수']",남향,11454917.309812568
경기도,오산시,부산동,오산운암주공3단지,매매,301동,17/20,220000000,63.49,DOC,화장실 씽크대수리 조용하고 밝고 환함,25.03.24,"['25년이내', '대단지', '방두개', '화장실한개']",남향,11454917.309812568
경기도,오산시,부산동,오산운암주공3단지,매매,301동,고/20,220000000,63.49,DOC,깔끔한 집,25.03.28,"['25년이내', '대단지', '방두개', '화장실한개']",남향,11454917.309812568
경기도,오산시,부산동,오산운암주공3단지,매매,318동,중/17,220000000,63.49,NONE,올수리 정상협의입주 햇볕잘드는 집,25.04.01,"['25년이내', '올수리', '대단지', '방두개']",남향,11454917.309812568
경기도,오산시,부산동,오산운암주공3단지,월세,314동,11/20,"2,000/75",63.49,NONE,올수리 조망굿 깨끗,25.03.31,"['25년이내', '올수리', '대단지', '방두개']",동향,
경기도,오산시,서동,더샵오산엘리포레,전세,105동,중/29,350000000,114.39,OWNER,"더샵,방4개, 에어컨5대,중문,스타일링바스,조명,집상태최상,7월협의",25.04.12,"['2년이내', '방네개이상', '화장실두개', '중층']",남동향,10114736.865110587
경기도,오산시,서동,더샵오산엘리포레,매매,103동,저/29,590000000,114.39,OWNER,"입주가능 로얄매물.산조망굿, 시스템에어컨5대,중문, 방4개",25.04.10,"['2년이내', '방네개이상', '화장실두개', '세대당1대']",남동향,17050556.42975785
경기도,오산시,서동,더샵오산엘리포레,매매,104동,저/29,590000000,114.39,OWNER,｜빠른입주가능｜깔끔신축｜에어컨5대.빌트인냉장고.장식장 외 옵션 좋아요,25.04.10,"['2년이내', '방세개', '화장실두개', '세대당1대']",남동향,17050556.42975785
경기도,오산시,서동,더샵오산엘리포레,월세,102동,저/25,"3,000/140",114.39,OWNER,"비번,방4개,시스템에어컨,중문,비스포크냉장고,세탁기,건조기,풀옵션",25.04.03,"['2년이내', '화장실두개', '방네개이상', '세대당1대']",남동향,
경기도,오산시,서동,더샵오산엘리포레,매매,103동,1/29,500000000,101.87,OWNER,더샵.엘리포레. 층간소음없이 생활하세요. 수납좋고 정원뷰,25.04.10,"['2년이내', '1층', '방세개', '화장실두개']",남서향,16225508.000392659
경기도,오산시,서동,더샵오산엘리포레,매매,106동,중/29,530000000,101.78,OWNER,"더샵신축,서동저수지조망, 에어컨2,중문,김냉,식세기 붙박이장 조명",25.04.15,"['2년이내', '방세개', '화장실두개', '중층']",남서향,17214246.90508941
경기도,오산시,서동,더샵오산엘리포레,매매,106동,고/29,530000000,101.78,OWNER,"멋진호수뷰,풀옵션,입주협의가능,너무좋아요,구경오세요",25.04.15,"['2년이내', '방세개', '화장실두개', '고층']",남서향,17214246.90508941
경기도,오산시,서동,더샵오산엘리포레,매매,103동,저/29,570000000,101.78,OWNER,"시스템에어컨5대,조명,아이들키우기 좋은 저층,개방감있는구조,커뮤니티편리",25.04.09,"['2년이내', '방세개', '화장실두개', '세대당1대']",남서향,18513435.350756533
경기도,오산시,서동,더샵오산엘리포레,월세,101동,중/29,"3,000/130",101.78,OWNER,뻥뷰｜따뜻한 남서향｜빠른입주가능｜시스템에어컨3대. 중문. 주방장식장 외,25.03.29,"['2년이내', '방세개', '화장실두개', '중층']",남서향,
경기도,오산시,서동,더샵오산엘리포레,매매,101동,중/29,550000000,101.78,OWNER,전면동 뻥뷰｜하루종일따뜻한집｜시스템에어컨3대. 주방장식장 외｜조은집｜,25.03.29,"['2년이내', '방세개', '화장실두개', '중층']",남서향,17863841.127922975
경기도,오산시,서동,더샵오산엘리포레,월세,104동,19/29,"2,000/120",81.46,OWNER,"주인거주,협의입주,풀옵션,시에4.식기세척기.확장드레스룸.조명.환기장치",25.04.18,"['2년이내', '방세개', '화장실두개', '중층']",남서향,
경기도,오산시,서동,더샵오산엘리포레,전세,104동,19/29,270000000,81.46,NDOC1,"에어컨4.식기세척기.확장드레스룸.붙박이장,조명,환기시스템,상환조건",25.04.12,"['2년이내', '방세개', '화장실두개', '중층']",남서향,10957058.065308128
경기도,오산시,서동,더샵오산엘리포레,월세,106동,10/29,"3,000/120",81.46,OWNER,"더샵, 에어컨2in1, 중문,햇살가득한집,탁트인조망,주인거주로관리 잘된집",25.04.07,"['2년이내', '방세개', '화장실두개', '중층']",남서향,
경기도,오산시,서동,더샵오산엘리포레,월세,105동,중/29,"3,000/115",81.46,OWNER,빠른입주가능｜저렴월세｜시스템에어컨 4대 외 옵션 다양｜신축아파트｜조은집,25.04.10,"['2년이내', '방세개', '화장실두개', '중층']",남서향,
경기도,오산시,서동,더샵오산엘리포레,매매,106동,중/29,430000000,81.46,OWNER,"더샵 엘리포레. 입주가능한25펑,풀옵션,호수조망권, 1년차신축",25.04.07,"['2년이내', '방세개', '화장실두개', '중층']",남서향,17450129.51141665
경기도,오산시,서동,동주트리안,매매,1동,6/9,250000000,95.95,NDOC1,조용하고 살기 좋은 매매 주인거주 관리상태 굿,25.04.16,"['25년이내', '방세개', '화장실두개', '중층']",동향,8613301.198540907
경기도,오산시,서동,신동아1차,전세,102동,8/16,160000000,111.5,DOC,"남향, 집상태 양호함,",25.04.17,"['25년이상', '융자금없는', '방세개', '화장실두개']",남향,4743727.35426009
경기도,오산시,서동,신동아1차,전세,102동,6/16,184500000,111.5,DOC,"주방 올수리, 화장실 리모델링, 집상태좋음",25.04.14,"['25년이상', '올수리', '방세개', '화장실두개']",남향,5470110.605381167
경기도,오산시,서동,신동아1차,매매,102동,15/16,185000000,111.5,DOC,"교통편리하고 살기좋은 아파트, 입주협의",25.04.10,"['25년이상', '방세개', '화장실두개', '고층']",남향,5484934.753363229
경기도,오산시,서동,신동아1차,매매,102동,4/16,180000000,111.5,DOC,정상입주가능.주인세대매물로깨끗한매물,25.03.25,"['25년이상', '화장실두개', '방세개', '주차가능']",남향,5336693.273542601
경기도,오산시,서동,신동아1차,매매,102동,저/16,180000000,111.5,DOC,"조용한동, 입주 협의 가능",25.03.27,"['25년이상', '방세개', '화장실두개', '저층']",남향,5336693.273542601
경기도,오산시,서동,신동아1차,매매,103동,8/16,175000000,78.65,OWNER,샷시 전체교체 베란다확장 붙박이장설치,25.04.18,"['25년이상', '확장형', '방두개', '화장실한개']",동향,7355529.243483789
경기도,오산시,서동,신동아1차,매매,101동,14/16,165000000,78.65,OWNER,남향 내부수리 전세안고,25.04.18,"['25년이상', '방두개', '화장실한개', '고층']",남향,6935213.286713286
경기도,오산시,서동,신동아1차,매매,103동,2/16,155000000,78.65,DOC,"일조 양호, 야산배경",25.04.14,"['25년이상', '방세개', '화장실한개', '저층']",남향,6514897.329942784
경기도,오산시,서동,신동아1차,매매,103동,11/16,160000000,78.65,OWNER,o 햇빛 잘 드는 남향집 o 부분 리모델링함 o,25.04.03,"['25년이상', '화장실한개', '방두개', '고층']",남향,6725055.308328036
경기도,오산시,서동,신동아1차,월세,103동,3/16,"1,000/60",78.65,DOC,야산아래 조용한 아파트,25.04.11,"['25년이상', '방두개', '화장실한개', '저층']",남향,
경기도,오산시,서동,신동아1차,매매,101동,1/16,160000000,78.65,DOC,샤시포함올리모델링욕실.씽크교체.LED.기타풀된매물.전면동남향1층급매가,25.04.01,"['25년이상', '1층', '급매', '화장실한개']",남향,6725055.308328036
경기도,오산시,서동,신동아1차,매매,103동,8/16,160000000,78.65,OWNER,로얄층. 해 잘드는집. 주변개발수혜단지,25.03.22,"['25년이상', '방두개', '화장실한개', '중층']",동향,6725055.308328036
경기도,오산시,서동,신동아1차,매매,103동,고/16,160000000,78.65,OWNER,"깔끔인테리어,세교2지구,3지구 개발수례단지로 인근 도로 편의시설 확충중",25.03.24,"['25년이상', '방두개', '화장실한개', '고층']",남향,6725055.308328036
경기도,오산시,서동,신동아1차,매매,103동,저/16,140000000,78.65,DOC,상태 대비 저렴하게 나온 매물 주인 거주 중으로 이사 협의 가능,25.04.03,"['25년이상', '방두개', '화장실한개', '저층']",남향,5884423.394787031
경기도,오산시,서동,신동아1차,매매,103동,13/16,160000000,78.65,NONE,올수리되어있으며 집상태 아주좋음 전세끼고 매매함,25.04.16,"['25년이상', '올수리', '방세개', '화장실한개']",동향,6725055.308328036
경기도,오산시,서동,신동아1차,매매,101동,1/16,160000000,78.65,NONE,샷시까지 풀올수리되어있으며 협의입주가능,25.04.16,"['25년이상', '올수리', '1층', '방세개']",남향,6725055.308328036
경기도,오산시,서동,신동아1차,매매,101동,6/16,120000000,60.32,MOBL,올수리되어 아주 깨끗  전세금으로 내집마련의 기회,25.04.16,"['25년이상', '올수리', '소형평수', '방두개']",남향,6576495.358090186
경기도,오산시,서동,신동아1차,매매,101동,3/16,130000000,60.32,NDOC2,"최근올수리,전세안고,정남향,밝고 깨끗합니다",25.04.19,"['25년이상', '올수리', '소형평수', '방두개']",남향,7124536.637931034
경기도,오산시,서동,신동아1차,매매,101동,8/16,135000000,60.32,DOC,"올수리, 외부 이중창설치",25.04.17,"['25년이상', '올수리', '소형평수', '방두개']",남향,7398557.277851459
경기도,오산시,서동,신동아1차,매매,101동,3/16,130000000,60.32,OWNER,남향 내부수리 협의,25.04.01,"['25년이상', '소형평수', '방두개', '화장실한개']",남향,7124536.637931034
경기도,오산시,서동,신동아1차,매매,101동,4/16,140000000,60.32,DOC,"조망좋고 교통편리함, 3년전 외부샷시까지 올수리한집",25.04.10,"['25년이상', '올수리', '소형평수', '방두개']",남향,7672577.917771884
경기도,오산시,서동,신동아1차,매매,101동,6/16,120000000,60.32,DOC,채광좋은 남향 씽크대 화장실등 부분수리 즉시입주가능,25.04.07,"['25년이상', '소형평수', '방두개', '화장실한개']",남향,6576495.358090186
경기도,오산시,서동,신동아1차,월세,101동,5/16,"1,000/55",60.32,DOC,"남향, 일조조망 좋음, 정상입주",25.04.05,"['25년이상', '소형평수', '방두개', '화장실한개']",남향,
경기도,오산시,서동,신동아1차,매매,101동,3/16,135000000,60.32,NONE,최근 싹 올수리 된집  올수리 전세끼고 투자용으로 추천,25.04.16,"['25년이상', '올수리', '소형평수', '방두개']",남향,7398557.277851459
경기도,오산시,서동,신동아1차,매매,101동,3/16,120000000,60.32,NONE,씽크대 수리 집주인거주 협의입주 가능하며 상태 깨끗,25.04.16,"['25년이상', '소형평수', '방두개', '화장실한개']",남향,6576495.358090186
경기도,오산시,서동,신동아2차,매매,203동,5/19,230000000,108.57,OWNER,내부수리 깨끗 협의,25.04.17,"['25년이상', '방세개', '화장실두개', '세대당1대']",동향,7003136.686009027
경기도,오산시,서동,신동아2차,매매,203동,9/19,220000000,108.57,OWNER,욕실 씽크대 신발장 교체및수리 이사정상,25.04.16,"['25년이상', '방세개', '화장실두개', '중층']",동향,6698652.482269505
경기도,오산시,서동,신동아2차,매매,204동,5/20,230000000,108.57,OWNER,남향 내부수리 협의,25.04.15,"['25년이상', '방세개', '화장실두개', '세대당1대']",남향,7003136.686009027
경기도,오산시,서동,신동아2차,매매,204동,2/20,230000000,108.57,OWNER,남향 내부수리 협의,25.04.12,"['25년이상', '방세개', '화장실두개', '세대당1대']",남향,7003136.686009027
경기도,오산시,서동,신동아2차,매매,204동,14/20,240000000,108.57,OWNER,내부수리 전세안고매매,25.04.11,"['25년이상', '방세개', '화장실두개', '고층']",남향,7307620.88974855
경기도,오산시,서동,신동아2차,전세,204동,6/20,170000000,108.57,OWNER,남향 내부수리 협의,25.04.08,"['25년이상', '방세개', '화장실두개', '세대당1대']",남향,5176231.463571889
경기도,오산시,서동,신동아2차,월세,204동,3/20,"3,000/75",108.57,OWNER,정남향 중문 씽크대 화장실 수리 정상입주,25.04.05,"['25년이상', '욕실수리', '방세개', '화장실두개']",남향,
경기도,오산시,서동,신동아2차,매매,204동,8/20,230000000,108.57,DOC,남향 기본상태 정상입주,25.03.22,"['25년이상', '방세개', '화장실두개', '중층']",남향,7003136.686009027
경기도,오산시,서동,신동아2차,매매,202동,5/20,205000000,96.16,OWNER,"급매물 내부인테리어 상태최상 깨끗하게 관리잘됨, 좋은매물 강추해요",25.04.17,"['25년이상', '급매', '방세개', '화장실한개']",남향,7047482.581114809
경기도,오산시,서동,신동아2차,매매,201동,14/19,220000000,96.16,OWNER,전망좋은동 씽크대화장실 신발장수리 ,25.04.16,"['25년이상', '방세개', '화장실한개', '고층']",동향,7563152.0382695515
경기도,오산시,서동,신동아2차,매매,201동,9/19,210000000,96.16,OWNER,탁트인전망 씽크대 화장실 중문등 수리 정상입주,25.04.16,"['25년이상', '방세개', '화장실한개', '중층']",동향,7219372.4001663895
경기도,오산시,서동,신동아2차,매매,211동,3/19,230000000,96.16,OWNER,전체올수리 입주협의가능 너무좋아요 선점하세요,25.04.14,"['25년이상', '올수리', '방세개', '화장실한개']",동향,7906931.6763727125
경기도,오산시,서동,신동아2차,매매,201동,17/19,210000000,96.16,OWNER,내부수리 깨끗 협의,25.04.12,"['25년이상', '방세개', '화장실한개', '고층']",동향,7219372.4001663895
경기도,오산시,서동,신동아2차,매매,202동,1/20,210000000,96.16,OWNER,"아이들키우기 좋은 1층, 부분수리, 주인거주",25.04.11,"['25년이상', '1층', '방세개', '화장실한개']",남향,7219372.4001663895
경기도,오산시,서동,신동아2차,매매,211동,9/19,210000000,96.16,OWNER,선호동 정상입주 ,25.04.08,"['25년이상', '방세개', '화장실한개', '중층']",동향,7219372.4001663895
경기도,오산시,서동,신동아2차,매매,201동,17/19,215000000,96.16,OWNER,내부 올수리 정상협의,25.04.07,"['25년이상', '올수리', '방세개', '화장실한개']",동향,7391262.219217971
경기도,오산시,서동,신동아2차,매매,211동,5/19,210000000,96.16,OWNER,부분수리 깨끗 정상입주,25.04.07,"['25년이상', '방세개', '화장실한개', '세대당1대']",동향,7219372.4001663895
경기도,오산시,서동,신동아2차,매매,205동,5/19,210000000,96.16,NDOC1,화장실 씽크대등 수리된 집 주인거주로 상태깨끗,25.04.07,"['25년이상', '방세개', '화장실한개', '세대당1대']",동향,7219372.4001663895
경기도,오산시,서동,신동아2차,월세,202동,5/20,"2,000/75",96.16,OWNER,남향 씽크대 신발장 화장실수리 작은방 확장 상태좋음,25.04.04,"['25년이상', '욕실수리', '방세개', '화장실한개']",남향,
경기도,오산시,서동,신동아2차,매매,201동,11/19,210000000,96.16,OWNER,탁트인전망 화장실 중문 씽크대등 수리된 집,25.04.04,"['25년이상', '방세개', '화장실한개', '중층']",동향,7219372.4001663895
경기도,오산시,서동,신동아2차,전세,211동,11/19,190000000,96.16,TEL,"올수리한집, 전망좋고 교통편리함",25.04.07,"['25년이상', '올수리', '방세개', '화장실한개']",동향,6531813.1239600675
경기도,오산시,서동,신동아2차,매매,211동,11/19,210000000,96.16,DOC,협의입주 2개월내 올수리,25.04.07,"['25년이상', '올수리', '방세개', '화장실한개']",동향,7219372.4001663895
경기도,오산시,서동,신동아2차,매매,205동,19/19,215000000,96.16,OWNER,내부 부분수리 깨끗 협의,25.03.25,"['25년이상', '탑층', '방세개', '화장실한개']",동향,7391262.219217971
경기도,오산시,서동,신동아2차,월세,205동,1/19,"2,000/75",96.16,OWNER,내부 부분수리 깨끗 협의,25.03.22,"['25년이상', '1층', '방세개', '화장실한개']",동향,
경기도,오산시,서동,신동아2차,월세,201동,16/19,"2,000/70",96.16,DOC,올수리되어 아주 깨끗하고 좋아요 빠른이사,25.04.02,"['25년이상', '올수리', '방세개', '화장실한개']",남향,
경기도,오산시,서동,신동아2차,매매,202동,9/20,200000000,96.16,DOC,부분수리 잘되어 있으며 집상태 깨끗해요,25.03.24,"['25년이상', '방세개', '화장실한개', '중층']",남향,6875592.7620632285
경기도,오산시,서동,신동아2차,전세,205동,1/19,160000000,96.16,DOC,5월중순부터입주.융자없고 내부수리 해서 아이나 어르신거주 최적회사숙소환영,25.03.22,"['25년이상', '융자금없는', '1층', '화장실한개']",동향,5500474.209650584
경기도,오산시,서동,신동아2차,매매,201동,17/19,210000000,96.16,NONE,씽크대 화장실 이전수리 주인거주로 가성비 좋은 추천매물,25.04.16,"['25년이상', '방세개', '화장실한개', '고층']",동향,7219372.4001663895
경기도,오산시,서동,신동아2차,매매,211동,중/19,210000000,96.16,NONE,올수리 즉시입주가능,25.03.24,"['25년이상', '올수리', '방세개', '화장실한개']",남동향,7219372.4001663895
경기도,오산시,서동,신동아2차,매매,206동,11/20,180000000,80.95,OWNER,남향 상태양호 정상입주,25.04.19,"['25년이상', '방세개', '화장실한개', '중층']",남향,7350726.374305126
경기도,오산시,서동,신동아2차,매매,206동,1/20,165000000,80.95,NDOC1, 주인거주 관리잘된집 남향집 전면동 선호하는 1층 화장실 올수리,25.04.16,"['25년이상', '올수리', '1층', '방세개']",남향,6738165.843113033
경기도,오산시,서동,신동아2차,매매,210동,19/19,180000000,80.95,OWNER,확장 및 수리 탑층 층간소음무 즉시 입주,25.04.12,"['25년이상', '탑층', '방세개', '화장실한개']",동향,7350726.374305126
경기도,오산시,서동,신동아2차,매매,209동,11/19,185000000,80.95,MOBL,특올수리  나즈막한 공원 전원주택은 조망권  전세안고,25.04.11,"['25년이상', '올수리', '방세개', '화장실한개']",동향,7554913.218035824
경기도,오산시,서동,신동아2차,매매,210동,17/19,185000000,80.95,MOBL,공원바라보는 뷰라 전망좋아요   아주 깨끗 전세안고,25.04.09,"['25년이상', '방세개', '화장실한개', '고층']",남향,7554913.218035824
경기도,오산시,서동,신동아2차,월세,209동,5/19,"2,000/70",80.95,DOC,협의입주.조망최고로얄층으로회사숙소도환영합니다,25.04.17,"['25년이상', '화장실한개', '방세개', '세대당1대']",동향,
경기도,오산시,서동,신동아2차,매매,210동,14/19,180000000,80.95,OWNER,"협의이사,조정가,신발장,씽크대,중문,화장실수리,전망좋은 선호동",25.04.04,"['25년이상', '욕실수리', '방세개', '화장실한개']",동향,7350726.374305126
경기도,오산시,서동,신동아2차,매매,210동,1/19,170000000,80.95,OWNER,씽크대 신발장 화장실등 전체 수리된 집,25.03.25,"['25년이상', '1층', '방세개', '화장실한개']",남향,6942352.686843731
경기도,오산시,서동,신동아2차,매매,206동,1/20,165000000,80.95,NONE,부분수리 주인거주 남향집 입주협의 ,25.04.16,"['25년이상', '1층', '방세개', '화장실한개']",남향,6738165.843113033
경기도,오산시,서동,오산세교한양수자인,월세,102동,27/29,"3,000/130",109.06,OWNER,"시스템에어컨4대,넓은드레스룸,펜트리,신축집깔끔",25.04.12,"['2년이내', '방세개', '화장실두개', '고층']",남동향,
경기도,오산시,서동,오산세교한양수자인,매매,102동,고/29,500000000,109.06,OWNER,"시스템에어컨FULL, 귀한 84A 판상형, 4bay, 고층이라 시원한 뷰",25.04.17,"['2년이내', '방세개', '화장실두개', '고층']",남동향,15155808.729139924
경기도,오산시,서동,오산세교한양수자인,매매,101동,중/27,450000000,87.74,OWNER,"서동저수지조망굿, 에어컨4대,중문,펜트리,대형드레스룸",25.04.12,"['2년이내', '대형평수', '방세개', '화장실두개']",남서향,16954675.746523824
경기도,오산시,서동,오산세교한양수자인,매매,101동,3/27,415000000,87.74,DOC,귀한 2 7 A타입｜신축첫입주｜시스템에어컨4대. 조명. 중문｜조 은 집｜,25.04.14,"['2년이내', '방세개', '화장실두개', '세대당1대']",남동향,15635978.744016413
경기도,오산시,서동,오산세교한양수자인,월세,104동,중/27,"2,000/120",82.73,OWNER,"빠른입주,시스템에어컨4대.집완전 깔끔, 주방작은방 호수뷰",25.04.19,"['2년이내', '방세개', '화장실두개', '중층']",남동향,
경기도,오산시,서동,오산세교한양수자인,월세,107동,26/27,"2,000/110",82.68,OWNER,짱좋아요 판상형 로얄층 뷰가끝내줘요 마트 버스정류장근접 강추,25.04.16,"['2년이내', '방세개', '화장실두개', '고층']",남서향,
경기도,오산시,서동,오산세교한양수자인,월세,106동,5/29,"2,000/115",82.68,OWNER,"비번,입주청소완료.첫입주, 에어컨2대,소형냉장고",25.04.12,"['2년이내', '소형평수', '방세개', '화장실두개']",남서향,
경기도,오산시,서동,오산세교한양수자인,월세,104동,저/27,"2,000/110",82.68,OWNER,"비번,시스템에어컨4대,우물조명,작은방붙박이장,펜트리,드레스룸",25.04.12,"['2년이내', '방세개', '화장실두개', '세대당1대']",남서향,
경기도,오산시,서동,오산세교한양수자인,전세,103동,저/29,260000000,82.68,NDOC1,"SUJAIN,융자상환조건,10월전후 입주가능,시스템에어컨4대,중문",25.04.08,"['2년이내', '방세개', '화장실두개', '세대당1대']",남서향,10395550.31446541
경기도,오산시,서동,오산세교한양수자인,매매,103동,저/29,390000000,82.68,NDOC1,"SUJAIN,추천시스템에어컨4대,냉장고빌트인,조명인테리어,중문",25.04.07,"['2년이내', '방세개', '화장실두개', '세대당1대']",남서향,15593325.47169811
경기도,오산시,서동,오산세교한양수자인,매매,108동,중/27,450000000,82.68,DOC,"SUJAIN.시스템에어컨,붙박이장,드레스룸이 넓은A타입 판상형구조,",25.04.07,"['2년이내', '방세개', '화장실두개', '중층']",남서향,17992298.62119013
경기도,오산시,서동,오산세교한양수자인,매매,108동,저/27,420000000,82.68,DOC,투.자.추.천｜전세안고 매매｜팬트리 있는 A타입｜더샵코너 조은집,25.04.07,"['2년이내', '방세개', '화장실두개', '세대당1대']",남동향,16792812.04644412
경기도,오산시,서동,오산세교한양수자인,매매,104동,고/27,410000000,82.68,NDOC1,,25.03.26,"['2년이내', '방세개', '화장실두개', '고층']",남서향,16392983.188195452
경기도,오산시,서동,오산세교한양수자인,매매,103동,중/29,390000000,82.68,DOC,"SUJAIN주인거주,날짜협의가능,시스템에어컨4대,중문,관리잘된집",25.04.04,"['2년이내', '방세개', '화장실두개', '중층']",남동향,15593325.47169811
경기도,오산시,서동,오산세교한양수자인,매매,107동,중/27,430000000,82.68,NDOC1,"SUJAIN 주인거주로 관리잘됨,입주협의 가능,시스템에어컨4대,",25.03.24,"['2년이내', '방세개', '화장실두개', '중층']",남서향,17192640.90469279
경기도,오산시,세교동,세마역에듀파크,매매,205동,2/18,320000000,83.32,OWNER,"전면동, 학교바로 앞동, 남서향, 부분인테리어, 입주협의",25.04.18,"['15년이내', '방세개', '화장실두개', '세대당1대']",남서향,12696245.799327895
경기도,오산시,세교동,세마역에듀파크,매매,202동,저/20,320000000,83.32,OWNER,최근 생활 인테리어로 아주 깔끔 전세2.6억 안고 26년 1월 만기,25.04.11,"['15년이내', '방세개', '화장실두개', '세대당1대']",남서향,12696245.799327895
경기도,오산시,세교동,세마역에듀파크,매매,201동,저/18,340000000,83.32,OWNER,"정원같은이쁜뷰,안쪽라인으로 조용해요,부분적으로 이쁜인테리어,학군최고.",25.03.27,"['15년이내', '마당', '방세개', '화장실두개']",남서향,13489761.161785888
경기도,오산시,세교동,세마역에듀파크,매매,203동,저/20,330000000,83.08,OWNER,생활인테리어로 집상태 깔끔 광역버스세마역이 바로,25.04.18,"['15년이내', '방세개', '화장실두개', '세대당1대']",남서향,13130826.311988447
경기도,오산시,세교동,세마역에듀파크,매매,203동,저/20,320000000,83.08,OWNER,공원녹지조망 빠른 입주 가능 광역버스 1호선 교통편리  초중고 5분,25.04.17,"['15년이내', '방세개', '화장실두개', '세대당1대']",남서향,12732922.484352432
경기도,오산시,세교동,세마역에듀파크,매매,201동,고/18,350000000,83.08,OWNER,탁 트인 전망 인덕션 에어컨  도배 강화마루 생활인테리어,25.04.12,"['15년이내', '방세개', '화장실두개', '고층']",남동향,13926633.967260474
경기도,오산시,세교동,세마역에듀파크,매매,204동,19/20,350000000,83.08,OWNER,앞동 전망이 끝내줘요 세마역 광역버스 교통 편리,25.04.02,"['15년이내', '방세개', '화장실두개', '고층']",남동향,13926633.967260474
경기도,오산시,세교동,세마역에듀파크,매매,204동,고/20,360000000,83.08,OWNER,"앞이 시원한뻥뷰,인테리어이쁜집,싱크대교체,화장실,LED,초중고3분",25.04.08,"['15년이내', '주방교체', '방세개', '화장실두개']",남서향,14324537.794896485
경기도,오산시,세교동,세마역에듀파크,월세,205동,고/18,"5,000/100",83.08,OWNER,융무  빠른입주가능 집 상태 깔끔 조망 좋아요,25.04.05,"['15년이내', '방세개', '화장실두개', '고층']",남서향,
경기도,오산시,세교동,세마역에듀파크,매매,203동,중/20,350000000,83.08,OWNER,"조용하고 이쁜 단지 공원뷰,집완전깨끗함,학군굿세마역,공항버스",25.04.04,"['15년이내', '방세개', '화장실두개', '중층']",남서향,13926633.967260474
경기도,오산시,세교동,세마역에듀파크,매매,201동,저/18,380000000,83.08,OWNER,화이트톤 풀인테리어 긴 잔금 가능,25.04.02,"['15년이내', '방세개', '화장실두개', '세대당1대']",남서향,15120345.450168515
경기도,오산시,세교동,세마역에듀파크,매매,201동,중/18,380000000,83.08,OWNER,정상입주 가격조정 가능 탁 트인 뷰 전망 굿 도배 강화마루 생활인테리어,25.03.29,"['15년이내', '방세개', '화장실두개', '중층']",남동향,15120345.450168515
경기도,오산시,세교동,세마역에듀파크,매매,203동,중/20,345000000,83.08,OWNER,단지 중앙공원 뷰  밝고 깔끔해요,25.03.29,"['15년이내', '방세개', '화장실두개', '중층']",남서향,13727682.053442465
경기도,오산시,세교동,세마역에듀파크,매매,201동,저/18,320000000,83.08,OWNER,세마역 가까운동 초중고 5분 입주 맞춰 드려요,25.03.29,"['15년이내', '방세개', '화장실두개', '세대당1대']",남서향,12732922.484352432
경기도,오산시,세교동,세마역에듀파크,매매,204동,중/20,360000000,83.08,OWNER,앞동 뷰 좋아요 초중고가 바로바로 교통 굿,25.03.24,"['15년이내', '방세개', '화장실두개', '중층']",남서향,14324537.794896485
경기도,오산시,세교동,세마역에듀파크,매매,210동,4/15,330000000,81.85,OWNER,"즉시입주,공실,초중고3분,세마역5분,강남행버스,공항버스,공원인접",25.04.18,"['15년이내', '방세개', '화장실두개', '세대당1대']",남향,13328149.66401955
경기도,오산시,세교동,세마역에듀파크,매매,210동,중/15,350000000,81.85,OWNER,"남향,조용하고 따뜻한집,집깨끗함,초중고3분,세마역세권.",25.04.18,"['15년이내', '방세개', '화장실두개', '중층']",남향,14135916.310323764
경기도,오산시,세교동,세마역에듀파크,매매,211동,4/16,345000000,81.85,OWNER,6월중순이후 입주가능  생활인테리어 집 깔끔하고 밝아요,25.04.10,"['15년이내', '방세개', '화장실두개', '세대당1대']",남향,13933974.64874771
경기도,오산시,세교동,세마역에듀파크,매매,209동,고/16,340000000,81.85,OWNER,2.6억 전세 안고 투자 거실확장 중문 상태 굿,25.04.16,"['15년이내', '방세개', '화장실두개', '고층']",남향,13732032.987171657
경기도,오산시,세교동,세마역에듀파크,매매,211동,저/16,305000000,81.85,OWNER,정남향 판상형 4베이 구조 밝고 깔끔해요,25.04.16,"['15년이내', '방세개', '화장실두개', '세대당1대']",남향,12318441.356139282
경기도,오산시,세교동,세마역에듀파크,매매,209동,중/16,345000000,81.85,OWNER,"남향,부분인테리어,월세안고매매,초중고3분,세마역세권",25.04.15,"['15년이내', '방세개', '화장실두개', '중층']",남향,13933974.64874771
경기도,오산시,세교동,세마역에듀파크,매매,210동,중/15,350000000,81.85,OWNER,"남향,집관리잘됨,초중고3분이내,세마역1호선,공항버스,강남행버스,교통굿",25.04.15,"['15년이내', '방세개', '화장실두개', '중층']",남향,14135916.310323764
경기도,오산시,세교동,세마역에듀파크,매매,210동,7/15,370000000,81.85,OWNER,"햇살좋은남향,주인거주로 집관리잘됨,학군우수,세마역세권",25.04.05,"['15년이내', '방세개', '화장실두개', '중층']",남향,14943682.95662798
경기도,오산시,세교동,세마역에듀파크,매매,212동,중/15,350000000,81.85,OWNER,세마역  광역버스교통편리 초중고 가까워요,25.04.11,"['15년이내', '방세개', '화장실두개', '중층']",남향,14135916.310323764
경기도,오산시,세교동,세마역에듀파크,매매,209동,고/16,350000000,81.85,OWNER,집 상태 너무 좋고 늦은잔금 좋아요 판상형 정남향으로 항상 밝고 따뜻해요,25.04.11,"['15년이내', '방세개', '화장실두개', '고층']",남향,14135916.310323764
경기도,오산시,세교동,세마역에듀파크,매매,210동,중/15,350000000,81.85,OWNER,정남향으로  항상 밝고 따뜻해요.,25.04.08,"['15년이내', '방세개', '화장실두개', '중층']",남향,14135916.310323764
경기도,오산시,세교동,세마역에듀파크,월세,208동,8/16,"3,000/120",81.85,DOC,"남향 햇빛 잘들어요  도배, 장판 깨끗해요 초중고 학군 좋아요",25.04.12,"['15년이내', '융자금없는', '방세개', '화장실두개']",남향,
경기도,오산시,세교동,세마역에듀파크,매매,210동,3/15,320000000,81.85,OWNER,"남향,전세2억6천안고매매,집관리잘됨,초중고3분,세마역세권,강남버스",25.03.31,"['15년이내', '방세개', '화장실두개', '세대당1대']",남향,12924266.340867441
경기도,오산시,세교동,세마역에듀파크,매매,210동,15/15,350000000,81.85,OWNER,"층간소음걱정없는탑층,햇살좋은정남향,조용한동,집상태굿,초중고3분이내",25.03.27,"['15년이내', '탑층', '방세개', '화장실두개']",남향,14135916.310323764
경기도,오산시,세교동,세마역에듀파크,매매,211동,중/16,350000000,81.85,OWNER,세안고 매매   중문 생활인테리어,25.04.01,"['15년이내', '방세개', '화장실두개', '중층']",남향,14135916.310323764
경기도,오산시,세교동,세마역에듀파크,매매,209동,1/16,330000000,81.85,OWNER,T372 8003   빠른입주가  집상태깨끗 구조좋고 환해요  조정가능,25.03.25,"['15년이내', '1층', '방세개', '화장실두개']",남향,13328149.66401955
경기도,오산시,세교동,세마역에듀파크,매매,212동,중/15,355000000,81.85,OWNER,"남향,집깨끗해요,초중고3분이내,세마역세권,항상밝고 따뜻해요.",25.03.27,"['15년이내', '방세개', '화장실두개', '중층']",남향,14337857.971899817
경기도,오산시,세교동,세마역트루엘더퍼스트,매매,109동,5/22,460000000,112.56,OWNER,"가격조정o,수납공간이 많은 C형,조용한 단지 센터동,선호하는 판상형입니다",25.04.19,"['15년이내', '역세권', '대단지', '방세개']",남동향,13509782.33830846
경기도,오산시,세교동,세마역트루엘더퍼스트,전세,109동,14/22,330000000,112.56,OWNER,바닥 도배새로 입주협의 에어컨 미세방충망 led 인덕션랜지,25.04.19,"['15년이내', '융자금없는', '역세권', '대단지']",남동향,9691800.373134328
경기도,오산시,세교동,세마역트루엘더퍼스트,전세,109동,20/22,330000000,112.56,OWNER,"고층뷰,수납하기좋은 C타입,조용한 로얄동,입주협의가능,정문 생활권 좋아요",25.04.18,"['15년이내', '융자금없는', '역세권', '대단지']",남동향,9691800.373134328
경기도,오산시,세교동,세마역트루엘더퍼스트,매매,109동,15/22,480000000,112.56,OWNER,"공실,바닥전체교체,남서향 햇살가득 조용한 센터동,가격조율가능,판상형C추천",25.04.17,"['15년이내', '역세권', '대단지', '방세개']",남서향,14097164.179104479
경기도,오산시,세교동,세마역트루엘더퍼스트,매매,114동,16/22,450000000,112.56,OWNER,,25.04.17,"['15년이내', '역세권', '대단지', '방세개']",남동향,13216091.41791045
경기도,오산시,세교동,세마역트루엘더퍼스트,월세,109동,20/22,"5,000/130",112.56,OWNER,T372 8003 가운데동이며 집관리 잘되어있고  깨끗합니다,25.04.16,"['15년이내', '융자금적은', '역세권', '대단지']",남향,
경기도,오산시,세교동,세마역트루엘더퍼스트,전세,114동,6/22,330000000,112.56,OWNER,공실 즉시 도배새로함 예쁘고 깔끔한 느낌좋은 집  융무,25.04.16,"['15년이내', '융자금없는', '역세권', '대단지']",남동향,9691800.373134328
경기도,오산시,세교동,세마역트루엘더퍼스트,매매,112동,3/22,430000000,112.56,OWNER,"33 정문로얄동,주방수납장,수납공간 가득한 판상형,집상태 깨끗,빠른입주",25.04.16,"['15년이내', '역세권', '대단지', '방세개']",남동향,12628709.57711443
경기도,오산시,세교동,세마역트루엘더퍼스트,매매,114동,7/22,500000000,112.56,OWNER,정문가까운 수납공간많은 예쁜집. 신혼인테리어로 초깔끔 여름입주.,25.04.15,"['15년이내', '역세권', '대단지', '방세개']",남서향,14684546.019900499
경기도,오산시,세교동,세마역트루엘더퍼스트,전세,109동,18/22,330000000,112.56,OWNER,세마역이 바로 초품아 집상태 좋고 조망권 굿,25.04.08,"['15년이내', '융자금없는', '역세권', '대단지']",남향,9691800.373134328
경기도,오산시,세교동,세마역트루엘더퍼스트,매매,109동,고/22,475000000,112.56,OWNER,관리잘된 느낌좋은 예쁜집 환하고 쾌적해요 언제든지 입주가능,25.04.12,"['15년이내', '역세권', '대단지', '방세개']",남서향,13950318.718905473
경기도,오산시,세교동,세마역트루엘더퍼스트,매매,114동,18/22,480000000,112.56,OWNER,"따뜻한 남서향 고층뷰 수납많은 선호타입 세안고 매매,정문가까운 로열동",25.04.01,"['15년이내', '역세권', '대단지', '방세개']",남서향,14097164.179104479
경기도,오산시,세교동,세마역트루엘더퍼스트,전세,111동,16/22,330000000,112.48,OWNER,"무융자 알파룸 확장,더 넓게 사용가능,항상 밝고 채광 좋은집,입주협의가능",25.04.19,"['15년이내', '융자금없는', '역세권', '대단지']",남서향,9698693.545519205
경기도,오산시,세교동,세마역트루엘더퍼스트,매매,111동,2/22,450000000,112.48,OWNER,"전세끼고매매,알파룸 활용도 좋아요,올인테리어,깨끗하게 바닥재 교체 추천",25.04.17,"['15년이내', '역세권', '대단지', '방세개']",남서향,13225491.198435279
경기도,오산시,세교동,세마역트루엘더퍼스트,매매,110동,13/22,480000000,112.48,OWNER,"남서향,거실이 넓고 통풍 채광 우수한 타입,탁 트인전망,개울공원이 보여요",25.04.16,"['15년이내', '역세권', '대단지', '방세개']",남서향,14107190.611664295
경기도,오산시,세교동,세마역트루엘더퍼스트,매매,111동,8/22,500000000,112.48,OWNER,"알파공간 확장,넓은 평수,환한 남서향,통풍 좋은 세대,입주협의 가능해요",25.04.16,"['15년이내', '역세권', '대단지', '방세개']",남서향,14694990.220483644
경기도,오산시,세교동,세마역트루엘더퍼스트,매매,105동,중/18,490000000,112.48,OWNER,"전세안고매매,남서향 완전 뻥뷰,거실이 넓고 활용공간 많은타입,조정가능",25.04.16,"['15년이내', '대단지', '방세개', '화장실두개']",남서향,14401090.416073969
경기도,오산시,세교동,세마역트루엘더퍼스트,전세,107동,12/20,350000000,112.48,OWNER,수변공원 뻥뷰 하루종일 햇볕좋아요  조용한동 입주협의 융무조건,25.04.09,"['15년이내', '대단지', '방세개', '화장실두개']",남동향,10286493.15433855
경기도,오산시,세교동,세마역트루엘더퍼스트,매매,107동,12/20,480000000,112.48,OWNER,세마역 초역세권  초품아  중등고등 5분거리 광역버스 많아요,25.04.09,"['15년이내', '대단지', '방세개', '화장실두개']",남향,14107190.611664295
경기도,오산시,세교동,세마역트루엘더퍼스트,매매,107동,7/20,500000000,112.48,OWNER,"탁 트인 공원뷰,알파룸 확장하여 방으로 꾸몄어요,다자녀가구 추천,로얄동",25.03.24,"['15년이내', '대단지', '방세개', '화장실두개']",남서향,14694990.220483644
경기도,오산시,세교동,세마역트루엘더퍼스트,매매,109동,16/22,500000000,111.56,OWNER,선호하는 조용한동 중문 깨끗 주인거주로 입주협의,25.04.19,"['15년이내', '역세권', '대단지', '방세개']",남동향,14816175.152384369
경기도,오산시,세교동,세마역트루엘더퍼스트,매매,113동,12/22,460000000,111.56,OWNER,T 372 8003  입주협의가능  안쪽 베란다라 조용합니다 조정가능,25.04.19,"['15년이내', '역세권', '대단지', '방세개']",남동향,13630881.140193619
경기도,오산시,세교동,세마역트루엘더퍼스트,매매,114동,1/22,480000000,111.56,OWNER,"아이키우기 너무좋은 1층,출퇴근 가까운 동,led등 도배, 깨끗한 집",25.04.18,"['15년이내', '역세권', '대단지', '1층']",남서향,14223528.146288993
경기도,오산시,세교동,세마역트루엘더퍼스트,매매,109동,9/22,450000000,111.56,OWNER,"조용한 로얄동,트인 전망에 거실 넓은 타입,깨끗하게 관리한 집,늦은입주",25.04.17,"['15년이내', '역세권', '대단지', '방세개']",남동향,13334557.63714593
경기도,오산시,세교동,세마역트루엘더퍼스트,매매,109동,2/22,430000000,111.56,OWNER,"세마역,정문가깝고 조용한동,도배깨끗,거실 넓고 통풍 잘되는 구조,조정가능",25.04.11,"['15년이내', '역세권', '대단지', '방세개']",남동향,12741910.631050557
경기도,오산시,세교동,세마역트루엘더퍼스트,매매,113동,7/22,500000000,111.56,OWNER,화장실 수리 도배새로함 주인거주로 입주협의 거실넒은  정문가까운동,25.04.09,"['15년이내', '역세권', '대단지', '욕실수리']",남동향,14816175.152384369
경기도,오산시,세교동,세마역트루엘더퍼스트,전세,113동,12/22,330000000,111.56,DOC,"무융자,남서향이라 채광 좋아요,입주협의가능,생활권이 편리한 정문 입구동",25.04.16,"['15년이내', '융자금없는', '역세권', '대단지']",남서향,9778675.600573683
경기도,오산시,세교동,세마역트루엘더퍼스트,매매,114동,14/22,500000000,111.56,OWNER,"양면 통창의 뻥뷰,수변공원뷰, 내부깨끗,정문가까움,가격조정가능",25.04.04,"['15년이내', '역세권', '대단지', '방세개']",남동향,14816175.152384369
경기도,오산시,세교동,세마역트루엘더퍼스트,월세,114동,저/22,1억/85,111.56,OWNER,보증보험가입가능 깔끔한집 세마역가장가까운동,25.04.10,"['15년이내', '융자금없는', '역세권', '대단지']",남서향,
경기도,오산시,세교동,세마역트루엘더퍼스트,매매,114동,중/22,480000000,111.56,OWNER,"독산성 뻥뷰 조망,주인거주깨끗,정문동,중문,몰딩,줄눈,가격조정도 가능",25.04.08,"['15년이내', '역세권', '대단지', '방세개']",남서향,14223528.146288993
경기도,오산시,세교동,세마역트루엘더퍼스트,월세,106동,7/22,"5,000/120",111.56,DOC,"정남향집, 입주일협의",25.04.10,"['15년이내', '대단지', '방세개', '화장실두개']",남향,
경기도,오산시,세교동,세마역트루엘더퍼스트,매매,113동,12/22,460000000,111.56,NONE,"몰딩, 발코니확장, B타입 화장실 주방 분리 냉장고수납가능",25.03.28,"['15년이내', '역세권', '확장형', '대단지']",남서향,13630881.140193619
경기도,오산시,세교동,세마역트루엘더퍼스트,매매,107동,16/20,500000000,111.08,OWNER,안정적인 4베이구조 중문 전망좋음 주인거주로 입주협의 깨끗,25.04.19,"['15년이내', '대단지', '방세개', '화장실두개']",남향,14880198.9557076
경기도,오산시,세교동,세마역트루엘더퍼스트,매매,107동,9/20,480000000,111.08,OWNER,"언제든지 입주가능,출입구 2개인 로얄동,집상태 깨끗,탁 트인 전망,판상형",25.04.19,"['15년이내', '대단지', '방세개', '화장실두개']",남향,14284990.997479297
경기도,오산시,세교동,세마역트루엘더퍼스트,매매,106동,19/22,490000000,111.08,OWNER,"단독, 초깔끔, 거침없는 뻥뷰, 주인거주로 입주협의 강력추천4베이 남향.",25.04.18,"['15년이내', '대단지', '방세개', '화장실두개']",남향,14582594.976593448
경기도,오산시,세교동,세마역트루엘더퍼스트,월세,107동,9/20,1억/90,111.08,OWNER,"무융자 즉시입주가능,로얄동 판상형,탁 트인 전망,깨끗하게 관리한 세대",25.04.18,"['15년이내', '융자금없는', '대단지', '방세개']",남향,
경기도,오산시,세교동,세마역트루엘더퍼스트,매매,112동,2/22,435000000,111.08,OWNER,공실.베란다있는 귀한 비확장세대.초품아아파트.남서향이라 일조권 굿.,25.04.17,"['15년이내', '역세권', '대단지', '방세개']",남서향,12945773.091465611
경기도,오산시,세교동,세마역트루엘더퍼스트,전세,107동,9/20,320000000,111.08,OWNER,"무융자 바로입주가능,로얄동 판상형,탁 트인 전망,깨끗하게 관리한 세대",25.04.16,"['15년이내', '융자금없는', '대단지', '방세개']",남향,9523327.331652863
경기도,오산시,세교동,세마역트루엘더퍼스트,매매,111동,19/22,500000000,111.08,OWNER,"374.7400,가격조정 가능,고층뻥뷰가능,선호남향 4베이 판상형",25.04.16,"['15년이내', '역세권', '대단지', '방세개']",남향,14880198.9557076
경기도,오산시,세교동,세마역트루엘더퍼스트,매매,112동,11/22,500000000,111.08,OWNER,"도배,씽크대교체 및 리모델링으로 내부 아주 깨끗,가격 날짜 조정가능",25.04.16,"['15년이내', '역세권', '대단지', '방세개']",남서향,14880198.9557076
경기도,오산시,세교동,세마역트루엘더퍼스트,매매,109동,10/22,490000000,111.08,OWNER,"판상형 4bay 선호하는 타입,햇살가득한 남향,깨끗하게 관리했어요",25.04.15,"['15년이내', '역세권', '대단지', '방세개']",남향,14582594.976593448
경기도,오산시,세교동,세마역트루엘더퍼스트,월세,111동,21/22,"3,000/130",111.08,OWNER,정남향의 4베이구조 도배 led등교체 입주 5월5일 이후 협의,25.04.12,"['15년이내', '융자금없는', '역세권', '대단지']",남향,
경기도,오산시,세교동,세마역트루엘더퍼스트,매매,112동,22/22,495000000,111.08,OWNER,"층간소음해방 탑층,화이트이쁜집,신혼추천,정문로열동 사진,가격조정가능",25.04.11,"['15년이내', '역세권', '대단지', '탑층']",남서향,14731396.966150522
경기도,오산시,세교동,세마역트루엘더퍼스트,매매,111동,22/22,480000000,111.08,NDOC2,"공실,층간소음 스트레스해방,탑층,조망채광굿,가격조정 가능,잔금전공사가",25.04.16,"['15년이내', '역세권', '대단지', '탑층']",남향,14284990.997479297
경기도,오산시,세교동,세마역트루엘더퍼스트,전세,112동,17/22,330000000,111.08,OWNER,"융무 정문로얄동,주인거주 깨끗,방 모두 확장,거실 발코니 공간 활용 굿",25.04.07,"['15년이내', '융자금없는', '역세권', '대단지']",남향,9820931.310767015
경기도,오산시,세교동,세마역트루엘더퍼스트,매매,110동,21/22,500000000,111.08,OWNER,"주방,화장실수리 중문 인덕션 식세기 등등 인테리어 굿 입주협의",25.04.07,"['15년이내', '역세권', '대단지', '욕실수리']",남향,14880198.9557076
경기도,오산시,세교동,세마역트루엘더퍼스트,매매,111동,고/22,485000000,111.08,OWNER,"로얄층추천,판상형 A타입,채광 가득 정남향,조건 맞춰드려요 빠른입주가능",25.04.04,"['15년이내', '역세권', '대단지', '방세개']",남향,14433792.987036372
경기도,오산시,세교동,세마역트루엘더퍼스트,매매,107동,2/20,440000000,111.08,MOBL,"정남향 4베이로 채광굿, 출입편한2층, 빠른입주, 금액절충가능",25.03.24,"['15년이내', '대단지', '방세개', '화장실두개']",남향,13094575.081022687
경기도,오산시,세교동,세마역트루엘더퍼스트,매매,111동,7/22,490000000,111.08,NDOC2,"공실,즉시입주가능,남향,선호타입,깨끗한 판상형,가격과 시기 조정가능",25.03.31,"['15년이내', '역세권', '대단지', '방세개']",남향,14582594.976593448
경기도,오산시,세교동,세마역트루엘더퍼스트,매매,111동,11/22,500000000,111.08,OWNER,,25.03.24,"['15년이내', '역세권', '대단지', '방세개']",남향,14880198.9557076
경기도,오산시,세교동,세마역트루엘더퍼스트,전세,111동,11/22,320000000,111.08,OWNER,33 빛좋은 남향집 입주협의가능,25.03.24,"['15년이내', '역세권', '대단지', '방세개']",남향,9523327.331652863
경기도,오산시,세교동,세마역트루엘더퍼스트,매매,108동,10/20,480000000,111.08,OWNER,"탁트인 남향뷰, 집상태 완전 좋아요",25.03.24,"['15년이내', '역세권', '대단지', '방세개']",남향,14284990.997479297
경기도,오산시,세교동,세마역트루엘더퍼스트,매매,104동,1/20,380000000,98.49,OWNER,25년9월 이후입주 깔끔하고 환한1층으로 아이들 자유롭게생활가능,25.04.19,"['15년이내', '대단지', '1층', '방세개']",남서향,12754577.114427863
경기도,오산시,세교동,세마역트루엘더퍼스트,매매,101동,4/20,420000000,98.49,OWNER,372 8003 좋은가격 공원녹지가 보이고 하루종일해가 드는집  조정가능,25.04.19,"['15년이내', '대단지', '방세개', '화장실두개']",남동향,14097164.179104479
경기도,오산시,세교동,세마역트루엘더퍼스트,매매,102동,1/20,390000000,98.49,OWNER,T372 8003  아이들뛰어놀기좋은동  사생활 전혀침해없음  햇빛잘듬,25.04.19,"['15년이내', '대단지', '1층', '방세개']",남서향,13090223.880597016
경기도,오산시,세교동,세마역트루엘더퍼스트,매매,103동,19/20,420000000,98.49,OWNER,"따뜻한 남서향,하루종일 화사한 집,고층 푸릇푸릇 공원뷰,양창이 있는 타입",25.04.19,"['15년이내', '대단지', '방세개', '화장실두개']",남서향,14097164.179104479
경기도,오산시,세교동,세마역트루엘더퍼스트,월세,103동,16/20,"5,000/110",98.49,OWNER,T372 8003 집상태 정말 깨끗  2년전 도배함 빠른입주가능,25.04.16,"['15년이내', '융자금없는', '대단지', '방세개']",남향,
경기도,오산시,세교동,세마역트루엘더퍼스트,매매,104동,6/20,410000000,98.49,OWNER,양방향 창문이 있는 넓은 거실 주인거주로 입주협의 초교인근 조정,25.04.12,"['15년이내', '대단지', '방세개', '화장실두개']",남동향,13761517.412935324
경기도,오산시,세교동,세마역트루엘더퍼스트,매매,102동,고/20,430000000,98.49,OWNER,초등인근 매우깨끗  중문 막힘없는 전망과 조망 주인거주로 입주협의,25.04.18,"['15년이내', '대단지', '방세개', '화장실두개']",남동향,14432810.945273634
경기도,오산시,세교동,세마역트루엘더퍼스트,월세,102동,3/20,"3,000/110",98.3,OWNER,"남서향 환한 채광,안정적인 판상형 A타입,아이들 학교보내기 좋은동입니다",25.04.19,"['15년이내', '융자금적은', '대단지', '방세개']",남서향,
경기도,오산시,세교동,세마역트루엘더퍼스트,매매,104동,15/20,450000000,98.3,OWNER,잔.다.리.초교인근 전망햇볕 최고 중문 팬트리 깨끗 입주협의,25.04.09,"['15년이내', '대단지', '방세개', '화장실두개']",남서향,15133298.575788403
경기도,오산시,세교동,세마역트루엘더퍼스트,매매,101동,고/20,450000000,98.3,OWNER,"귀한타입 전면동 4베이,신혼집추천,사진,리모델링기간줌,가격조정가능",25.04.07,"['15년이내', '대단지', '방세개', '화장실두개']",남동향,15133298.575788403
경기도,오산시,세교동,세마역트루엘더퍼스트,매매,101동,중/20,420000000,98.3,OWNER,T 372 8003 가운데동이며 조용하고 뻥뷰 집상태 최상 초역세권,25.04.03,"['15년이내', '대단지', '방세개', '화장실두개']",남동향,14124412.004069177
경기도,오산시,세교동,세마역트루엘더퍼스트,월세,101동,고/20,"5,000/110",98.3,OWNER,"로얄층,햇살가득 따뜻한 집,채광 통풍 우수한 판상형,5월말 입주협의",25.03.28,"['15년이내', '대단지', '방세개', '화장실두개']",남서향,
경기도,오산시,세교동,세마역트루엘더퍼스트,매매,104동,저/20,420000000,98.3,NONE,"전세2억8천 안고매매,인기좋은 역세권아파트,비확장",25.04.17,"['15년이내', '대단지', '방세개', '화장실두개']",남향,14124412.004069177
경기도,오산시,수청동,더샵오산센트럴,매매,103동,16/25,720000000,110.31,OWNER,"귀한A타입,필봉산뷰,시에어컨5대,붙박이장,주인거주 깨끗한집",25.04.15,"['10년이내', '역세권', '방세개', '화장실두개']",남동향,21577057.383736745
경기도,오산시,수청동,더샵오산센트럴,매매,103동,고/25,675000000,110.31,OWNER,"가전,주방중문,간접조명,탄성,줄눈,비데2,블라인드,전세끼고",25.04.14,"['10년이내', '역세권', '방세개', '화장실두개']",남동향,20228491.297253195
경기도,오산시,수청동,더샵오산센트럴,매매,102동,7/25,750000000,110.31,OWNER,"고급풀옵션,희소성있는A타입,안방알파룸,거실알파룸,필봉산사계절뷰",25.04.07,"['10년이내', '역세권', '방세개', '화장실두개']",남동향,22476101.44139244
경기도,오산시,수청동,더샵오산센트럴,매매,103동,고/25,700000000,110.31,OWNER,"시에4,중문,줄눈,탄성,  그림같은필봉산뷰, 전세끼고 매매",25.04.11,"['10년이내', '역세권', '방세개', '화장실두개']",남향,20977694.678632945
경기도,오산시,수청동,더샵오산센트럴,월세,102동,중/25,"2,000/160",110.31,OWNER,"소액보증금으로 년세도 가능,빠른입주도 가능",25.03.24,"['10년이내', '역세권', '방세개', '화장실두개']",남동향,
경기도,오산시,수청동,더샵오산센트럴,전세,103동,6/25,430000000,110.12,OWNER,"추천, 우수한 조망권, 중간라인, 빠른입주가능, 에어컨 인덕션 식기세척기",25.04.19,"['10년이내', '역세권', '방세개', '화장실두개']",남동향,12908532.055938976
경기도,오산시,수청동,더샵오산센트럴,매매,103동,1/25,650000000,110.12,OWNER,"급매,빠른입주가능,막힘없는뷰,확장형,중문,줄눈,탄성",25.04.19,"['10년이내', '역세권', '1층', '급매']",남동향,19512897.29386124
경기도,오산시,수청동,더샵오산센트럴,매매,102동,16/25,670000000,110.12,OWNER,"급매,방4개,막힘없는뻥뷰,일조권과 통풍 좋고 깨끗한집",25.04.19,"['10년이내', '역세권', '급매', '방세개']",남동향,20113294.133672357
경기도,오산시,수청동,더샵오산센트럴,매매,101동,6/25,680000000,110.12,NDOC1,"추천 시스템에어컨4대, 인덕션, 트인전망, 관리잘된집, 정상입주",25.04.19,"['10년이내', '역세권', '방세개', '화장실두개']",남동향,20413492.553577915
경기도,오산시,수청동,더샵오산센트럴,전세,101동,8/25,435000000,110.12,OWNER,"풀옵션강추,시에어컨5대,인덕션,빌트인김냉,오븐레인지,탁트인뻥뷰,즉시입주",25.04.15,"['10년이내', '역세권', '방세개', '화장실두개']",남동향,13058631.265891755
경기도,오산시,수청동,더샵오산센트럴,매매,106동,6/22,750000000,110.12,NDOC1,"입주일 협의, 관리 잘된 집,오산대역 초역세권 신축단지,로얄동 로얄층",25.04.12,"['10년이내', '역세권', '방세개', '화장실두개']",남향,22514881.49291682
경기도,오산시,수청동,더샵오산센트럴,매매,105동,고/22,690000000,110.12,OWNER,"전면동,인덕션,중문,줄눈,탄성코트, 남향고층뻥뷰,오산대초역세권",25.04.14,"['10년이내', '방세개', '화장실두개', '고층']",남향,20713690.973483473
경기도,오산시,수청동,더샵오산센트럴,전세,105동,중/22,460000000,110.12,OWNER,"시에4대, 남향, 깨끗하고 채광좋은집",25.04.14,"['10년이내', '방세개', '화장실두개', '중층']",남향,13809127.315655649
경기도,오산시,수청동,더샵오산센트럴,매매,104동,중/21,720000000,110.12,NDOC1,"중문,탄성코트,줄눈,탁트인 필봉산뷰",25.04.14,"['10년이내', '방세개', '화장실두개', '중층']",남동향,21614286.233200144
경기도,오산시,수청동,더샵오산센트럴,매매,105동,저/22,680000000,110.12,NDOC1,전면동 채광좋음 시스템에어컨4 중문 인덕션 입주협의,25.04.14,"['10년이내', '방세개', '화장실두개', '세대당1대']",남향,20413492.553577915
경기도,오산시,수청동,더샵오산센트럴,매매,105동,4/22,655000000,110.12,OWNER,"에어컨3대,하이라이트,채광통풍좋은 남함, 입주협의",25.04.07,"['10년이내', '방세개', '화장실두개', '세대당1대']",남향,19662996.50381402
경기도,오산시,수청동,더샵오산센트럴,매매,106동,고/22,750000000,110.12,NDOC1,"로얄동, 판상형, 4베이, 남향, 트인전망, 관리잘된집, 입주협의",25.04.12,"['10년이내', '역세권', '방세개', '화장실두개']",남향,22514881.49291682
경기도,오산시,수청동,더샵오산센트럴,매매,105동,중/22,650000000,110.12,OWNER,"실입주가능,시에4대, 정남향,빌트인김치냉장고,저렴한 매매가",25.04.10,"['10년이내', '방세개', '화장실두개', '중층']",남향,19512897.29386124
경기도,오산시,수청동,더샵오산센트럴,매매,102동,고/25,680000000,110.12,DOC,"현공실,시스템에어컨4대, 로얄동로얄층, 집상태좋아요",25.04.18,"['10년이내', '역세권', '방세개', '화장실두개']",남동향,20413492.553577915
경기도,오산시,수청동,더샵오산센트럴,매매,105동,중/22,760000000,110.12,OWNER,"포세린타일,시에4,중문,줄눈,붙박이장,전면동 남향 뻥뷰",25.04.07,"['10년이내', '방세개', '화장실두개', '중층']",남향,22815079.912822377
경기도,오산시,수청동,더샵오산센트럴,매매,104동,저/21,680000000,110.12,OWNER,"세끼고,시스템에어컨4대,실링팬,사각씽크볼,붙박이장,집상태최상",25.04.07,"['10년이내', '방세개', '화장실두개', '세대당1대']",남동향,20413492.553577915
경기도,오산시,수청동,더샵오산센트럴,매매,106동,중/22,680000000,110.12,OWNER,"에4,중문,로얄동로얄층,입주협의,남향,집주인거주로 관리잘된집,오산대역세권",25.04.07,"['10년이내', '역세권', '방세개', '화장실두개']",남향,20413492.553577915
경기도,오산시,수청동,더샵오산센트럴,전세,105동,4/22,430000000,110.12,OWNER,"식세기,에어컨3대, 남향,오산대초역세권,학세권,상권편리등 실거주만족도 좋",25.03.29,"['10년이내', '방세개', '화장실두개', '세대당1대']",남향,12908532.055938976
경기도,오산시,수청동,더샵오산센트럴,매매,101동,중/25,700000000,110.12,OWNER,"2in1 에어컨, 식기세척기,깨끗하게 관리잘된집,필봉산뻥뷰,RR",25.03.27,"['10년이내', '역세권', '방세개', '화장실두개']",남동향,21013889.39338903
경기도,오산시,수청동,더샵오산센트럴,매매,105동,저/22,670000000,110.12,NDOC1,"전면동,남향,지대가높아 사생활보호,오산대역세권,슬세권,학세권모두갖춘APT",25.03.27,"['10년이내', '방세개', '화장실두개', '세대당1대']",남향,20113294.133672357
경기도,오산시,수청동,더샵오산센트럴,매매,101동,8/25,610000000,101.4,OWNER,"강력추천,실입주가능,중문,인덕션,식세기,탁트인 조망,채광굿,초역세권",25.04.19,"['10년이내', '역세권', '방세개', '화장실두개']",남서향,19886872.28796844
경기도,오산시,수청동,더샵오산센트럴,매매,107동,11/23,650000000,101.4,OWNER,로얄동층. 중문.  상가전철가까운 동. 주인거주로 깨끗해요,25.04.18,"['10년이내', '역세권', '방세개', '화장실두개']",남향,21190929.487179488
경기도,오산시,수청동,더샵오산센트럴,월세,102동,21/25,1억/120,101.4,OWNER,날짜협의 가능 초초역세권 조망 좋은 방,25.04.15,"['10년이내', '역세권', '방세개', '화장실두개']",남서향,
경기도,오산시,수청동,더샵오산센트럴,매매,101동,중/25,610000000,101.4,OWNER,"전세끼고,오산대역 도보5분 초역세권, 상권편리슬세권, 확트인 조망,",25.04.18,"['10년이내', '역세권', '방세개', '화장실두개']",남서향,19886872.28796844
경기도,오산시,수청동,더샵오산센트럴,매매,107동,저/23,650000000,101.4,OWNER,"로열동,남향,확장형,집상태 좋음,오산대역과 중심상가 가까운동",25.04.18,"['10년이내', '역세권', '방세개', '화장실두개']",남향,21190929.487179488
경기도,오산시,수청동,더샵오산센트럴,매매,104동,저/21,620000000,101.4,OWNER,"전면동,트인전망,시스템에어컨3,인덕션,세안고",25.04.18,"['10년이내', '방세개', '화장실두개', '세대당1대']",남서향,20212886.587771203
경기도,오산시,수청동,더샵오산센트럴,매매,102동,중/25,630000000,101.4,OWNER,"시에3,중문,인덕션,붙박이장,학생가구,더샵필드뻥뷰",25.04.17,"['10년이내', '역세권', '방세개', '화장실두개']",남서향,20538900.887573965
경기도,오산시,수청동,더샵오산센트럴,전세,107동,중/23,390000000,101.4,OWNER,"에어컨3대, 줄눈, 입주협의, 채광좋은 남향",25.04.16,"['10년이내', '역세권', '방세개', '화장실두개']",남향,12714557.692307692
경기도,오산시,수청동,더샵오산센트럴,매매,103동,고/25,640000000,101.4,OWNER,"고층탁트인뷰,로열층,시에어컨5,중문,식기세척기,확장,4베이",25.04.14,"['10년이내', '역세권', '방세개', '화장실두개']",남서향,20864915.187376723
경기도,오산시,수청동,더샵오산센트럴,매매,101동,중/25,650000000,101.4,OWNER,"탁트인뷰,확장,시에어컨,깨끗하고관리잘된집",25.04.10,"['10년이내', '역세권', '방세개', '화장실두개']",남서향,21190929.487179488
경기도,오산시,수청동,더샵오산센트럴,매매,107동,고/23,620000000,101.4,DOC,"강력추천,세안고,로얄동,가격조정가,에어컨, 인덕션,집상태최상",25.04.17,"['10년이내', '역세권', '화장실두개', '방세개']",남향,20212886.587771203
경기도,오산시,수청동,더샵오산센트럴,매매,101동,고/25,630000000,101.4,OWNER,"시에4,실입주가능,로얄동로얄층,뻥뿔린뷰,채광통풍굿,교통및생활편리,만족도짱",25.03.31,"['10년이내', '역세권', '방세개', '화장실두개']",남서향,20538900.887573965
경기도,오산시,수청동,더샵오산센트럴,매매,107동,저/23,610000000,101.4,OWNER,"시에4,인덕션,중문,줄눈,탄성,깨끗하게 관리잘된집 전세끼고 매매,투자굿",25.03.29,"['10년이내', '역세권', '방세개', '화장실두개']",남향,19886872.28796844
경기도,오산시,수청동,더샵오산센트럴,매매,104동,고/21,610000000,101.4,NDOC1,"실입주가능,식세기,2in1에어컨, 오산대역초역세권,막힘없는 뻥뷰",25.03.29,"['10년이내', '방세개', '화장실두개', '고층']",남서향,19886872.28796844
경기도,오산시,수청동,더샵오산센트럴,매매,107동,저/23,630000000,101.4,OWNER,"시스템에어컨4대, 중문, 식기세척기, 인덕션,남향,초역세권,세끼고",25.03.27,"['10년이내', '역세권', '화장실두개', '방세개']",남향,20538900.887573965
경기도,오산시,수청동,더샵오산센트럴,매매,104동,3/21,540000000,90.25,OWNER, 2in1에어컨 건조기 전면동 햇살가득 입주협의,25.04.19,"['10년이내', '방세개', '화장실두개', '세대당1대']",남동향,19779766.20498615
경기도,오산시,수청동,더샵오산센트럴,매매,102동,3/25,520000000,90.25,OWNER,"최저가,급매,집상태좋음,중문,주방엔지니어드스튼,인덕션,즉시입주가능",25.04.19,"['10년이내', '역세권', '급매', '방세개']",남동향,19047182.271468148
경기도,오산시,수청동,더샵오산센트럴,매매,103동,11/25,580000000,90.25,OWNER,"시에4대,세끼고,  오산대역 초역세권, 교통상권이용편리",25.04.19,"['10년이내', '역세권', '방세개', '화장실두개']",남동향,21244934.072022162
경기도,오산시,수청동,더샵오산센트럴,매매,102동,13/25,570000000,90.25,OWNER,"중문,필봉산뷰,집상태좋고, 입주는 12월 가능해요",25.04.16,"['10년이내', '역세권', '방세개', '화장실두개']",남동향,20878642.10526316
경기도,오산시,수청동,더샵오산센트럴,매매,101동,고/25,590000000,90.25,OWNER,"중문,장식장,카페장,로얄동로얄층,생활밀착형상가,오산대역3분컷",25.04.18,"['10년이내', '역세권', '방세개', '화장실두개']",남동향,21611226.038781166
경기도,오산시,수청동,더샵오산센트럴,매매,102동,중/25,550000000,90.25,OWNER,"확장형,탁트인뷰,집상태좋음,채광좋음",25.04.10,"['10년이내', '역세권', '방세개', '화장실두개']",남동향,20146058.171745155
경기도,오산시,수청동,더샵오산센트럴,매매,104동,고/21,550000000,90.25,OWNER,"세안고 투자추천,막힘없는뻥뷰,확장형,집상태좋음",25.04.03,"['10년이내', '방세개', '화장실두개', '고층']",남동향,20146058.171745155
경기도,오산시,수청동,더샵오산센트럴,전세,103동,중/25,350000000,90.25,DOC,"시에4,신혼부부추천,융자없음,필봉산시원한뷰",25.04.11,"['10년이내', '융자금없는', '역세권', '방세개']",남동향,12820218.836565098
경기도,오산시,수청동,더샵오산센트럴,매매,103동,중/25,560000000,90.25,OWNER,"월세끼고매매,투자로좋아요,",25.03.27,"['10년이내', '역세권', '방세개', '화장실두개']",남동향,20512350.138504155
경기도,오산시,수청동,수청삼익,매매,101동,12/15,230000000,101.24,OWNER,오산대역도보권 화성초바로뒤 방3화장실2 입주일 협의가능 엘베0 급매,25.04.19,"['25년이상', '급매', '방세개', '화장실두개']",남향,7510179.276965627
경기도,오산시,수청동,수청삼익,매매,101동,7/15,240000000,101.24,OWNER,"빠른입주가능, 중문, 화장실수리됨, 상태굿, 남향",25.04.17,"['25년이상', '욕실수리', '방세개', '화장실두개']",남향,7836708.810746741
경기도,오산시,수청동,수청삼익,매매,101동,8/15,200000000,101.24,OWNER,,25.04.16,"['25년이상', '방세개', '화장실두개', '중층']",남향,6530590.675622284
경기도,오산시,수청동,수청삼익,매매,101동,1/15,250000000,101.24,OWNER,1층 .  올수리. 월세끼고,25.04.14,"['25년이상', '올수리', '1층', '방세개']",남향,8163238.3445278555
경기도,오산시,수청동,수청삼익,전세,101동,15/15,200000000,101.24,OWNER,"전망 좋고 수납 공간 넉넉한 탑층, 입주 협의 가능, 최근 보일러 수리",25.04.14,"['25년이상', '탑층', '방세개', '화장실두개']",남향,6530590.675622284
경기도,오산시,수청동,수청삼익,매매,101동,15/15,300000000,101.24,OWNER,"귀한탑층,오산대역도보권,필봉산뷰,숲세권,초중고학세권,일조량,조망권좋아요",25.04.14,"['25년이상', '탑층', '방세개', '화장실두개']",남향,9795886.013433427
경기도,오산시,수청동,수청삼익,매매,101동,11/15,310000000,101.24,OWNER,"역세권,올수리된집 아주 좋아요,초,중,고도보5분10분이내,",25.04.10,"['25년이상', '올수리', '방세개', '화장실두개']",남향,10122415.54721454
경기도,오산시,수청동,수청삼익,매매,101동,13/15,280000000,101.24,MOBL,오산대역도보권 초중고인접 동탄접근용이함 필봉산자락 맑은공기 가격조정가능,25.04.04,"['25년이상', '방세개', '화장실두개', '고층']",남향,9142826.945871199
경기도,오산시,수청동,수청삼익,매매,101동,2/15,270000000,101.24,OWNER,,25.04.05,"['25년이상', '방세개', '화장실두개', '저층']",남향,8816297.412090085
경기도,오산시,수청동,수청삼익,매매,101동,5/15,230000000,101.24,DOC,실입주가능. 확장완료매물,25.03.25,"['25년이상', '방세개', '화장실두개', '저층']",남향,7510179.276965627
경기도,오산시,수청동,수청삼익,매매,101동,12/15,270000000,101.24,NONE,"오산대역 근처 32년차 아파트,재건축 가능성 투자",25.04.01,"['25년이상', '방세개', '화장실두개', '고층']",남향,8816297.412090085
경기도,오산시,수청동,수청삼익,매매,102동,1/15,200000000,93.12,OWNER,주인거주.아이들 뛰는 스트레스 없어요 추인거주로 집관리 잘 되어있습니다,25.04.07,"['25년이상', '1층', '방세개', '화장실한개']",남향,7100053.694158076
경기도,오산시,수청동,수청삼익,매매,102동,4/15,170000000,74.38,NDOC1,,25.04.17,"['25년이상', '방두개', '화장실한개', '주차가능']",동향,7555572.062382362
경기도,오산시,수청동,수청삼익,매매,102동,12/15,200000000,74.38,OWNER,수리상태 굿. 올수리 전세끼고 매매,25.04.14,"['25년이상', '올수리', '방세개', '화장실한개']",동향,8888908.308685131
경기도,오산시,수청동,수청삼익,매매,102동,11/15,200000000,74.38,OWNER,,25.04.14,"['25년이상', '방세개', '화장실한개', '고층']",동향,8888908.308685131
경기도,오산시,수청동,수청삼익,매매,102동,8/15,180000000,74.38,OWNER,오산대역도보권 화성초바로뒤 중고교인접 필봉산자락. 동탄접근 용이함,25.04.14,"['25년이상', '방세개', '화장실한개', '중층']",동향,8000017.477816618
경기도,오산시,수청동,수청삼익,매매,102동,10/15,190000000,74.38,NDOC1,"수리된집,오산대역도보권, 초등학교인접",25.04.11,"['25년이상', '방세개', '화장실한개', '중층']",동향,8444462.893250875
경기도,오산시,수청동,수청삼익,매매,102동,4/15,179000000,74.38,OWNER,"공실,죽시입주가능,벽걸이에어컨2대,샷시빼고올수리 깨끗한집",25.04.09,"['25년이상', '올수리', '방세개', '화장실한개']",동향,7955572.936273193
경기도,오산시,수청동,수청삼익,매매,102동,6/15,170000000,74.38,OWNER,로얄층 착한금액 세끼고 갭투환영,25.03.31,"['25년이상', '방세개', '화장실한개', '중층']",남향,7555572.062382362
경기도,오산시,수청동,수청삼익,매매,102동,2/15,170000000,74.38,OWNER,"25년10월만기전세안고,오산대역도보권 초중고 동탄인접 필봉산자락 공기좋음",25.03.29,"['25년이상', '방세개', '화장실한개', '세안고']",동향,7555572.062382362
경기도,오산시,수청동,수청삼익,월세,102동,15/15,"3,000/55",74.38,DOC,초품아. 탑층. 전망좋음. 인테리어 되어있음,25.04.05,"['25년이상', '융자금없는', '탑층', '방세개']",동향,
경기도,오산시,수청동,수청삼익,매매,102동,13/15,175000000,74.38,NONE,"전세안고 투자,오산대역 도보가능,재건축 가능성 투자,",25.04.04,"['25년이상', '방두개', '화장실한개', '고층']",동향,7777794.77009949
경기도,오산시,수청동,수청주공,매매,108동,2/5,225000000,52.83,OWNER,GH참여형 가로주택정비사업진행중 조합원자격승계 월세500에40안고투자,25.04.15,"['25년이상', '소형평수', '방세개', '화장실한개']",남향,14079152.470187396
경기도,오산시,수청동,수청주공,매매,108동,2/5,250000000,52.83,NONE,"재건축 원활히 진행중, 보일러 교체",25.04.07,"['25년이상', '보일러교체', '소형평수', '방세개']",남향,15643502.74465266
경기도,오산시,수청동,수청주공,매매,106동,2/5,225000000,52.5,OWNER,가로주택정비사업진행중 오산대역도보권 초중고인접 월세1000에40안고,25.04.11,"['25년이상', '소형평수', '방세개', '화장실한개']",남향,14167650.0
경기도,오산시,수청동,수청주공,매매,106동,5/5,210000000,52.5,OWNER,전세7000안고매도2억1000. 조합원자격승계됨 오산대역도보권 초중고인접,25.04.11,"['25년이상', '소형평수', '탑층', '방세개']",남향,13223140.0
경기도,오산시,수청동,수청주공,월세,106동,4/5,500/49,52.5,DOC,"샷시까지 올수리한집, 재건축 진행중, 보증금 조절가, 5월입주가",25.04.19,"['25년이상', '올수리', '소형평수', '방세개']",남향,
경기도,오산시,수청동,수청주공,월세,104동,3/5,500/42,45.51,OWNER,"냉장고 제공, 수리상태 괜찮습니다 , 3층",25.04.14,"['25년이상', '융자금적은', '소형평수', '방두개']",남향,
경기도,오산시,수청동,수청주공,월세,105동,5/5,300/30,45.51,OWNER,가로주택정비사업진행중오산대역도보권 초중고인접 동탄인접 가스렌지 세탁기옵션,25.04.14,"['25년이상', '소형평수', '탑층', '방두개']",남향,
경기도,오산시,수청동,수청주공,매매,103동,3/5,170000000,45.51,OWNER,월세 안고매매 가로주택정비사업진행중 조합원자격승계 초중고 오산대역인접,25.04.11,"['25년이상', '소형평수', '방두개', '화장실한개']",남향,12348570.643814547
경기도,오산시,수청동,수청주공,매매,103동,5/5,185000000,45.51,OWNER,"전세7500안고매도,가로주택정비사업진행중 오산대역도보권 조합원자격승계됨",25.04.11,"['25년이상', '소형평수', '탑층', '방두개']",남향,13438150.406504067
경기도,오산시,수청동,수청주공,매매,105동,5/5,190000000,45.51,OWNER,월세끼고. 매매,25.04.09,"['25년이상', '소형평수', '탑층', '방두개']",남향,13801343.660733907
경기도,오산시,수청동,수청주공,월세,104동,1/5,500/40,45.51,OWNER,가로주택정비사업진행중 오산대역도보권 초중고인접 동탄접근용이함 500에40,25.04.03,"['25년이상', '1층', '소형평수', '방두개']",남향,
경기도,오산시,수청동,수청주공,매매,103동,2/5,175000000,45.51,DOC,"올수리한 집, 재건축 잘 진행중임, 건축심의 단계,이후 조합 분양 예정",25.04.12,"['25년이상', '올수리', '소형평수', '방두개']",남향,12711763.898044389
경기도,오산시,수청동,수청주공,월세,105동,5/5,500/38,45.51,MOBL,"도배장판페인트, 화장실 변기 세면기교체 샷시는 교체안됨 월세조정가능",25.03.28,"['25년이상', '소형평수', '탑층', '방두개']",남향,
경기도,오산시,수청동,수청주공,매매,105동,5/5,210000000,45.51,OWNER,가로주택정비사업 재건축 진행중 오산대역 역세권투자  동탄생활권 초중학세권,25.03.24,"['25년이상', '소형평수', '탑층', '방두개']",남향,15254116.677653264
경기도,오산시,수청동,수청주공,월세,104동,5/5,500/45,45.51,DOC,"빠른입주가능.저렴한 투룸구조, 올수리매물",25.03.25,"['25년이상', '융자금적은', '올수리', '소형평수']",남동향,
경기도,오산시,수청동,수청주공,매매,107동,2/5,160000000,45.12,OWNER,월세500에42안고매매 오산대역도보권 초중고인접 조합원자격승계됨 동탄인접,25.04.19,"['25년이상', '소형평수', '방두개', '화장실한개']",남향,11722641.843971632
경기도,오산시,수청동,수청주공,매매,107동,1/5,170000000,45.12,NDOC1,,25.04.18,"['25년이상', '1층', '소형평수', '방두개']",남향,12455306.95921986
경기도,오산시,수청동,수청주공,월세,101동,5/5,500/50,45.12,OWNER,샷시포함 올수리됨 오산대역도보권 동탄 초중고인접 4월27일전출 협의가능,25.04.15,"['25년이상', '올수리', '소형평수', '탑층']",남향,
경기도,오산시,수청동,수청주공,매매,107동,5/5,170000000,45.12,OWNER,"재건축투자,전세7천끼고,가로주택정비사업진행중",25.04.15,"['25년이상', '소형평수', '탑층', '방두개']",남동향,12455306.95921986
경기도,오산시,수청동,수청주공,월세,107동,5/5,400/45,45.12,OWNER,애완동물가능. 수리상태 괜찮음. 4월말부터가능. 매물설명 꼭읽으세요,25.04.14,"['25년이상', '소형평수', '탑층', '방한개']",남동향,
경기도,오산시,수청동,수청주공,매매,107동,5/5,180000000,45.12,OWNER,"역세권 재건축, 월세끼고. 실거주도가능함.",25.04.14,"['25년이상', '소형평수', '탑층', '방한개']",남동향,13187972.074468086
경기도,오산시,수청동,수청주공,매매,107동,4/5,170000000,45.12,OWNER,,25.04.14,"['25년이상', '소형평수', '방두개', '화장실한개']",남향,12455306.95921986
경기도,오산시,수청동,수청주공,매매,102동,4/5,180000000,45.12,OWNER,GH참여형가로주택정비사업진행중 초중고인접 오산대역도보권 동탄접근용이,25.04.14,"['25년이상', '소형평수', '방두개', '화장실한개']",남향,13187972.074468086
경기도,오산시,수청동,수청주공,매매,101동,1/5,160000000,45.12,OWNER,"추천, 급매, 재건축 투자, 실입주가능, 화장실수리, 도배새로, 아주깨끗",25.04.11,"['25년이상', '1층', '욕실수리', '급매']",남향,11722641.843971632
경기도,오산시,수청동,수청주공,매매,102동,1/5,170000000,45.12,OWNER,재건축투자. 실입주가능 샷시.몰딩포함 올수리 1층.,25.04.10,"['25년이상', '올수리', '1층', '소형평수']",남동향,12455306.95921986
경기도,오산시,수청동,수청주공,월세,101동,3/5,500/45,45.12,DOC,샷시포함 올수리. 붙박이장.  투룸구조 아파트 월세,25.04.15,"['25년이상', '융자금없는', '올수리', '소형평수']",동향,
경기도,오산시,수청동,수청주공,매매,107동,2/5,180000000,45.12,OWNER,임대완. 월세끼고매매,25.03.27,"['25년이상', '소형평수', '방한개', '화장실한개']",남향,13187972.074468086
경기도,오산시,수청동,수청주공,매매,107동,5/5,170000000,45.12,DOCV2,가격조정가능 월세안고투자 수리안됨 초중고인접 오산대역도보권  동탄접근용이,25.03.29,"['25년이상', '소형평수', '탑층', '방한개']",남향,12455306.95921986
경기도,오산시,수청동,수청주공,매매,102동,4/5,170000000,45.12,NONE,"급오산대역 근처,재건축 원활진행중,시공사 선정 완료,조합원 분양전 매수 ",25.04.07,"['25년이상', '소형평수', '방두개', '화장실한개']",남향,12455306.95921986
경기도,오산시,수청동,수청주공,매매,107동,4/5,170000000,45.12,NONE,,25.04.01,"['25년이상', '소형평수', '방두개', '화장실한개']",남향,12455306.95921986
경기도,오산시,수청동,오산대역꿈에그린,매매,1307동,15/15,1000000000,194.17,DOC,"펜트하우스, 앞,뒤 넓은테라스, 확트인 조망권",25.04.08,"['15년이내', '테라스', '대형평수', '탑층']",남서향,17025209.867641762
경기도,오산시,수청동,오산대역꿈에그린,매매,1304동,1/15,650000000,155.56,OWNER,"귀한1층,아이들키우기 좋고,사생활보호되는E타입,상가,초등학교,버스청류장앞",25.04.18,"['15년이내', '1층', '대형평수', '방네개이상']",남동향,13813064.09102597
경기도,오산시,수청동,오산대역꿈에그린,매매,1303동,2/15,600000000,155.56,OWNER,산책로 뷰.주차스트레스 없어요. 도심속의 전원주택분위기.오산대역접근굿. ,25.04.12,"['15년이내', '대형평수', '방네개이상', '화장실두개']",남동향,12750520.699408589
경기도,오산시,수청동,오산대역꿈에그린,매매,1303동,저/15,630000000,155.56,OWNER,"시스템에어컨, 안정감 있는 전경, 넓은 거실과 주방",25.04.18,"['15년이내', '대형평수', '방네개이상', '화장실두개']",남동향,13388046.734379018
경기도,오산시,수청동,오산대역꿈에그린,매매,1307동,2/15,670000000,155.56,OWNER,시스템에어컨등 인테리어가된집 0연중.무휴0TEL376 26공공,25.04.11,"['15년이내', '대형평수', '방네개이상', '화장실두개']",남서향,14238081.447672922
경기도,오산시,수청동,오산대역꿈에그린,매매,1305동,중/15,670000000,155.56,OWNER,"빠른입주가능, 주인거주로 관리잘된집, 막히지 않은 뻥뷰",25.04.18,"['15년이내', '대형평수', '방네개이상', '화장실두개']",남서향,14238081.447672922
경기도,오산시,수청동,오산대역꿈에그린,매매,1310동,14/15,650000000,155.56,OWNER,"주인거주로 깨끗함, 입주협의",25.04.11,"['15년이내', '대형평수', '방네개이상', '화장실두개']",남서향,13813064.09102597
경기도,오산시,수청동,오산대역꿈에그린,매매,1310동,저/15,700000000,155.56,OWNER,"시스템에어컨X풀인테리어된집 0연중,무휴0TEL 376 26공공",25.04.11,"['15년이내', '대형평수', '방네개이상', '화장실두개']",남서향,14875607.482643353
경기도,오산시,수청동,오산대역꿈에그린,매매,1307동,고/15,620000000,155.56,OWNER,"조망권,채광, 집상태 아주 좋아요",25.04.11,"['15년이내', '대형평수', '방네개이상', '화장실두개']",남동향,13175538.056055542
경기도,오산시,수청동,오산대역꿈에그린,매매,1307동,중/15,610000000,155.56,OWNER,"세끼고,수목원,수변공원 조망 완전 좋아요",25.04.11,"['15년이내', '대형평수', '방네개이상', '화장실두개']",남동향,12963029.377732066
경기도,오산시,수청동,오산대역꿈에그린,매매,1303동,1/15,550000000,155.56,DOC,"세안고매매 아이들이 뛰어놀수있어요0연중,무휴0 TEL 376 26공공",25.04.11,"['15년이내', '1층', '대형평수', '방네개이상']",남동향,11687977.307791207
경기도,오산시,수청동,오산대역꿈에그린,매매,1307동,저/15,700000000,155.56,OWNER,"남동향,일조량풍,수목원뷰,신발장6칸,초등학교,오산대역,홈플러스도보가능",25.04.08,"['15년이내', '대형평수', '방네개이상', '화장실두개']",남동향,14875607.482643353
경기도,오산시,수청동,오산대역꿈에그린,매매,1305동,고/15,700000000,155.56,OWNER,,25.04.07,"['15년이내', '대형평수', '방네개이상', '화장실두개']",남동향,14875607.482643353
경기도,오산시,수청동,오산대역꿈에그린,매매,1304동,중/15,700000000,155.56,DOC,"세안고매매 숲뷰 전망굿 0연중,무휴0 TEL376 26공공",25.04.11,"['15년이내', '대형평수', '방네개이상', '화장실두개']",남동향,14875607.482643353
경기도,오산시,수청동,오산대역꿈에그린,매매,1307동,저/15,680000000,155.56,DOC,"넓은동간거리, 높은지대, 수목원뷰,",25.04.11,"['15년이내', '대형평수', '방네개이상', '화장실두개']",남동향,14450590.1259964
경기도,오산시,수청동,오산대역꿈에그린,매매,1307동,고/15,600000000,155.56,OWNER,"수목원조망, 초품아, 역세권단지",25.03.22,"['15년이내', '대형평수', '방네개이상', '화장실두개']",남동향,12750520.699408589
경기도,오산시,수청동,오산대역꿈에그린,매매,1307동,1/15,750000000,155.27,OWNER,"높은 테라스하우스, 넓은 테라스, 집상태 좋아요",25.04.17,"['15년이내', '테라스', '1층', '대형평수']",남서향,15967918.78662974
경기도,오산시,수청동,오산대역꿈에그린,매매,1305동,3/15,780000000,155.27,OWNER,"테라스하우스,  샷시까지 완전 풀 인테리어",25.03.29,"['15년이내', '테라스', '대형평수', '방네개이상']",남서향,16606635.53809493
경기도,오산시,수청동,오산대역꿈에그린,매매,1303동,13/15,700000000,155.19,OWNER,"공원뷰가 너무좋은집 0연중,무휴0TEL 376 26공공",25.04.19,"['15년이내', '대형평수', '방네개이상', '화장실두개']",남서향,14911073.522778532
경기도,오산시,수청동,오산대역꿈에그린,매매,1308동,1/15,700000000,155.19,OWNER,"즉시입주 가능, 컨디션 최상, 깔끔한 집, 직접 보시고 결정하세요.",25.04.18,"['15년이내', '1층', '대형평수', '방네개이상']",남서향,14911073.522778532
경기도,오산시,수청동,오산대역꿈에그린,매매,1308동,10/15,650000000,155.19,OWNER,"수변공원이보이는 남서향집 0연중,무휴0 TEL 376 26공공",25.04.11,"['15년이내', '대형평수', '방네개이상', '화장실두개']",남서향,13845996.842580065
경기도,오산시,수청동,오산대역꿈에그린,매매,1306동,중/15,600000000,155.19,OWNER,"남동향 조용한동0연중,무휴0 TEL 376 26공공",25.04.11,"['15년이내', '대형평수', '방네개이상', '화장실두개']",남동향,12780920.162381599
경기도,오산시,수청동,오산대역꿈에그린,매매,1306동,5/15,650000000,155.19,OWNER,,25.04.02,"['15년이내', '대형평수', '방네개이상', '화장실두개']",남서향,13845996.842580065
경기도,오산시,수청동,오산대역꿈에그린,매매,1306동,4/15,590000000,155.19,DOC,"아늑한단지뷰로 조용한집 0연중,무휴0 TEL 376 26공공",25.04.11,"['15년이내', '대형평수', '방네개이상', '화장실두개']",남동향,12567904.826341905
경기도,오산시,수청동,오산대역꿈에그린,매매,1308동,6/15,620000000,155.19,DOC,"세끼고, 수목원조망, 숲세권 초품아 명품아파트",25.04.11,"['15년이내', '대형평수', '방네개이상', '화장실두개']",남동향,13206950.834460985
경기도,오산시,수청동,오산대역꿈에그린,매매,1306동,중/15,600000000,155.19,OWNER,"세끼고, 집상태 완전 깨끗, 조망권도 좋아요",25.04.03,"['15년이내', '대형평수', '방네개이상', '화장실두개']",남서향,12780920.162381599
경기도,오산시,수청동,오산대역꿈에그린,매매,1308동,저/15,670000000,155.19,DOC,"초품아 숲세권 오산대역가까운동0연중,무휴0 TEL 376 26공공",25.04.11,"['15년이내', '대형평수', '방네개이상', '화장실두개']",남서향,14272027.51465945
경기도,오산시,수청동,오산대역꿈에그린,매매,1301동,11/13,700000000,154.85,OWNER,"세끼고, 완전 넓고 멋진 다락이 있는 집",25.04.17,"['15년이내', '대형평수', '방네개이상', '화장실두개']",남동향,14943813.367775267
경기도,오산시,수청동,오산대역꿈에그린,매매,1301동,중/13,600000000,154.85,OWNER,"판상형구조, 집상태 깨끗,  편안한 산조망.",25.04.18,"['15년이내', '대형평수', '방네개이상', '화장실두개']",남동향,12808982.886664515
경기도,오산시,수청동,오산대역꿈에그린,월세,1301동,저/13,"5,000/150",154.85,OWNER,"집깔끔, 초품아,역세권 숲세권,대형공원 단지",25.04.16,"['15년이내', '대형평수', '방네개이상', '화장실두개']",남동향,
경기도,오산시,수청동,오산대역꿈에그린,전세,1301동,저/13,400000000,154.85,OWNER,"집상태 깔끔, 숲세권,역세권,초품아여요",25.04.16,"['15년이내', '대형평수', '방네개이상', '화장실두개']",남동향,8539321.92444301
경기도,오산시,수청동,오산대역꿈에그린,매매,1301동,저/13,580000000,154.85,OWNER,"도심속 숲세권 아파트, 느낌 완전 좋은집, 깨끗깨끗",25.04.16,"['15년이내', '대형평수', '방네개이상', '화장실두개']",남동향,12382016.790442366
경기도,오산시,수청동,오산대역꿈에그린,매매,1302동,고/13,750000000,154.85,OWNER,"판상형구조, 고인돌공원조망.",25.04.07,"['15년이내', '대형평수', '방네개이상', '화장실두개']",남서향,16011228.608330643
경기도,오산시,수청동,오산대역꿈에그린,매매,1305동,8/15,530000000,127.8,MOBL,"인테리어, 수목원 조망 잘 나오는 집",25.04.17,"['15년이내', '방세개', '화장실두개', '중층']",남동향,13709437.010954617
경기도,오산시,수청동,오산대역꿈에그린,매매,1308동,4/15,505000000,127.8,OWNER,"세련된 주방인테리어, 가전옵션있어요. 가을입주",25.04.18,"['15년이내', '방세개', '화장실두개', '세대당 1.5대이상']",남동향,13062765.453834116
경기도,오산시,수청동,오산대역꿈에그린,매매,1310동,1/15,550000000,127.8,OWNER,,25.04.18,"['15년이내', '1층', '방세개', '화장실두개']",남동향,14226774.256651018
경기도,오산시,수청동,오산대역꿈에그린,매매,1306동,1/15,470000000,127.8,OWNER,"남서향 1층 공기좋은 숲세권,역세권아파트",25.04.18,"['15년이내', '1층', '방세개', '화장실두개']",남서향,12157425.273865417
경기도,오산시,수청동,오산대역꿈에그린,매매,1306동,9/15,500000000,127.8,OWNER,전원풍의 풍요로움.오산대역세권.수청초가 바로옆.일조권 굿,25.04.17,"['15년이내', '방세개', '화장실두개', '중층']",남서향,12933431.142410016
경기도,오산시,수청동,오산대역꿈에그린,매매,1306동,10/15,490000000,127.8,OWNER,"즉시입주할수있는깨끗한집 0연중,무휴0TEL 376 26공공",25.04.17,"['15년이내', '방세개', '화장실두개', '중층']",남서향,12674762.519561816
경기도,오산시,수청동,오산대역꿈에그린,매매,1304동,9/15,530000000,127.8,NDOC1,"조망권좋음,주인거주,관리잘된집,정상입주",25.04.17,"['15년이내', '방세개', '화장실두개', '중층']",남서향,13709437.010954617
경기도,오산시,수청동,오산대역꿈에그린,매매,1301동,13/13,590000000,127.8,OWNER,"귀한탑층복층,고인돌공원뷰,주인거주깨끗",25.04.17,"['15년이내', '복층', '탑층', '방세개']",남서향,15261448.748043818
경기도,오산시,수청동,오산대역꿈에그린,매매,1303동,15/15,700000000,127.8,OWNER,넓은 다락.전망과 햇살가득 따뜻한 하우스.교통의중심.초품아.매우깨끗,25.04.14,"['15년이내', '탑층', '방세개', '화장실두개']",남동향,18106803.599374022
경기도,오산시,수청동,오산대역꿈에그린,매매,1305동,14/15,540000000,127.8,OWNER,,25.04.03,"['15년이내', '방세개', '화장실두개', '고층']",남서향,13968105.633802816
경기도,오산시,수청동,오산대역꿈에그린,매매,1307동,중/15,540000000,127.8,OWNER,,25.04.07,"['15년이내', '방세개', '화장실두개', '중층']",남동향,13968105.633802816
경기도,오산시,수청동,오산대역꿈에그린,매매,1308동,15/15,550000000,127.8,OWNER,"수목원 조망, 넓은 다락, 높은 층고",25.03.29,"['15년이내', '탑층', '방세개', '화장실두개']",남동향,14226774.256651018
경기도,오산시,수청동,오산대역꿈에그린,매매,1301동,저/13,490000000,127.8,OWNER,"남서향 채광우수 가격조정가능0연중,무휴0 TEL 376 26공공",25.04.02,"['15년이내', '방세개', '화장실두개', '세대당 1.5대이상']",남서향,12674762.519561816
경기도,오산시,수청동,오산대역꿈에그린,매매,1302동,13/13,570000000,127.8,OWNER,"남서향 다락방있어요 절충가능함0연중,무휴0 TEL376 26공공",25.03.24,"['15년이내', '복층', '탑층', '방세개']",남서향,14744111.502347419
경기도,오산시,수청동,오산대역꿈에그린,매매,1304동,중/15,500000000,127.8,OWNER,"빠른입주가능 해잘드는집 0연중,무휴0TEL376 26공공",25.03.24,"['15년이내', '방세개', '화장실두개', '중층']",남서향,12933431.142410016
경기도,오산시,수청동,오산대역꿈에그린,매매,1302동,중/13,550000000,127.8,OWNER,"확트인전망으로 깔끔한집 0연중,무휴0TEL376 26공공",25.03.24,"['15년이내', '방세개', '화장실두개', '중층']",남서향,14226774.256651018
경기도,오산시,수청동,오산대역엘크루,매매,1901동,2/21,480000000,112.55,OWNER,,25.04.18,"['15년이내', '방세개', '화장실두개', '세대당1대']",남서향,14098416.703687252
경기도,오산시,수청동,오산대역엘크루,매매,1901동,4/21,440000000,112.55,OWNER,"급매,세안고매매,33펑,집상태깨끗,확트인뷰,채광굿",25.04.17,"['15년이내', '급매', '방세개', '화장실두개']",남동향,12923548.645046648
경기도,오산시,수청동,오산대역엘크루,매매,1901동,14/21,530000000,112.55,OWNER,주인거주로 관리잘된집. 남서향 탁트인전면뷰. 오산대역초역세권,25.04.16,"['15년이내', '방세개', '화장실두개', '중층']",남서향,15567001.776988005
경기도,오산시,수청동,오산대역엘크루,매매,1901동,18/21,530000000,112.55,OWNER,조용한 단지조망 남서향 고층. 일조권 조망권 좋아요. 정상입주협,25.04.15,"['15년이내', '방세개', '화장실두개', '고층']",남서향,15567001.776988005
경기도,오산시,수청동,오산대역엘크루,매매,1901동,10/21,510000000,112.55,OWNER,탁트인 전망  햇살 좋은 집 인테리어 깔끔,25.04.14,"['15년이내', '방세개', '화장실두개', '중층']",남서향,14979567.747667704
경기도,오산시,수청동,오산대역엘크루,매매,1907동,고/21,470000000,112.55,OWNER,"즉시입주, 깨끗한집,초역세권,초중고인접,필봉터널개통예정,점유개정가능",25.04.04,"['15년이내', '방세개', '화장실두개', '고층']",남서향,13804699.6890271
경기도,오산시,수청동,오산대역엘크루,매매,1902동,6/22,460000000,112.03,OWNER,세안고매매. 예쁜 단지조망의 일조권좋은 남서향,25.04.16,"['15년이내', '방세개', '화장실두개', '세대당1대']",남서향,13573695.438721772
경기도,오산시,수청동,오산대역엘크루,매매,1903동,13/22,480000000,112.03,OWNER,"조망굿최고,주인거주 집상태깨끗,식기세척기,붙박이장",25.04.15,"['15년이내', '방세개', '화장실두개', '중층']",남서향,14163856.109970545
경기도,오산시,수청동,오산대역엘크루,매매,1904동,5/21,570000000,112.03,OWNER,필봉산조망과 단지조망이 동시에 가능한 전면동. 햇볓이 하루종일 들어와요,25.04.05,"['15년이내', '방세개', '화장실두개', '세대당1대']",남서향,16819579.13059002
경기도,오산시,수청동,오산대역엘크루,전세,1905동,1/17,300000000,112.01,OWNER,"입주날짜여유있음,정남향,출입구가까운 동,상가이용편리,최근에도배함.",25.04.19,"['15년이내', '1층', '방세개', '화장실두개']",남향,8853990.715114722
경기도,오산시,수청동,오산대역엘크루,매매,1906동,7/19,560000000,112.01,OWNER,주인거주 입주협의. 일조권 조망권 좋은 정남향. ,25.04.19,"['15년이내', '방세개', '화장실두개', '중층']",남향,16527449.334880816
경기도,오산시,수청동,오산대역엘크루,매매,1905동,2/17,480000000,112.01,OWNER,전면동 정남향. 저층이지만 사생활침해없고 일조권 조망권도 좋아요,25.04.19,"['15년이내', '방세개', '화장실두개', '세대당1대']",남향,14166385.144183554
경기도,오산시,수청동,오산대역엘크루,매매,1905동,14/17,470000000,112.01,OWNER,"입주협의,로얄동,층4베이정남향 인테리어중문,화장실,초역세권,초중고인접",25.04.19,"['15년이내', '방세개', '화장실두개', '고층']",남향,13871252.120346397
경기도,오산시,수청동,오산대역엘크루,매매,1905동,12/17,510000000,112.01,OWNER,"즉시입주,로얄동,층4베이정남향 인테리어중문,수납장,초역세권,초중고인",25.04.19,"['15년이내', '방세개', '화장실두개', '고층']",남향,15051784.215695025
경기도,오산시,수청동,오산대역엘크루,매매,1905동,5/17,730000000,112.01,OWNER,"막힘없는 전면동. 필봉터널 연내개통. 교통, 생활인프라 최고의 입지",25.04.18,"['15년이내', '방세개', '화장실두개', '세대당1대']",남향,21544710.74011249
경기도,오산시,수청동,오산대역엘크루,매매,1906동,18/19,600000000,112.01,OWNER,"전망좋은로얄층,즉시입주,역세권,초중고인접,필봉터널개통,중심상가이용편리",25.04.17,"['15년이내', '방세개', '화장실두개', '고층']",남향,17707981.430229444
경기도,오산시,수청동,오산대역엘크루,전세,1905동,16/17,300000000,112.01,OWNER,융무.구조짱.완전초역세권.초중고 코앞.교통과 생활의 중심.정남향.뻥뷰,25.04.16,"['15년이내', '융자금없는', '방세개', '화장실두개']",남향,8853990.715114722
경기도,오산시,수청동,오산대역엘크루,매매,1905동,13/17,730000000,112.01,OWNER,정남향 로얄층. 주인거주로  관리잘된집. 입주협,25.04.16,"['15년이내', '방세개', '화장실두개', '고층']",남향,21544710.74011249
경기도,오산시,수청동,오산대역엘크루,매매,1905동,8/17,500000000,112.01,OWNER,전면동 정남향 4베이구조 정상입주협의. 일조권 조망권 좋아요,25.04.16,"['15년이내', '방세개', '화장실두개', '중층']",남향,14756651.191857869
경기도,오산시,수청동,오산대역엘크루,매매,1905동,1/17,620000000,112.01,OWNER,전면동 정남향 1층. 1층이지만  일조권좋아요.,25.04.16,"['15년이내', '1층', '방세개', '화장실두개']",남향,18298247.477903757
경기도,오산시,수청동,오산대역엘크루,매매,1906동,고/19,485000000,112.01,NDOC1,세안고 매매 오산대역역세권 전망최고 내부상태양호,25.04.16,"['15년이내', '방세개', '화장실두개', '고층']",남향,14313951.656102134
경기도,오산시,수청동,오산대역엘크루,전세,1905동,8/17,300000000,112.01,OWNER,전면동 정남향 4베이구조 정상입주협의. 일조권 조망권 좋아요,25.04.08,"['15년이내', '방세개', '화장실두개', '중층']",남향,8853990.715114722
경기도,오산시,수청동,오산대역엘크루,매매,1906동,2/19,500000000,112.01,OWNER,"월세안고매매,정남향,저층이지만탁트인전망,공원뷰,중고교코앞",25.04.08,"['15년이내', '방세개', '화장실두개', '세대당1대']",남향,14756651.191857869
경기도,오산시,수청동,오산대역엘크루,매매,1906동,12/19,570000000,112.01,OWNER,"전망좋은로얄층,즉시협의,역세권,초중고인접,필봉터널개통,중심상가이용편리",25.04.04,"['15년이내', '방세개', '화장실두개', '중층']",남향,16822582.358717974
경기도,오산시,수청동,오산대역엘크루,매매,1906동,8/19,700000000,112.01,OWNER,정상입주협의. 정문 인접동. 로얄동 로얄츨 정남향 매물.,25.04.02,"['15년이내', '방세개', '화장실두개', '중층']",남향,20659311.668601017
경기도,오산시,수청동,오산대역엘크루,매매,1905동,1/17,620000000,112.01,OWNER,전면동 정남향 1층. 1층이지만  일조권좋아요.,25.04.02,"['15년이내', '1층', '방세개', '화장실두개']",남향,18298247.477903757
경기도,오산시,수청동,오산대역엘크루,매매,1906동,8/19,620000000,112.01,NONE,깨끗한주인세대 정상협의입주 정남향 로얄동,25.04.01,"['15년이내', '방세개', '화장실두개', '중층']",남향,18298247.477903757
경기도,오산시,수청동,오산대역엘크루,매매,1902동,21/22,470000000,111.85,OWNER,입주협의. 4베이 판상형 남서향 고층. 조망권 정말 좋아요,25.04.19,"['15년이내', '방세개', '화장실두개', '고층']",남서향,13891094.769780958
경기도,오산시,수청동,오산대역엘크루,매매,1904동,15/21,490000000,111.85,OWNER,세안고전면동 고층남서향. 조망권 일조권 좋아요. 생활인프라최고의 주거입지,25.04.18,"['15년이내', '방세개', '화장실두개', '고층']",남서향,14482205.185516318
경기도,오산시,수청동,오산대역엘크루,매매,1904동,11/21,520000000,111.85,OWNER,"입주협의,확트인전면동,오산대초역세권,로얄동,중심상가인접",25.04.17,"['15년이내', '방세개', '화장실두개', '중층']",남서향,15368870.809119359
경기도,오산시,수청동,오산대역엘크루,매매,1903동,고/22,470000000,111.85,OWNER,"확트인전망,오산대초역세권,정상입주,초중고인접,로얄층,중심상가인접",25.04.16,"['15년이내', '방세개', '화장실두개', '고층']",남서향,13891094.769780958
경기도,오산시,수청동,오산대역엘크루,매매,1904동,1/21,490000000,111.85,OWNER,입지최상 모든것이 갖추어진 아파트 수익률과시세차익,25.04.10,"['15년이내', '1층', '방세개', '화장실두개']",남서향,14482205.185516318
경기도,오산시,수청동,오산대역엘크루,매매,1903동,7/22,520000000,111.85,OWNER,세안고 매매. 26년 3월 입주가능. 전면 막힘없고 관리잘돼 깨끗해요,25.04.02,"['15년이내', '방세개', '화장실두개', '세대당1대']",남서향,15368870.809119359
경기도,오산시,수청동,오산대역엘크루,매매,1903동,9/22,500000000,111.85,OWNER,"오산대역세권,주인거주깨끗,탁트인전망,중고교코앞",25.03.27,"['15년이내', '방세개', '화장실두개', '중층']",남서향,14777760.393383998
경기도,오산시,수청동,오산대역엘크루,매매,1902동,저/22,450000000,111.85,OWNER,"정상입주,리모델링 확트인전망,4베이,오산대초역세권,",25.03.31,"['15년이내', '방세개', '화장실두개', '세대당1대']",남서향,13299984.354045598
경기도,오산시,수청동,오산대역엘크루,매매,1902동,3/22,460000000,110.98,OWNER,필봉산조망. 주인거주 입주협의. 오산대역초역세권의 생활인프라최고단지,25.04.19,"['15년이내', '방세개', '화장실두개', '세대당1대']",남동향,13702118.39971166
경기도,오산시,수청동,오산대역엘크루,매매,1902동,15/22,500000000,110.98,OWNER,"필봉산뷰, 투인원에어컨, 방2붙박이장설치, 입주 7월말부터9월말까지",25.04.19,"['15년이내', '방세개', '화장실두개', '고층']",남동향,14893606.956208326
경기도,오산시,수청동,오산대역엘크루,전세,1902동,15/22,320000000,110.98,OWNER,"필봉산뷰, 투인원에어컨, 방2붙박이장설치, 입주 7월말부터9월말까지",25.04.18,"['15년이내', '방세개', '화장실두개', '고층']",남동향,9531908.45197333
경기도,오산시,수청동,오산대역엘크루,매매,1903동,21/22,470000000,110.98,OWNER,25년 2월중순이후 입주협의.필봉산조밍. 오산대역초역세권. 초중고 학세권,25.04.18,"['15년이내', '방세개', '화장실두개', '고층']",남동향,13999990.538835825
경기도,오산시,수청동,오산대역엘크루,매매,1904동,11/21,610000000,110.98,OWNER,세안고 매매.올리모델링  오산대역 최고의 입지. 필봉산 조망,25.04.18,"['15년이내', '방세개', '화장실두개', '중층']",남동향,18170200.486574158
경기도,오산시,수청동,오산대역엘크루,매매,1902동,5/22,480000000,110.98,OWNER,세안고 매매. 26년1월 입주가능. 오산대역초역세권의 생활인프라최고,25.04.16,"['15년이내', '방세개', '화장실두개', '세대당1대']",남동향,14297862.677959992
경기도,오산시,수청동,오산대역엘크루,매매,1902동,15/22,520000000,110.98,OWNER,정상입주 또는 세안고 모두 가능. 주인거주 관리잘된집. 필봉산조망,25.04.15,"['15년이내', '방세개', '화장실두개', '고층']",남동향,15489351.23445666
경기도,오산시,수청동,오산대역엘크루,매매,1903동,19/22,580000000,110.98,OWNER,"즉시입주,전망굿,올인테리어,역세권,중심상가인접, 필봉터널 개통",25.04.14,"['15년이내', '방세개', '화장실두개', '고층']",남동향,17276584.06920166
경기도,오산시,수청동,오산대역엘크루,매매,1904동,고/21,550000000,110.98,OWNER,"정상입주,확트인전망,오산대초역세권,안심통학 초,중,고 인접",25.04.17,"['15년이내', '방세개', '화장실두개', '고층']",남동향,16382967.651829159
경기도,오산시,수청동,오산대역엘크루,매매,1902동,18/22,480000000,110.98,OWNER,주인거주 정상입주협의. 필봉산 조망. 오산대역초역세권의 편안한 주거단지,25.04.08,"['15년이내', '방세개', '화장실두개', '고층']",남동향,14297862.677959992
경기도,오산시,수청동,오산대역엘크루,월세,1904동,18/21,"5,000/130",110.98,OWNER,,25.04.08,"['15년이내', '방세개', '화장실두개', '고층']",남동향,
경기도,오산시,수청동,오산대역엘크루,매매,1903동,중/22,465000000,110.98,OWNER,"전세안고,오산대역세권,분당선연장호재,중고교코앞,필봉산전망",25.04.08,"['15년이내', '방세개', '화장실두개', '중층']",남동향,13851054.469273742
경기도,오산시,수청동,오산대역엘크루,매매,1903동,13/22,480000000,110.98,OWNER,"정상입주,전망굿,역세권,중심상가인접, 필봉터널 개통",25.03.31,"['15년이내', '방세개', '화장실두개', '중층']",남동향,14297862.677959992
경기도,오산시,수청동,오산대역엘크루,전세,1902동,저/22,300000000,110.98,OWNER,융무 필통터널이용편리 중심상가편리이용,25.04.02,"['15년이내', '방세개', '화장실두개', '세대당1대']",남동향,8936164.173724996
경기도,오산시,수청동,오산대역엘크루,매매,1904동,11/21,515000000,110.98,OWNER,전면동으로 남동향의 전망 좋고  햇살 좋은 집,25.03.24,"['15년이내', '방세개', '화장실두개', '중층']",남서향,15340415.164894575
경기도,오산시,수청동,오산대역엘크루,매매,1904동,4/21,530000000,110.98,OWNER,"정상입주,확트인전망,오산대초역세권,안심통학 초,중,고 인접",25.03.24,"['15년이내', '방세개', '화장실두개', '세대당1대']",남동향,15787223.373580826
경기도,오산시,수청동,오산대역엘크루,월세,1904동,8/21,"4,000/130",110.98,NONE,"도배,부분리모델링,오산대역역세권,중고교코앞,4월말부터입주",25.04.04,"['15년이내', '융자금없는', '방세개', '화장실두개']",남동향,
경기도,오산시,수청동,오산대역엘크루,매매,1907동,4/21,460000000,98.77,OWNER,"저층이지만  도원공원뷰가끝내주는 전면동 남서향, 주인거주로 관리잘된집",25.04.18,"['15년이내', '방세개', '화장실두개', '세대당1대']",남서향,15395981.573352233
경기도,오산시,수청동,오산대역엘크루,매매,1907동,16/21,580000000,98.77,OWNER,조용한 단지뷰. 주인거주로 관리잘된 깨끗한 집. 생활인프라 최고의 주거지,25.04.15,"['15년이내', '방세개', '화장실두개', '고층']",남동향,19412324.5924876
경기도,오산시,수청동,오산대역엘크루,매매,1907동,3/21,520000000,98.77,OWNER,"세안고 매매,필로티구조,층간소음 걱정없음.",25.04.14,"['15년이내', '필로티', '방세개', '화장실두개']",남동향,17404153.082919918
경기도,오산시,수청동,오산대역엘크루,매매,1907동,18/21,460000000,98.77,OWNER,"정상입주,전망 좋고 깨끗히 관리잘된 집,전면동탁트인집",25.04.14,"['15년이내', '방세개', '화장실두개', '고층']",남서향,15395981.573352233
경기도,오산시,수청동,오산대역엘크루,매매,1907동,9/21,450000000,98.77,OWNER,"세안고 매도,전망 좋고 깨끗히 관리잘된 집,전면동탁트인집",25.04.07,"['15년이내', '방세개', '화장실두개', '중층']",남서향,15061286.32175762
경기도,오산시,수청동,오산대역엘크루,매매,1901동,저/21,460000000,98.77,OWNER,"초역세권,주인거주 정상입주,안심통학초,중,고,올수리,중심상가인접",25.04.11,"['15년이내', '올수리', '방세개', '화장실두개']",남동향,15395981.573352233
경기도,오산시,수청동,오산대역엘크루,매매,1901동,14/21,480000000,98.77,OWNER,"초역세권,주인거주 정상입주,안심통학초,중,고,로얄층,중심상가인접",25.03.28,"['15년이내', '방세개', '화장실두개', '중층']",남서향,16065372.076541463
경기도,오산시,수청동,오산대역우미린,매매,105동,1/20,350000000,114.42,OWNER,초등학교 가까운 1층 매물입니다,25.04.18,"['25년이내', '1층', '방세개', '화장실두개']",남서향,10112084.862786226
경기도,오산시,수청동,오산대역우미린,매매,103동,18/20,340000000,114.42,OWNER,올확장 4월 입주 가능,25.04.14,"['25년이내', '방세개', '화장실두개', '고층']",남향,9823168.152420904
경기도,오산시,수청동,오산대역우미린,매매,104동,19/20,420000000,114.42,OWNER,"완전강추,확트인뻥뷰,친환경벽지,편백나무인테리어물향기수목원뷰쵝오,완전깨",25.04.12,"['25년이내', '방세개', '화장실두개', '고층']",남향,12134501.835343473
경기도,오산시,수청동,오산대역우미린,매매,103동,3/20,400000000,114.42,OWNER,올확장 올인테리어 주인거주하며 관리잘된 집,25.04.10,"['25년이내', '방세개', '화장실두개', '세대당1대']",남향,11556668.41461283
경기도,오산시,수청동,오산대역우미린,매매,105동,13/20,375000000,114.42,OWNER,물향기수목원이 보여요 확장형 집상태 양호해요,25.04.09,"['25년이내', '방세개', '화장실두개', '중층']",남서향,10834376.638699528
경기도,오산시,수청동,오산대역우미린,매매,105동,15/20,380000000,114.42,OWNER,물향기수목전경  세끼고 투자로도,25.04.08,"['25년이내', '방세개', '화장실두개', '고층']",남향,10978834.993882189
경기도,오산시,수청동,오산대역우미린,매매,103동,8/20,400000000,114.42,OWNER,올확장ok 일부인테리어ok 협의입주ok,25.04.08,"['25년이내', '방세개', '화장실두개', '중층']",남향,11556668.41461283
경기도,오산시,수청동,오산대역우미린,매매,104동,3/20,360000000,114.42,OWNER,역세권 컨디션 좋은 집.,25.04.08,"['25년이내', '방세개', '화장실두개', '세대당1대']",남향,10401001.573151547
경기도,오산시,수청동,오산대역우미린,매매,103동,13/20,340000000,114.42,OWNER,조용하고 아늑한단지뷰 채광좋은정남향  주인거주라관리잘된집  7월말입주협의,25.04.03,"['25년이내', '방세개', '화장실두개', '중층']",남향,9823168.152420904
경기도,오산시,수청동,오산대역우미린,매매,104동,7/20,380000000,114.42,DOC,오산대역세권 아파트  남향 입주협의,25.03.25,"['25년이내', '화장실두개', '방세개', '중층']",남향,10978834.993882189
경기도,오산시,수청동,오산대역우미린,월세,109동,9/18,"3,000/100",102.28,OWNER,확장형,25.04.15,"['25년이내', '방세개', '화장실두개', '중층']",남향,
경기도,오산시,수청동,오산대역우미린,매매,110동,15/15,425000000,102.28,OWNER,뷰좋은 탑층 신축아파트느낌인테리어 올확장,25.04.12,"['25년이내', '복층', '탑층', '방세개']",남향,13736396.411810717
경기도,오산시,수청동,오산대역우미린,매매,109동,14/18,380000000,102.28,OWNER,세안고매매.투자금1.2억.도배 장판 필름지 시공완료.,25.04.10,"['25년이내', '방세개', '화장실두개', '고층']",남향,12281954.438795464
경기도,오산시,수청동,오산대역우미린,매매,109동,10/18,380000000,102.28,OWNER,올인테리어 샷시 올확장 역세권 초품아 주인거주 입주협의가능해요,25.03.27,"['25년이내', '방세개', '화장실두개', '중층']",남향,12281954.438795464
경기도,오산시,수청동,오산대역우미린,매매,109동,4/18,370000000,102.28,OWNER,주인거주중인 올인테리어 올확장 된 우미린,25.03.24,"['25년이내', '방세개', '화장실두개', '세대당1대']",남향,11958745.111458741
경기도,오산시,수청동,오산대역우미린,매매,109동,4/18,330000000,102.28,DOC,역세권 매물로  빠른입주 가능합니다,25.03.31,"['25년이내', '방세개', '화장실두개', '세대당1대']",남향,10665907.802111851
경기도,오산시,수청동,오산대역우미린,매매,106동,4/17,290000000,87.6,OWNER,풀확장. 주인거주 매우 깨끗. 입주협의.남향으로 햇살가득 조용해요,25.04.17,"['25년이내', '방세개', '화장실두개', '세대당1대']",남향,10943808.78995434
경기도,오산시,수청동,오산대역우미린,월세,106동,3/17,"2,000/100",87.6,OWNER,기숙사 가능 오산대역 우미린 월세 즉시입주ok,25.04.17,"['25년이내', '융자금없는', '방세개', '화장실두개']",남향,
경기도,오산시,수청동,오산대역우미린,매매,106동,13/17,350000000,87.6,OWNER,올수리된 확장형의 입주물입니다,25.04.17,"['25년이내', '올수리', '방세개', '화장실두개']",남서향,13208045.091324203
경기도,오산시,수청동,오산대역우미린,매매,108동,14/17,320000000,87.6,OWNER,"로얄동, 로얄층, 올확장 수목원뷰",25.04.17,"['25년이내', '화장실두개', '방세개', '고층']",남향,12075926.94063927
경기도,오산시,수청동,오산대역우미린,매매,108동,3/17,320000000,87.6,NDOC1,"정남향, 조용하고 깨끗한집",25.04.17,"['25년이내', '방세개', '화장실두개', '세대당1대']",남향,12075926.94063927
경기도,오산시,수청동,오산대역우미린,매매,106동,15/17,320000000,87.6,OWNER,오산대역우미린 A타입 매도인이 임차인으로,25.04.14,"['25년이내', '방세개', '화장실두개', '고층']",남향,12075926.94063927
경기도,오산시,수청동,오산대역우미린,매매,108동,14/17,340000000,87.6,OWNER,수목원 조망 가능한 확장형으로 입주 가능합니다,25.04.14,"['25년이내', '방세개', '화장실두개', '고층']",남향,12830672.374429224
경기도,오산시,수청동,오산대역우미린,매매,108동,9/17,300000000,87.6,OWNER,로얄동.로얄층.남향.깨끗하고밝고환한집.역세권.,25.04.14,"['25년이내', '방세개', '화장실두개', '중층']",남향,11321181.506849317
경기도,오산시,수청동,오산대역우미린,매매,101동,18/18,330000000,87.6,OWNER,"탑층 확장형 층간소음없는집 0연중,무휴0TEL 376 26공공",25.04.11,"['25년이내', '탑층', '방세개', '화장실두개']",남향,12453299.657534247
경기도,오산시,수청동,오산대역우미린,매매,102동,2/17,330000000,87.6,OWNER,"역세권,숲세권,확장형, 리모델링 되어 깨끗합니다.",25.04.11,"['25년이내', '방세개', '화장실두개', '세대당1대']",남서향,12453299.657534247
경기도,오산시,수청동,오산대역우미린,매매,102동,16/17,310000000,87.6,OWNER,꼭대기층 바로밑 전망좋은집 올확장 주인거주중 부분수리,25.04.10,"['25년이내', '탑층', '방세개', '화장실두개']",남향,11698554.223744294
경기도,오산시,수청동,오산대역우미린,매매,106동,15/17,300000000,87.6,OWNER,실입주 가능  오산대역 우미린아파트,25.04.10,"['25년이내', '방세개', '화장실두개', '고층']",남향,11321181.506849317
경기도,오산시,수청동,오산대역우미린,매매,108동,11/17,330000000,87.6,OWNER,,25.04.10,"['25년이내', '방세개', '화장실두개', '중층']",남향,12453299.657534247
경기도,오산시,수청동,오산대역우미린,매매,108동,4/17,350000000,87.6,OWNER,전망좋은집.A타입.비확장형.입주협의가능.,25.04.09,"['25년이내', '방세개', '화장실두개', '세대당1대']",남향,13208045.091324203
경기도,오산시,수청동,오산대역우미린,매매,101동,13/18,320000000,87.6,OWNER,확장형 씽크대 교체 되었어요,25.04.08,"['25년이내', '방세개', '화장실두개', '고층']",남향,12075926.94063927
경기도,오산시,수청동,오산대역우미린,매매,108동,7/17,340000000,87.6,OWNER,부분 수리된 확장형의 입주물입니다,25.04.08,"['25년이내', '방세개', '화장실두개', '중층']",남서향,12830672.374429224
경기도,오산시,수청동,오산대역우미린,매매,106동,11/17,320000000,87.6,OWNER,좋은층 정상입주 협의입주가능,25.04.08,"['25년이내', '방세개', '화장실두개', '중층']",남향,12075926.94063927
경기도,오산시,수청동,오산대역우미린,매매,108동,17/17,330000000,87.6,OWNER,,25.04.08,"['25년이내', '복층', '탑층', '방세개']",남향,12453299.657534247
경기도,오산시,수청동,오산대역우미린,매매,102동,4/17,298000000,87.6,OWNER,집주인거주로 협의입주,25.04.08,"['25년이내', '방세개', '화장실두개', '세대당1대']",남향,11245706.963470321
경기도,오산시,수청동,오산대역우미린,매매,108동,4/17,340000000,87.6,OWNER,주인거주중 비확장형,25.04.08,"['25년이내', '방세개', '화장실두개', '세대당1대']",남향,12830672.374429224
경기도,오산시,수청동,오산대역우미린,매매,108동,2/17,290000000,87.6,OWNER,2층이지만 1층이 관리사무소라 아이들과 살기 좋아요,25.04.08,"['25년이내', '방세개', '화장실두개', '세대당1대']",남향,10943808.78995434
경기도,오산시,수청동,오산대역우미린,매매,102동,15/17,330000000,87.6,DOC,공실 확장형 방3 화2  숲속가까이,25.04.14,"['25년이내', '방세개', '화장실두개', '고층']",남향,12453299.657534247
경기도,오산시,수청동,오산대역우미린,매매,108동,15/17,340000000,87.6,OWNER,로얄동 로얄층 수목원 뻥뷰ok 올확장ok 올인테리어ok,25.03.29,"['25년이내', '방세개', '화장실두개', '고층']",남향,12830672.374429224
경기도,오산시,수청동,오산대역우미린,매매,106동,9/17,290000000,87.6,OWNER,실입주가능 주인거주중인 관리잘된 집,25.03.27,"['25년이내', '방세개', '화장실두개', '중층']",남향,10943808.78995434
경기도,오산시,수청동,오산대역우미린,매매,101동,3/18,310000000,87.6,DOC,지하주차장 연결 엘리베이터 있는 101동,25.04.05,"['25년이내', '화장실두개', '방세개', '세대당1대']",남향,11698554.223744294
경기도,오산시,수청동,오산대역우미린,월세,102동,5/17,"3,000/90",87.6,OWNER,오산대역우미린 올확장 월세,25.03.24,"['25년이내', '방세개', '화장실두개', '세대당1대']",남향,
경기도,오산시,수청동,오산대역우미린,매매,108동,16/17,330000000,87.6,OWNER,로얄동 로얄층 즉시입주,25.03.24,"['25년이내', '방세개', '화장실두개', '고층']",남향,12453299.657534247
경기도,오산시,수청동,오산대역우미린,매매,106동,4/17,290000000,87.6,DOC,확장형입니다,25.04.01,"['25년이내', '방세개', '화장실두개', '세대당1대']",남서향,10943808.78995434
경기도,오산시,수청동,오산대역우미린,매매,107동,3/18,300000000,86.86,OWNER,오산대역 우미린 거실넓은 B타입,25.04.14,"['25년이내', '방두개', '화장실한개', '세대당1대']",남향,11417631.821321668
경기도,오산시,수청동,오산대역우미린,매매,107동,13/18,300000000,86.86,OWNER,주인거주중 깔끔하게 관리된 B타입,25.04.14,"['25년이내', '방두개', '화장실한개', '고층']",남향,11417631.821321668
경기도,오산시,수청동,오산대역우미린,매매,107동,5/18,320000000,86.86,OWNER,관리잘된 우미린 B타입 중간층,25.04.11,"['25년이내', '방두개', '화장실한개', '중층']",남향,12178807.276076445
경기도,오산시,수청동,오산대역우미린,매매,107동,18/18,295000000,86.86,OWNER,우미 방2개 큰거실 B타입 수리된 탑층,25.04.08,"['25년이내', '탑층', '방두개', '화장실한개']",남향,11227337.957632974
경기도,오산시,수청동,오산대역우미린,매매,107동,18/18,300000000,86.86,OWNER,복층 B타입 탑층 매매 실입주가능,25.04.08,"['25년이내', '복층', '탑층', '방두개']",남향,11417631.821321668
경기도,오산시,수청동,오산대역우미린,매매,107동,9/18,310000000,86.86,OWNER,오산대역우미린  인테리어된집,25.04.08,"['25년이내', '방두개', '화장실한개', '중층']",남향,11798219.548699057
경기도,오산시,수청동,오산대역우미린,매매,107동,10/18,300000000,86.86,OWNER,주인거주중 관리잘된 우미린,25.04.03,"['25년이내', '방두개', '화장실한개', '중층']",남향,11417631.821321668
경기도,오산시,수청동,오산대역우미린,매매,107동,7/18,300000000,86.86,DOC,세끼고 매매 인테리어ok,25.04.07,"['25년이내', '방두개', '화장실한개', '중층']",남향,11417631.821321668
경기도,오산시,수청동,오산대우,매매,110동,중/11,430000000,122.44,OWNER,오산대역역세권 방4 숲을 마주한집 투자추천,25.04.11,"['25년이상', '대단지', '방네개이상', '화장실두개']",남향,11609666.367200263
경기도,오산시,수청동,오산대우,매매,110동,7/11,430000000,122.44,OWNER,"최적의 힐링하우스, 초품아 역세권 단지",25.04.04,"['25년이상', '대단지', '방네개이상', '화장실두개']",남향,11609666.367200263
경기도,오산시,수청동,오산대우,매매,110동,7/11,430000000,122.44,NONE,37 방4 구조로 다자녀 가족 추천매물,25.04.14,"['25년이상', '대단지', '방네개이상', '화장실두개']",남향,11609666.367200263
경기도,오산시,수청동,오산대우,매매,108동,15/15,310000000,110.82,OWNER,"33P, 초초급매물, 협의입주가능, 투자 목적으로도 좋음, 재건축예정",25.04.12,"['25년이상', '대단지', '급매', '탑층']",남향,9247368.25482765
경기도,오산시,수청동,오산대우,매매,107동,중/14,420000000,110.82,OWNER,수리하여 깨끗 주인거주 지분높음,25.04.16,"['25년이상', '대단지', '방세개', '화장실두개']",남향,12528692.474282622
경기도,오산시,수청동,오산대우,매매,107동,고/14,360000000,110.82,OWNER,주인거주 깨끗하게 관리 입주 투자가능,25.04.09,"['25년이상', '대단지', '방세개', '화장실두개']",남향,10738879.263670819
경기도,오산시,수청동,오산대우,매매,107동,12/14,350000000,110.82,DOC,수리되어 깨끗한집 세끼고 매매,25.04.07,"['25년이상', '대단지', '방세개', '화장실두개']",남향,10440577.061902186
경기도,오산시,수청동,오산대우,매매,107동,14/14,400000000,110.82,DOC,층간소음 없고 전망 좋은 라인입니다. 가격 절충 가능,25.04.07,"['25년이상', '대단지', '탑층', '방세개']",남서향,11932088.070745355
경기도,오산시,수청동,오산대우,매매,107동,10/14,350000000,110.82,DOC,전철역 500m 조망 좋은 로얄층 재건축 추진 중 아파트 급매,25.04.04,"['25년이상', '대단지', '급매', '방세개']",남향,10440577.061902186
경기도,오산시,수청동,오산대우,월세,111동,15/15,"2,000/85",102.96,OWNER,올수리되어 깨끗한집 층간소음걱정없어요 협의입주가,25.04.19,"['25년이상', '융자금없는', '올수리', '대단지']",남향,
경기도,오산시,수청동,오산대우,매매,111동,1/15,350000000,102.96,OWNER,층간소음걱정무 깨끗 주인거주로 협의입주가능.,25.04.19,"['25년이상', '대단지', '1층', '방세개']",남향,11237614.121989124
경기도,오산시,수청동,오산대우,매매,111동,5/15,340000000,102.96,OWNER,"맨앞동 로얄층 전망굿,협의입주,갭투시 환영,지분많은 역세권 아파트",25.04.15,"['25년이상', '대단지', '방세개', '화장실두개']",남향,10916539.432789436
경기도,오산시,수청동,오산대우,매매,115동,9/15,360000000,102.96,OWNER,31올수리 갭투자 가능 매물 뷰맛집,25.04.10,"['25년이상', '올수리', '대단지', '방세개']",남향,11558688.811188811
경기도,오산시,수청동,오산대우,월세,115동,저/15,"2,000/85",102.96,OWNER,오산대역근교 인테리어되어 깔끔하며 생활궘 및 환경조건이 좋은 단지입니다,25.04.16,"['25년이상', '융자금없는', '대단지', '방세개']",남향,
경기도,오산시,수청동,오산대우,매매,112동,4/15,340000000,102.96,OWNER,"수리되어 깨끗,착한금액 급매물,실입주가능,갭투환영",25.04.08,"['25년이상', '대단지', '급매', '방세개']",남향,10916539.432789436
경기도,오산시,수청동,오산대우,매매,112동,15/15,350000000,102.96,OWNER,31층간소음해방 재건축 분당선연장등 호재 ,25.04.03,"['25년이상', '대단지', '탑층', '방세개']",남향,11237614.121989124
경기도,오산시,수청동,오산대우,매매,115동,5/15,360000000,102.96,OWNER,31.방3욕2베2.역세권.중층.남향.수리깨끗.주인거주.빠른입주,25.03.27,"['25년이상', '대단지', '화장실두개', '방세개']",남향,11558688.811188811
경기도,오산시,수청동,오산대우,월세,115동,저/15,"1,000/85",102.96,DOC,수리한 깨끗한집  빠른입주가능,25.04.07,"['25년이상', '융자금적은', '대단지', '방세개']",남향,
경기도,오산시,수청동,오산대우,매매,116동,저/15,345000000,102.96,OWNER,전면동으로 주인거주 입주가능 투자가능,25.03.26,"['25년이상', '대단지', '방세개', '화장실두개']",남향,11077076.777389279
경기도,오산시,수청동,오산대우,월세,103동,중/15,"2,000/80",93.75,OWNER,28 올수리 확장 정남향 채광굿 뷰맛집 로얄동 ,25.04.15,"['25년이상', '융자금없는', '올수리', '대단지']",남향,
경기도,오산시,수청동,오산대우,매매,102동,14/15,250000000,80,OWNER,급매 수리되어 깨끗한집 전세 승계 갭투.,25.04.18,"['25년이상', '대단지', '급매', '방두개']",남향,10330578.125
경기도,오산시,수청동,오산대우,매매,101동,1/15,270000000,80,OWNER,"외부샤시까지 올수리 완전깨끗,실입주가능,갭투환영",25.04.14,"['25년이상', '올수리', '대단지', '1층']",남향,11157024.375
경기도,오산시,수청동,오산대우,매매,101동,10/15,290000000,80,OWNER,24 로얄동 로얄층 수리잘된  갭투자 가능매물,25.04.10,"['25년이상', '대단지', '방두개', '화장실한개']",남향,11983470.625
경기도,오산시,수청동,오산대우,월세,101동,12/15,"1,000/70",80,OWNER,24.방2욕1베1.전면동.로얄층.뷰좋음.깨긋한집.빠른입주,25.04.09,"['25년이상', '융자금없는', '대단지', '화장실한개']",남향,
경기도,오산시,수청동,오산대우,월세,101동,11/15,"1,000/80",80,DOC,"전면동 로얄층 ,전망굿 ,수리되어 깔끔,즉시입주",25.04.19,"['25년이상', '대단지', '방두개', '화장실한개']",남향,
경기도,오산시,수청동,오산대우,매매,105동,저/15,280000000,80,OWNER,수리깨끗한 아파트입구가까운동 세끼고구입,25.04.11,"['25년이상', '대단지', '방두개', '화장실한개']",남향,11570247.5
경기도,오산시,수청동,오산대우,전세,104동,저/15,150000000,80,DOC,엘에치 및 전세대출 가능하며 생활권 굿 및 오산대역 도보로 이동이 가능함,25.04.16,"['25년이상', '융자금없는', '대단지', '방두개']",남향,6198346.875
경기도,오산시,수청동,오산대우,월세,102동,저/15,1억/30,80,DOC,24 샷시포함 올수리후 입주 보증금조정가능,25.04.16,"['25년이상', '융자금없는', '올수리', '대단지']",남향,
경기도,오산시,수청동,오산대우,월세,102동,저/15,"5,000/50",80,NONE,24 올수리 보증보험가입가능 조용하고 쾌적한 집,25.04.15,"['25년이상', '융자금없는', '올수리', '대단지']",남향,
경기도,오산시,수청동,오산대우,매매,101동,1/15,270000000,80,NONE,"24,맨앞동, 올수리해서 깨끗, 리모델링됨, 즉시입주가능",25.04.01,"['25년이상', '올수리', '대단지', '1층']",남향,11157024.375
경기도,오산시,수청동,오산대우,월세,114동,12/15,"1,000/70",74.57,OWNER,수리되어 깨끗한집 빠른입주및 협의입주가,25.04.16,"['25년이상', '대단지', '방두개', '화장실한개']",남향,
경기도,오산시,수청동,오산대우,매매,114동,2/15,230000000,74.57,OWNER,"최저가 급매물 착한금액,수리되어 깔끔한집,지분많은 역세권 아파트",25.04.14,"['25년이상', '대단지', '급매', '방두개']",남향,10196198.87354164
경기도,오산시,수청동,오산대우,매매,114동,12/15,255000000,74.57,OWNER,22.방2욕1베1.전세끼고.남향.수리되어.깔끔한.집,25.04.14,"['25년이상', '대단지', '화장실한개', '방두개']",남향,11304481.359796166
경기도,오산시,수청동,오산대우,매매,114동,15/15,250000000,74.57,OWNER,22샷시포함올수리 주인거주 층간소음없음 뷰맛집,25.04.03,"['25년이상', '올수리', '대단지', '탑층']",남향,11082824.862545261
경기도,오산시,수청동,오산대우,매매,114동,고/15,255000000,74.57,OWNER,주인거주 중문 화장실 씽크대 수리되어 깨끗한집,25.04.09,"['25년이상', '대단지', '방두개', '화장실한개']",남향,11304481.359796166
경기도,오산시,수청동,오산대우,매매,113동,2/15,150000000,45.7,OWNER,13 초꿀매물 소액 갭투자 가능 취득세중과제외물건,25.04.19,"['25년이상', '대단지', '소형평수', '방두개']",남향,10850497.811816193
경기도,오산시,수청동,오산대우,매매,113동,3/15,160000000,45.7,OWNER,수리되어 깔끔 실입주가능 갭투환영 착한금액 중과세제외물건,25.04.18,"['25년이상', '대단지', '소형평수', '방두개']",남향,11573864.332603939
경기도,오산시,수청동,오산대우,매매,113동,11/15,170000000,45.7,OWNER,13소액투자가능 로얄층 재건축호재,25.04.15,"['25년이상', '대단지', '소형평수', '방두개']",남향,12297230.853391685
경기도,오산시,수청동,오산대우,매매,113동,10/15,185000000,45.7,OWNER,역세권 깨끗 적은금액으로 투자가능,25.04.11,"['25년이상', '대단지', '소형평수', '방두개']",남향,13382280.634573303
경기도,오산시,수청동,오산대우,매매,113동,중/15,180000000,45.7,OWNER,13.방2욕1.소형평형.오산대역.부분수리.전세끼고.투자추천,25.04.14,"['25년이상', '대단지', '화장실한개', '소형평수']",남향,13020597.37417943
경기도,오산시,수청동,오산대우,매매,113동,저/15,160000000,45.7,OWNER,"13취득세중과제외 재건축,분당선연장호재 투자강추매물",25.04.10,"['25년이상', '대단지', '소형평수', '방두개']",남향,11573864.332603939
경기도,오산시,수청동,오산대우,매매,113동,2/15,150000000,45.7,NONE,13 초꿀매물 소액 갭투자 가능 취득세중과제외물건,25.04.11,"['25년이상', '대단지', '소형평수', '방두개']",남향,10850497.811816193
경기도,오산시,수청동,오산대우,매매,113동,3/15,160000000,45.7,NONE,"13P, 소형평수 투자목적으로 좋음, 실거주도 가능, 협의입주가능",25.04.01,"['25년이상', '대단지', '소형평수', '방두개']",남향,11573864.332603939
경기도,오산시,수청동,오산대우,매매,113동,저/15,160000000,45.7,NONE,"13취득세중과제외 재건축,분당선연장호재 투자강추매물",25.03.22,"['25년이상', '대단지', '소형평수', '방두개']",남향,11573864.332603939
경기도,오산시,수청동,호반써밋라테라스,매매,106동,1/4,950000000,188.31,OWNER,복층내화장실  테라스와 집도 넓은58형 예쁜집,25.04.18,"['2년이내', '테라스', '1층', '복층']",남향,16677264.882374808
경기도,오산시,수청동,호반써밋라테라스,매매,105동,1/4,1100000000,188.31,OWNER,"T1층,신축테라스하우스,젤큰평수 ,풀옵션,시스템에어컨,폴리싱타일,인덕션등",25.04.17,"['2년이내', '테라스', '1층', '화장실세개']",남향,19310517.232223462
경기도,오산시,수청동,호반써밋라테라스,매매,106동,1/4,1050000000,188.31,OWNER,"복층형,광폭테라스,최고급인테리어,시에어컨,관리잘된집",25.04.17,"['2년이내', '테라스', '1층', '복층']",남향,18432766.448940575
경기도,오산시,수청동,호반써밋라테라스,매매,105동,1/4,1050000000,188.31,OWNER,티층매매 어닝외 옵션많이한집  복층구조 오산대역 수청초 홈플 인접,25.04.07,"['2년이내', '1층', '복층', '대형평수']",남향,18432766.448940575
경기도,오산시,수청동,호반써밋라테라스,매매,105동,1/4,1050000000,188.31,DOCV2,옵션 좋은 T층 초급매,25.04.05,"['2년이내', '1층', '복층', '급매']",남향,18432766.448940575
경기도,오산시,수청동,호반써밋라테라스,매매,107동,1/4,950000000,188.31,DOC,테라스1층 내부계단 아래층 이사협의,25.03.24,"['2년이내', '테라스', '1층', '대형평수']",남향,16677264.882374808
경기도,오산시,수청동,호반써밋라테라스,매매,106동,2/4,950000000,148.62,OWNER,거실안방테라스뷰구조 주인거주 시에4 고급주방 드레스룸등 ,25.04.18,"['2년이내', '테라스', '대형평수', '방세개']",남향,21131043.93755888
경기도,오산시,수청동,호반써밋라테라스,매매,105동,2/4,930000000,148.62,OWNER,"입주때부터 신혼부부거주, 입주당시그대로,전체시스템, 중문등설치됨",25.04.18,"['2년이내', '대형평수', '방세개', '화장실두개']",남향,20686179.8546629
경기도,오산시,수청동,호반써밋라테라스,매매,104동,2/4,920000000,148.62,OWNER,"최고급 인테리어로 예쁜 집, 시스템에어컨 FULL, 폴리싱타일, 테라스",25.04.12,"['2년이내', '테라스', '대형평수', '화장실두개']",남향,20463747.81321491
경기도,오산시,수청동,호반써밋라테라스,매매,103동,2/4,920000000,148.62,OWNER,학교인접 3층같은 2층 시스템 현관팬트리 드레스룸,25.04.10,"['2년이내', '대형평수', '방세개', '화장실두개']",남향,20463747.81321491
경기도,오산시,수청동,호반써밋라테라스,매매,107동,2/4,890000000,148.62,OWNER,실사진.시에5대. 고급주방. 주방팬트리. 현관팬트리. 복도팬트리등,25.04.07,"['2년이내', '대형평수', '방세개', '화장실두개']",남향,19796451.688870948
경기도,오산시,수청동,호반써밋라테라스,매매,105동,2/4,980000000,148.62,OWNER,3년차 신축컨디션 유지중인 풀옵션 이태리고급 가구세대,25.03.24,"['2년이내', '대형평수', '방세개', '화장실두개']",남향,21798340.06190284
경기도,오산시,수청동,호반써밋라테라스,매매,106동,4/4,900000000,138.88,OWNER,"탑층복층구조 옥탑방,고급테라스,남향,채광좋음,매.물.접.수.받아요",25.04.21,"['2년이내', '테라스', '복층', '대형평수']",남향,21422857.862903226
경기도,오산시,수청동,호반써밋라테라스,매매,105동,4/4,910000000,138.88,OWNER,42형복층 정원꾸미기좋은 넓은옥상 수목원앞 옵션7000만,25.04.18,"['2년이내', '마당', '복층', '대형평수']",남향,21660889.616935488
경기도,오산시,수청동,호반써밋라테라스,매매,105동,4/4,920000000,138.88,OWNER,복층구조 4층매매 옵션많이한집 전용옥상사용 오산대역앞 ,25.04.18,"['2년이내', '복층', '대형평수', '탑층']",남향,21898921.370967742
경기도,오산시,수청동,호반써밋라테라스,매매,106동,3/4,810000000,138.88,OWNER,"초급매,FULL옵션,시에컨5,중문,아일랜드식탁,팬트리,붙박이,화장대,냉장",25.04.12,"['2년이내', '급매', '대형평수', '방세개']",남향,19280572.076612905
경기도,오산시,수청동,호반써밋라테라스,매매,102동,4/4,1000000000,138.88,OWNER,조망 좋아요,25.04.09,"['2년이내', '대형평수', '탑층', '방세개']",남향,23803175.40322581
경기도,오산시,수청동,호반써밋라테라스,매매,110동,3/4,900000000,138.88,DOCV2,"내부 풀옵션, 전면동으로 조망 좋습니다.",25.04.14,"['2년이내', '대형평수', '방세개', '화장실두개']",남향,21422857.862903226
경기도,오산시,수청동,호반써밋라테라스,매매,107동,4/4,1000000000,138.88,OWNER, 예쁜인테리어 옥상인조잔디 복층매매 2층높이거실채광창 오산대역앞,25.04.04,"['2년이내', '복층', '대형평수', '탑층']",남향,23803175.40322581
경기도,오산시,수청동,호반써밋라테라스,매매,107동,4/4,1050000000,138.88,DOCV2,옵션 좋아요,25.04.08,"['2년이내', '대형평수', '탑층', '방세개']",남향,24993334.1733871
경기도,오산시,수청동,호반써밋라테라스,매매,109동,4/4,995000000,138.88,OWNER,복층매매 예쁜인테리어 전용옥상사용 2층높이거실채광창 오산대역앞,25.04.02,"['2년이내', '복층', '대형평수', '탑층']",남향,23684159.52620968
경기도,오산시,수청동,호반써밋라테라스,월세,110동,4/4,1억/220,138.88,OWNER,N. 추천. 정남향 탁월한 뷰. 복층 넓은 옥상 테라스.,25.03.25,"['2년이내', '테라스', '복층', '대형평수']",남향,
경기도,오산시,수청동,호반써밋라테라스,전세,110동,4/4,550000000,138.88,OWNER,N. 무융. 복층 넓은 테라스. 정남향 전면동 테라스 오브 테라스 최고,25.03.25,"['2년이내', '융자금없는', '테라스', '복층']",남향,13091746.471774194
경기도,오산시,수청동,호반써밋라테라스,매매,105동,1/4,850000000,138.85,OWNER,"급매,광폭테라스,시에어컨4,주방아일랜드,인덕션,현관팬트리,강마루,비데",25.04.12,"['2년이내', '테라스', '1층', '급매']",남향,20237070.579762336
경기도,오산시,수청동,호반써밋라테라스,매매,102동,1/4,900000000,138.85,OWNER,오산대역앞조망권좋은동 테라스면적만 약105㎡  유상옵션3500,25.04.08,"['2년이내', '테라스', '1층', '대형평수']",남향,21427486.496218946
경기도,오산시,수청동,호반써밋라테라스,월세,104동,1/4,"5,000/200",138.85,DOCV2,층간소음 자유한 아래층 없는 테라스 하우스 보증금 월세 전환가능,25.04.10,"['2년이내', '테라스', '1층', '대형평수']",남향,
경기도,오산시,수청동,호반써밋라테라스,매매,110동,1/4,900000000,138.85,DOCV2,앞동으로  햇빛 좋아요,25.03.24,"['2년이내', '1층', '대형평수', '방세개']",남향,21427486.496218946
경기도,오산시,수청동,호반써밋라테라스,매매,102동,4/4,920000000,138.79,OWNER,탑층    내부계단 옥탑방과 외부 옥상 사용하세요,25.04.16,"['2년이내', '대형평수', '탑층', '방세개']",남향,21913121.982851796
경기도,오산시,수청동,호반써밋라테라스,전세,104동,4/4,550000000,119.02,DOCV2,앞 조망 좋아요 이사협의,25.04.09,"['2년이내', '복층', '탑층', '방세개']",남향,15276270.7948244
경기도,오산시,양산동,늘푸른오스카빌,매매,107동,18/18,290000000,107.64,OWNER,"＇명품＇, 로얄동로얄층, 전체인테리어함. 입주협의",25.04.19,"['25년이내', '탑층', '방세개', '화장실두개']",남서향,8906332.683017466
경기도,오산시,양산동,늘푸른오스카빌,전세,105동,2/18,200000000,107.64,OWNER,수리.싱크대.중문.LED등.도배장판깨끗.입주일협의,25.04.18,"['25년이내', '융자금없는', '방세개', '화장실두개']",남향,6142298.402081012
경기도,오산시,양산동,늘푸른오스카빌,매매,106동,16/18,270000000,107.64,OWNER,"32. 화단정리, 에어컨제공가능, 붙박이장, 연락주시면 달려갑니다",25.04.15,"['25년이내', '방세개', '화장실두개', '고층']",남동향,8292102.842809365
경기도,오산시,양산동,늘푸른오스카빌,매매,105동,2/18,260000000,107.64,OWNER,수리.싱크대.중문.안방화장실.LED등.입주일협의,25.04.15,"['25년이내', '방세개', '화장실두개', '세대당1대']",남향,7984987.922705314
경기도,오산시,양산동,늘푸른오스카빌,매매,107동,1/18,300000000,107.64,OWNER,정상입주. 올수리한 예쁜 집. 1층으로 텃밭있어 전원주택 같음.,25.04.14,"['25년이내', '올수리', '1층', '방세개']",남서향,9213447.603121517
경기도,오산시,양산동,늘푸른오스카빌,매매,105동,17/18,290000000,107.64,DOCV2,"거실확장, 월세끼고매매,인덕션,식기세척기, 전기오븐",25.04.17,"['25년이내', '방세개', '화장실두개', '고층']",남향,8906332.683017466
경기도,오산시,양산동,늘푸른오스카빌,매매,104동,5/18,290000000,107.64,OWNER,,25.04.11,"['25년이내', '방세개', '화장실두개', '세대당1대']",남동향,8906332.683017466
경기도,오산시,양산동,늘푸른오스카빌,전세,104동,5/18,220000000,107.64,OWNER,,25.04.11,"['25년이내', '방세개', '화장실두개', '세대당1대']",남동향,6756528.242289112
경기도,오산시,양산동,늘푸른오스카빌,매매,105동,10/18,265000000,107.64,OWNER,"융자무, 거실확장, 남향,로얄층",25.04.10,"['25년이내', '방세개', '화장실두개', '중층']",남향,8138545.38275734
경기도,오산시,양산동,늘푸른오스카빌,매매,107동,13/18,300000000,107.64,OWNER,"31.로얄층,  숲을 정원처럼, 깨끗, 연락주시면 달려갑니다.",25.04.08,"['25년이내', '마당', '방세개', '화장실두개']",남향,9213447.603121517
경기도,오산시,양산동,늘푸른오스카빌,매매,104동,3/18,255000000,107.64,DOCV2,"집주인거주로깨끗,전원속의아파트",25.04.11,"['25년이내', '방세개', '화장실두개', '세대당1대']",남동향,7831430.462653289
경기도,오산시,양산동,늘푸른오스카빌,전세,101동,14/17,200000000,107.64,DOCV2,"거실확장, 현상태로서의임대임, 로얄층",25.04.11,"['25년이내', '방세개', '화장실두개', '고층']",남동향,6142298.402081012
경기도,오산시,양산동,늘푸른오스카빌,전세,101동,13/17,200000000,107.64,DOCV2,"거실비확장, 화단정리,붙박이장,도배.장판해주기로함,에어컨,인덕션두고감",25.04.11,"['25년이내', '방세개', '화장실두개', '고층']",남동향,6142298.402081012
경기도,오산시,양산동,늘푸른오스카빌,매매,107동,17/18,280000000,107.64,DOCV2,"전세낀매매, 거실,작은방확장,숲세권,화이트인테리어",25.04.04,"['25년이내', '방세개', '화장실두개', '고층']",남향,8599217.762913415
경기도,오산시,양산동,늘푸른오스카빌,매매,105동,12/18,280000000,107.64,DOCV2,"거실비확장, 로얄층,상태양호,화장실1개수리,등교체,주인거주",25.04.04,"['25년이내', '방세개', '화장실두개', '중층']",남향,8599217.762913415
경기도,오산시,양산동,늘푸른오스카빌,매매,101동,13/17,260000000,107.64,DOCV2,"앞뒤전망굿,집주인거주깨끗",25.04.03,"['25년이내', '방세개', '화장실두개', '고층']",남동향,7984987.922705314
경기도,오산시,양산동,늘푸른오스카빌,매매,107동,9/18,300000000,107.64,DOCV2,"로얄동,올인테리어,세마산힐링아파트",25.04.03,"['25년이내', '방세개', '화장실두개', '중층']",남서향,9213447.603121517
경기도,오산시,양산동,늘푸른오스카빌,매매,103동,6/18,330000000,107.64,DOC,전망 및 공기 좋고 가성비 좋은 아파트,25.04.07,"['25년이내', '방세개', '화장실두개', '세대당1대']",남향,10134792.363433668
경기도,오산시,양산동,늘푸른오스카빌,매매,102동,4/17,270000000,107.64,OWNER,"샷시교환,싱크대,화장실수리됨,집굿",25.03.26,"['25년이내', '욕실수리', '방세개', '화장실두개']",남동향,8292102.842809365
경기도,오산시,양산동,늘푸른오스카빌,매매,103동,18/18,285000000,107.64,OWNER,"샤씨, 안방화장실빼고인테리어함, 단열공사,다락방사용가능,항시",25.03.26,"['25년이내', '탑층', '방세개', '화장실두개']",남향,8752775.222965442
경기도,오산시,양산동,늘푸른오스카빌,매매,106동,4/18,260000000,107.64,DOC,"거실비확장, 보일러교체,등교체,앞이티어있음",25.04.04,"['25년이내', '보일러교체', '방세개', '화장실두개']",남동향,7984987.922705314
경기도,오산시,양산동,늘푸른오스카빌,매매,107동,14/18,270000000,107.64,DOC,"확트인전망, 로얄층,기본,가격조정불가",25.04.04,"['25년이내', '방세개', '화장실두개', '고층']",남향,8292102.842809365
경기도,오산시,양산동,늘푸른오스카빌,매매,107동,3/18,280000000,107.64,DOCV2,"부분적인 리모델링함거실,씽크대,화장실1개,남향,주인거주",25.03.28,"['25년이내', '방세개', '화장실두개', '세대당1대']",남향,8599217.762913415
경기도,오산시,양산동,늘푸른오스카빌,매매,106동,17/18,260000000,107.64,DOCV2,"월세2천70끼고매매, 급매, 보일러교체, 화단정리,거실비확장",25.03.28,"['25년이내', '보일러교체', '급매', '방세개']",남동향,7984987.922705314
경기도,오산시,양산동,늘푸른오스카빌,전세,106동,3/18,200000000,107.64,DOCV2,"융자무, 거실확장, 보일러교체, 도배, 상태깨끗,앞이티어있음",25.03.28,"['25년이내', '융자금없는', '보일러교체', '방세개']",남동향,6142298.402081012
경기도,오산시,양산동,늘푸른오스카빌,매매,107동,17/18,150000000,52.99,DOCV2,"월세3천30끼고매매, 전망짱, 보일러교체",25.03.28,"['25년이내', '보일러교체', '소형평수', '방한개']",남향,9357760.898282696
경기도,오산시,양산동,세마e편한세상,매매,122동,16/22,650000000,207.16,OWNER,"＇62＇  베란다있는구조,  판상형,  선호하는동,  입주협의",25.04.19,"['25년이내', '대단지', '대형평수', '방네개이상']",남동향,10372466.933771
경기도,오산시,양산동,세마e편한세상,월세,118동,11/22,1억/150,207.16,OWNER,"＇62＇, 회사확장, 판상형구조, 선호하는동, 빠른입주",25.04.17,"['25년이내', '대단지', '대형평수', '방네개이상']",남동향,
경기도,오산시,양산동,세마e편한세상,매매,122동,3/22,620000000,207.16,OWNER,62 판상기본형 주인거주로 깨끗이 관리 잘된집,25.04.17,"['25년이내', '대단지', '대형평수', '방네개이상']",남동향,9893737.690673877
경기도,오산시,양산동,세마e편한세상,전세,118동,11/22,380000000,207.16,OWNER,62 회사확장  판상형구조 입주협의 무융자조건,25.04.17,"['25년이내', '융자금없는', '대단지', '대형평수']",남동향,6063903.745896892
경기도,오산시,양산동,세마e편한세상,매매,110동,14/22,700000000,207.16,OWNER,"＇62＇  회사확장,  판상형구조,  전면동 , 전망굿,  입주협의",25.04.11,"['25년이내', '대단지', '대형평수', '방네개이상']",남동향,11170349.005599538
경기도,오산시,양산동,세마e편한세상,매매,122동,8/22,680000000,207.16,OWNER,62 확장 넓은 대형집 대리석 인테리어 ,25.04.01,"['25년이내', '대단지', '대형평수', '방네개이상']",남동향,10851196.176868122
경기도,오산시,양산동,세마e편한세상,매매,118동,12/22,700000000,207.16,OWNER,대단지 아파트 예쁜단지조경 로얄동 로얄층 세안고 매매,25.03.28,"['25년이내', '대단지', '대형평수', '방네개이상']",남동향,11170349.005599538
경기도,오산시,양산동,세마e편한세상,매매,118동,3/22,580000000,206.79,OWNER,"62형 베란다있는집, 단지조경이 정원같아요, 밝고 통풍잘되는집",25.04.18,"['25년이내', '마당', '대단지', '대형평수']",남동향,9271992.359398425
경기도,오산시,양산동,세마e편한세상,매매,118동,17/22,630000000,206.79,NDOC1,62A l 방4 욕실3 l 입주가능 l 회사확장,25.04.18,"['25년이내', '대단지', '화장실세개', '대형평수']",남향,10071302.04555346
경기도,오산시,양산동,세마e편한세상,매매,110동,22/22,630000000,206.79,OWNER,"＇62＇, 회사확장, 전망최고, 햇살좋은집, 입주협의",25.04.17,"['25년이내', '대단지', '대형평수', '탑층']",남동향,10071302.04555346
경기도,오산시,양산동,세마e편한세상,전세,110동,22/22,400000000,206.79,OWNER,"＇62＇, 회사확장, 전망최고, 햇살좋은집, 입주협의",25.04.17,"['25년이내', '대단지', '대형평수', '탑층']",남동향,6394477.489240292
경기도,오산시,양산동,세마e편한세상,전세,118동,3/22,380000000,206.79,OWNER,"＇62＇,  베란다 있는 구조, 정원 느낌의 뷰,  입주협의",25.04.17,"['25년이내', '마당', '대단지', '대형평수']",남동향,6074753.614778278
경기도,오산시,양산동,세마e편한세상,매매,127동,4/21,570000000,206.79,OWNER,"＇62＇,  베란다있는 구조,  정문이용 편리,  입주협의",25.04.11,"['25년이내', '대단지', '대형평수', '방네개이상']",남동향,9112130.422167417
경기도,오산시,양산동,세마e편한세상,매매,110동,4/22,590000000,206.79,OWNER,회사확장 62A 빛 잘드는 탁트인 뷰 ,25.04.11,"['25년이내', '대단지', '대형평수', '방네개이상']",남동향,9431854.296629433
경기도,오산시,양산동,세마e편한세상,매매,127동,20/21,630000000,206.79,OWNER,"62. 회사확장, 주인거주로 관리 잘된집, 연락주시면 달려갑니다",25.04.08,"['25년이내', '대단지', '대형평수', '방네개이상']",남동향,10071302.04555346
경기도,오산시,양산동,세마e편한세상,매매,127동,11/21,580000000,206.79,OWNER,62 회사확장 하루종일 빛이 좋으며 깨끗이 관리 잘된집,25.04.05,"['25년이내', '대단지', '대형평수', '방네개이상']",남동향,9271992.359398425
경기도,오산시,양산동,세마e편한세상,전세,127동,고/21,400000000,206.79,DOC,"＇62＇,  회사확장,  융무조건의전세,  정문이용편리,  햇볕잘들어요",25.04.18,"['25년이내', '대단지', '대형평수', '방네개이상']",남동향,6394477.489240292
경기도,오산시,양산동,세마e편한세상,월세,118동,3/22,"5,000/150",206.79,OWNER,"＇62＇, 베란다 있는구조, 정원느낌의뷰,  관리잘된집, 입주협의",25.03.26,"['25년이내', '마당', '대단지', '대형평수']",남동향,
경기도,오산시,양산동,세마e편한세상,매매,119동,16/22,550000000,171.42,OWNER,,25.04.18,"['25년이내', '대단지', '대형평수', '방네개이상']",남향,10606590.537860228
경기도,오산시,양산동,세마e편한세상,매매,119동,7/22,550000000,171.42,OWNER,"＇51＇  남향,  확장형, 인테리어,  햇살좋은집,  입주협의",25.04.17,"['25년이내', '대단지', '대형평수', '방네개이상']",남향,10606590.537860228
경기도,오산시,양산동,세마e편한세상,매매,119동,2/22,550000000,171.42,OWNER,"월드 l 51A l 필로티 l 거실, 안방 확장 l 봄마다 벚꽃 뷰",25.04.17,"['25년이내', '대단지', '필로티', '화장실두개']",남향,10606590.537860228
경기도,오산시,양산동,세마e편한세상,매매,120동,14/22,580000000,171.42,OWNER,51 빠른입주 가능 조용하고 동간격 넓어 개방감 있는집,25.04.17,"['25년이내', '대단지', '대형평수', '방네개이상']",남향,11185131.83992533
경기도,오산시,양산동,세마e편한세상,매매,121동,2/22,550000000,171.42,OWNER,"＇51＇,  회사확장,  남향,  피로티,  아이키우기 최고,  입주협의",25.04.16,"['25년이내', '대단지', '필로티', '대형평수']",남향,10606590.537860228
경기도,오산시,양산동,세마e편한세상,전세,120동,16/22,330000000,171.42,OWNER,,25.04.16,"['25년이내', '대단지', '대형평수', '방세개']",남향,6363954.322716136
경기도,오산시,양산동,세마e편한세상,매매,119동,20/22,630000000,171.42,NDOC1,"귀한평수,귀한라인,방3개,정남향,채광맛집,회사확장완료",25.04.11,"['25년이내', '대단지', '화장실두개', '대형평수']",남향,12149367.34336717
경기도,오산시,양산동,세마e편한세상,매매,120동,16/22,560000000,171.42,OWNER,"51회사확장형, 단지중앙에 위치 조용하고 뷰 시원,  관리잘된집",25.04.10,"['25년이내', '대단지', '대형평수', '방네개이상']",남향,10799437.638548596
경기도,오산시,양산동,세마e편한세상,매매,119동,7/22,520000000,171.42,NDOC1,"기본,베란다 있음,남 향,주인 전세 안고도 가능,전망 트여 좋아요",25.04.07,"['25년이내', '대단지', '대형평수', '방네개이상']",남향,10028049.235795124
경기도,오산시,양산동,세마e편한세상,매매,119동,3/22,600000000,171.42,OWNER,"회사확장 붙박이장3개, 부분인테리어 관리 잘 되어 있는 집입니다.",25.04.03,"['25년이내', '대단지', '대형평수', '방네개이상']",남향,11570826.041302066
경기도,오산시,양산동,세마e편한세상,매매,120동,8/22,550000000,171.42,OWNER,"＇51＇  남향,  거실,  작은방확장,  주인거주로 깨끗,  입주협의",25.04.01,"['25년이내', '대단지', '대형평수', '방네개이상']",남향,10606590.537860228
경기도,오산시,양산동,세마e편한세상,매매,128동,16/16,620000000,171.42,NDOC1,"51, 남향,회사확장,탑층.대중교통이용편리",25.03.24,"['25년이내', '대단지', '대형평수', '탑층']",남향,11956520.242678802
경기도,오산시,양산동,세마e편한세상,전세,120동,16/22,330000000,171.42,NONE,"즉시입주,남향,등교체,베란다타일시공,전체도배새로함,도어락교체",25.03.31,"['25년이내', '대단지', '대형평수', '방네개이상']",남향,6363954.322716136
경기도,오산시,양산동,세마e편한세상,매매,122동,14/22,525000000,170.78,OWNER,"＇51＇,  기본형구조,  전망나오고 선호하는동,  입주협의",25.04.14,"['25년이내', '대단지', '대형평수', '방네개이상']",남서향,10162414.363508608
경기도,오산시,양산동,세마e편한세상,매매,122동,12/22,560000000,170.78,OWNER,"＇51＇,  회사확장, 부분인테리어, 세끼고 매매 , 선호하는동",25.04.14,"['25년이내', '대단지', '대형평수', '방네개이상']",남서향,10839908.654409181
경기도,오산시,양산동,세마e편한세상,매매,127동,6/21,650000000,170.78,NDOC1,"51. 정문,버스정거장 가까운동, 초등학교인접 주인거주 융자없음",25.04.10,"['25년이내', '대단지', '대형평수', '방네개이상']",남동향,12582036.831010658
경기도,오산시,양산동,세마e편한세상,매매,118동,20/22,550000000,170.78,DOCV2,"회사확장유,올인테리어,집상태최고,추천매물",25.04.14,"['25년이내', '대단지', '대형평수', '방네개이상']",남서향,10646338.857009018
경기도,오산시,양산동,세마e편한세상,매매,122동,중/22,520000000,170.78,OWNER,,25.04.14,"['25년이내', '대단지', '대형평수', '방네개이상']",남서향,10065629.464808527
경기도,오산시,양산동,세마e편한세상,매매,110동,7/22,530000000,170.78,OWNER,"급매 베란다있는구조, 전면동앞뒤시원한 뷰, 관리잘된 집입니다.",25.04.04,"['25년이내', '대단지', '급매', '대형평수']",남서향,10259199.262208689
경기도,오산시,양산동,세마e편한세상,매매,110동,22/22,560000000,170.78,OWNER,월드 l 51B l 회사 확장 l 방 넓은 입주 가능한 집,25.03.29,"['25년이내', '대단지', '화장실두개', '대형평수']",남향,10839908.654409181
경기도,오산시,양산동,세마e편한세상,매매,116동,4/14,540000000,151.73,OWNER,"비확장형,초등학교 가까운 동,4월중순입주협의가능",25.04.19,"['25년이내', '대단지', '대형평수', '방네개이상']",남서향,11765134.778883545
경기도,오산시,양산동,세마e편한세상,월세,116동,4/14,"2,500/150",151.73,OWNER,"비확장형,초등학교 가까운 동,4월중순입주협의가능",25.04.19,"['25년이내', '대단지', '대형평수', '방네개이상']",남서향,
경기도,오산시,양산동,세마e편한세상,매매,109동,6/22,540000000,151.73,OWNER,"＇45＇,  회사확장,  남향,  판상형 구조,  햇살좋은집, 입주협의",25.04.18,"['25년이내', '대단지', '대형평수', '방네개이상']",남향,11765134.778883545
경기도,오산시,양산동,세마e편한세상,매매,111동,13/22,550000000,151.73,OWNER,급매 45 회사확장 확트인전망 전면동 판상형구조,25.04.18,"['25년이내', '대단지', '급매', '대형평수']",남서향,11983007.645159166
경기도,오산시,양산동,세마e편한세상,매매,109동,1/22,450000000,151.73,NDOC1,45 l 일부 확장 l 입주 가능한 집 l 정원 같은 뷰,25.04.18,"['25년이내', '마당', '대단지', '1층']",남향,9804278.982402954
경기도,오산시,양산동,세마e편한세상,매매,109동,18/22,580000000,151.73,OWNER,월드 l 45 l 베란다 있음 l 뻥뷰 l 입주 가능,25.04.18,"['25년이내', '대단지', '화장실두개', '대형평수']",남향,12636626.24398603
경기도,오산시,양산동,세마e편한세상,매매,116동,5/14,550000000,151.73,OWNER,elephant.  45. 회사확장. 입주협의가능.,25.04.18,"['25년이내', '대단지', '대형평수', '방네개이상']",남서향,11983007.645159166
경기도,오산시,양산동,세마e편한세상,매매,123동,4/21,530000000,151.73,OWNER,"45. 판상형, 베란다 있는, 시스템에어콘 설치, 주인거주로 깨끗",25.04.14,"['25년이내', '대단지', '대형평수', '방네개이상']",남향,11547261.912607925
경기도,오산시,양산동,세마e편한세상,매매,116동,12/14,560000000,151.73,OWNER,"＇45＇  회사확장,  조용하고  관리잘된집,  주인거주로 입주협의",25.04.14,"['25년이내', '대단지', '대형평수', '방네개이상']",남서향,12200880.511434786
경기도,오산시,양산동,세마e편한세상,매매,109동,10/22,560000000,151.73,NDOC1,"45 주인거주 입주,조건협의 , 후문 진출입 편한동",25.04.10,"['25년이내', '대단지', '대형평수', '방네개이상']",남향,12200880.511434786
경기도,오산시,양산동,세마e편한세상,매매,111동,17/22,580000000,151.73,OWNER,"판상형, 시원한 뷰 맨앞동, 확장형 주인거주중 상태 아주좋음",25.04.07,"['25년이내', '대단지', '대형평수', '방네개이상']",남서향,12636626.24398603
경기도,오산시,양산동,세마e편한세상,매매,109동,3/22,520000000,151.73,OWNER,회사확장 45 빛잘드는 아늑한집 ,25.04.07,"['25년이내', '대단지', '대형평수', '방네개이상']",남향,11329389.046332302
경기도,오산시,양산동,세마e편한세상,매매,123동,4/21,540000000,151.73,OWNER,"45. 판상형, 방1확장, 즉시입주 가능. 연락주시면 달려가니다",25.04.01,"['25년이내', '대단지', '대형평수', '방네개이상']",남향,11765134.778883545
경기도,오산시,양산동,세마e편한세상,매매,111동,9/22,580000000,151.73,OWNER,"＇45＇, 회사확장, 전면동으로 햇살 좋은집, 입주협의",25.03.27,"['25년이내', '대단지', '대형평수', '방네개이상']",남서향,12636626.24398603
경기도,오산시,양산동,세마e편한세상,매매,114동,9/14,530000000,138.48,OWNER,"＇41＇,  회사확장,  판상형구조 , 깨끗하고 관리잘된집, 빠른입주가능",25.04.19,"['25년이내', '대단지', '대형평수', '방네개이상']",남서향,12652123.411322936
경기도,오산시,양산동,세마e편한세상,매매,114동,13/14,480000000,138.48,NDOC1,41 l 베란다 있는 기본형 l 입주 가능 l 후문 인접,25.04.18,"['25년이내', '대단지', '화장실두개', '대형평수']",남서향,11458526.863084923
경기도,오산시,양산동,세마e편한세상,매매,115동,2/14,520000000,138.48,OWNER,41 l 회사 확장 l 입주 가능 l 후문 인접 l 편의시설 이용편리,25.04.18,"['25년이내', '대단지', '화장실두개', '대형평수']",남서향,12413404.101675333
경기도,오산시,양산동,세마e편한세상,매매,113동,11/14,550000000,138.48,OWNER,41 회사확장 전망좋고 하루종일 빛 좋은집 입주협의가능,25.04.17,"['25년이내', '대단지', '대형평수', '방네개이상']",남서향,13129562.03061814
경기도,오산시,양산동,세마e편한세상,매매,113동,1/14,490000000,138.48,OWNER,"＇41＇  확장형,  아이키우기 최고,  양산도서관이용편리,  입주협의",25.04.15,"['25년이내', '대단지', '1층', '대형평수']",남서향,11697246.172732526
경기도,오산시,양산동,세마e편한세상,매매,113동,8/14,500000000,138.48,OWNER,"회사확장,  앞뷰가 시원한 전면동, 관리잘된 깔끔한집",25.04.14,"['25년이내', '대단지', '대형평수', '방네개이상']",남서향,11935965.48238013
경기도,오산시,양산동,세마e편한세상,매매,114동,2/14,510000000,138.48,OWNER,41 판상형 회사확장 앞전망트임 전세안고 깨끗해요,25.04.10,"['25년이내', '대단지', '대형평수', '방네개이상']",남서향,12174684.792027732
경기도,오산시,양산동,세마e편한세상,매매,113동,13/14,550000000,138.48,OWNER,"회사확장, 기본형, 세안고 매매",25.04.08,"['25년이내', '대단지', '대형평수', '방네개이상']",남서향,13129562.03061814
경기도,오산시,양산동,세마e편한세상,매매,113동,13/14,480000000,138.48,OWNER,"인기있는 전면동에 남남서향, 판상형 구조, 시원한 뷰가 아주 좋아요.",25.04.07,"['25년이내', '대단지', '대형평수', '방세개']",남서향,11458526.863084923
경기도,오산시,양산동,세마e편한세상,매매,115동,11/14,550000000,138.48,OWNER,"＇41＇,  회사확장, 일부 인테리어, 깨끗하고 관리잘된집, 입주협의",25.04.07,"['25년이내', '대단지', '대형평수', '방네개이상']",남서향,13129562.03061814
경기도,오산시,양산동,세마e편한세상,매매,102동,3/16,470000000,130.99,OWNER,"＇39＇, 회사확장, 정원느낌의뷰, 타워형, 입주협의",25.04.19,"['25년이내', '마당', '대단지', '방세개']",남동향,11861355.446980687
경기도,오산시,양산동,세마e편한세상,매매,102동,14/16,470000000,130.99,OWNER,"39, 회사확장형.주인거주중. 뷰이뿌고  관리상태좋아요",25.04.17,"['25년이내', '대단지', '방세개', '화장실두개']",남동향,11861355.446980687
경기도,오산시,양산동,세마e편한세상,매매,108동,14/21,470000000,130.99,OWNER,"39베란다있음, 전체 뷰 시원하고 관리 잘 된 집,시스템에어컨설치됨",25.04.10,"['25년이내', '대단지', '방세개', '화장실두개']",남서향,11861355.446980687
경기도,오산시,양산동,세마e편한세상,전세,102동,10/16,310000000,130.99,OWNER,"39회사확장형 일조량이 풍부한 따듯한 집,정문과 가까운동",25.04.09,"['25년이내', '대단지', '방세개', '화장실두개']",남동향,7823447.209710665
경기도,오산시,양산동,세마e편한세상,매매,102동,7/16,550000000,130.99,OWNER,"39. 올수리. 깨끗,주인거주, 연락주시면 달려갑니다",25.04.08,"['25년이내', '올수리', '대단지', '방세개']",남서향,13880309.565615697
경기도,오산시,양산동,세마e편한세상,매매,102동,중/16,500000000,130.99,OWNER,"39. 회사확장, 햇빛 좋은집, 입주협의",25.04.14,"['25년이내', '대단지', '방세개', '화장실두개']",남동향,12618463.241468815
경기도,오산시,양산동,세마e편한세상,매매,108동,16/21,470000000,130.31,OWNER,39 남향 기본형 로얄층으로 하루종일 빛 좋은집 전세끼고 매매,25.04.14,"['25년이내', '대단지', '방세개', '화장실두개']",남향,11923251.860946974
경기도,오산시,양산동,세마e편한세상,매매,117동,21/22,470000000,109.88,OWNER,33 판상형 따뜻한 기본집 탁트인 뷰 빠른 이사 ,25.04.15,"['25년이내', '대단지', '방세개', '화장실두개']",동향,14140143.338187113
경기도,오산시,양산동,세마e편한세상,매매,107동,1/19,395000000,109.88,OWNER,"＇33＇,   판상형에  베란다있는구조,  아이키우기최고 , 입주협의",25.04.11,"['25년이내', '대단지', '1층', '방세개']",동향,11883737.486348744
경기도,오산시,양산동,세마e편한세상,매매,107동,4/19,460000000,109.88,DOC,판상형 초급매     입주시부터 주인거주집 아주깨끗,25.04.14,"['25년이내', '대단지', '급매', '방세개']",남향,13839289.224608665
경기도,오산시,양산동,세마e편한세상,매매,129동,11/18,490000000,109.88,OWNER,"＇33＇, 회사확장, 남향, 판산형구조, 부분인테리어, 관리잘된집",25.03.24,"['25년이내', '대단지', '방세개', '화장실두개']",남향,14741851.565344013
경기도,오산시,양산동,세마e편한세상,매매,107동,4/19,440000000,109.72,OWNER,33 회사확장 전면동 안정적인조망 탁트인뷰 입주협의가능,25.04.19,"['25년이내', '대단지', '방세개', '화장실두개']",남동향,13256884.79766679
경기도,오산시,양산동,세마e편한세상,매매,104동,5/19,460000000,109.72,OWNER,"33. 거실확장, 주인거주 깨끗함, 해잘드는집, 연락주시면 달려갑니다",25.04.19,"['25년이내', '대단지', '방세개', '화장실두개']",남동향,13859470.470288007
경기도,오산시,양산동,세마e편한세상,전세,104동,5/19,300000000,109.72,OWNER,"T236 1112  빠른입주가능,거실확장,대출없는집,관리잘된 깔끔한집",25.04.19,"['25년이내', '대단지', '방세개', '화장실두개']",남동향,9038785.089318266
경기도,오산시,양산동,세마e편한세상,매매,117동,2/22,460000000,109.72,NDOC1,33A 타워형 l 입주 가능 l 회사 확장,25.04.18,"['25년이내', '대단지', '화장실두개', '방세개']",남동향,13859470.470288007
경기도,오산시,양산동,세마e편한세상,매매,105동,9/19,470000000,109.72,OWNER,월드 l 33A l 개인 확장 l 입주가능.,25.04.18,"['25년이내', '대단지', '화장실두개', '방세개']",남동향,14160763.306598617
경기도,오산시,양산동,세마e편한세상,매매,103동,7/19,440000000,109.72,OWNER,"급매 확장형. 정문앞 상가,버스정류장가까움. 거실,방 뷰 다 좋아요",25.04.17,"['25년이내', '대단지', '급매', '방세개']",남동향,13256884.79766679
경기도,오산시,양산동,세마e편한세상,매매,129동,15/18,450000000,109.72,OWNER,"33. 회사확장. 정문가까워 교통편리, 해잘드는집입니다",25.04.15,"['25년이내', '대단지', '방세개', '화장실두개']",남동향,13558177.633977398
경기도,오산시,양산동,세마e편한세상,매매,112동,21/22,450000000,109.72,OWNER,회사확장 33A 협의가 전망 좋은 깨끗한 집 ,25.04.14,"['25년이내', '대단지', '방세개', '화장실두개']",남향,13558177.633977398
경기도,오산시,양산동,세마e편한세상,매매,112동,7/22,480000000,109.72,OWNER,일.등.남향따뜻한집.회사확장형.깨끗하게관리된집.협의입주가능,25.04.10,"['25년이내', '대단지', '방세개', '화장실두개']",남향,14462056.142909223
경기도,오산시,양산동,세마e편한세상,월세,107동,고/19,"3,000/110",109.72,OWNER,"벽지 , led 등 최근교체  입주협의",25.04.15,"['25년이내', '대단지', '방세개', '화장실두개']",동향,
경기도,오산시,양산동,세마e편한세상,매매,104동,3/19,450000000,109.72,OWNER,"33a회사확장, 중문, 안방붙박이, 단지조경이 정원, 관리특별히잘된집",25.04.07,"['25년이내', '마당', '대단지', '방세개']",남서향,13558177.633977398
경기도,오산시,양산동,세마e편한세상,매매,107동,19/19,470000000,109.72,OWNER,"＇33＇,  회사확장,  탑층으로 전망굿,  햇살좋은집,  주인거주",25.04.03,"['25년이내', '대단지', '탑층', '방세개']",남동향,14160763.306598617
경기도,오산시,양산동,세마e편한세상,매매,106동,12/19,435000000,109.72,OWNER,"＇33＇,  회사확장,  햇살좋고 탁 트윈뷰,  입주협의",25.03.31,"['25년이내', '대단지', '방세개', '화장실두개']",남동향,13106238.379511485
경기도,오산시,양산동,세마e편한세상,매매,104동,19/19,460000000,109.72,OWNER,"＇33＇, 거실확장, 탑층, 막힘없는 전망, 햇살 좋은집, 입주협의",25.03.29,"['25년이내', '대단지', '탑층', '방세개']",남동향,13859470.470288007
경기도,오산시,양산동,세마e편한세상,매매,106동,13/19,470000000,109.72,OWNER,33 회사확장 뻥뚤린뷰 집주인거주로 깨끗이 관리 잘된집,25.03.27,"['25년이내', '대단지', '방세개', '화장실두개']",남동향,14160763.306598617
경기도,오산시,양산동,세마e편한세상,매매,112동,14/22,440000000,109.72,OWNER,월드 l 33A l 확장형 l 정남향 l 뻥뷰,25.03.25,"['25년이내', '대단지', '화장실두개', '방세개']",남향,13256884.79766679
경기도,오산시,양산동,세마e편한세상,매매,105동,7/19,450000000,109.72,OWNER,33  회사확장 최근 부분인테리어 하루종일 빛 좋은집,25.03.24,"['25년이내', '대단지', '방세개', '화장실두개']",남동향,13558177.633977398
경기도,오산시,양산동,세마e편한세상,월세,125동,10/10,"3,000/100",101.05,DOC,"＇30＇, 남향, 판상형구조, 융자없음, 빠른입주가능",25.04.11,"['25년이내', '대단지', '탑층', '방세개']",남향,
경기도,오산시,양산동,오산세마효성백년가약,매매,105동,21/22,450000000,153.08,OWNER,"46.확장 및 판상형,전망굿, 초등 및 공원,연락주시면 달려갑니다",25.04.17,"['25년이내', '대형평수', '방네개이상', '화장실두개']",남서향,9717815.847922655
경기도,오산시,양산동,오산세마효성백년가약,매매,105동,9/22,480000000,153.08,OWNER,"46. 회사확장, 밝고 깨끗한 집, 초등 도서관, 전화주시면 달려갑니다",25.04.17,"['25년이내', '대형평수', '방네개이상', '화장실두개']",남서향,10365670.237784166
경기도,오산시,양산동,오산세마효성백년가약,매매,105동,22/22,480000000,153.08,OWNER,"46. 회사확장, 판상형, 올수리된 집입니다, 연락주시면 달려갑니다",25.04.15,"['25년이내', '올수리', '대형평수', '탑층']",남서향,10365670.237784166
경기도,오산시,양산동,오산세마효성백년가약,매매,105동,19/22,450000000,153.08,OWNER,"＇46＇,  회사확장, 판상형구조, 초등학교 연결, 입주협의",25.04.14,"['25년이내', '대형평수', '방네개이상', '화장실두개']",남서향,9717815.847922655
경기도,오산시,양산동,오산세마효성백년가약,매매,105동,고/22,450000000,153.08,OWNER,"46. 회사확장 및 판상형,초등 및 공원, 연락주시면 달려갑니다",25.04.18,"['25년이내', '대형평수', '방네개이상', '화장실두개']",남서향,9717815.847922655
경기도,오산시,양산동,오산세마효성백년가약,매매,105동,7/22,470000000,153.08,OWNER,46 회사확장 판상형구조 근린공원뷰 초품아,25.04.10,"['25년이내', '대형평수', '방네개이상', '화장실두개']",남서향,10149718.774496995
경기도,오산시,양산동,오산세마효성백년가약,매매,105동,4/22,470000000,153.08,OWNER,"46. 판상형, 확장형, 초품아, 교육환경굿,  연락주시면 달려갑니다",25.04.08,"['25년이내', '대형평수', '방네개이상', '화장실두개']",남서향,10149718.774496995
경기도,오산시,양산동,오산세마효성백년가약,매매,105동,14/22,470000000,153.08,OWNER,"46.확장 및 판상형,전망굿, 초등 및 공원,연락주시면 달려갑니다",25.04.08,"['25년이내', '대형평수', '방네개이상', '화장실두개']",남서향,10149718.774496995
경기도,오산시,양산동,오산세마효성백년가약,매매,105동,7/22,440000000,153.08,OWNER,"46. 판상형, 가성비 좋은 급매, 주인거주 깨끗, 전화주시면 달려갑다",25.04.08,"['25년이내', '급매', '대형평수', '방네개이상']",남서향,9501864.384635486
경기도,오산시,양산동,오산세마효성백년가약,매매,105동,6/22,460000000,153.08,OWNER,"병점역세권,초등학교인근,양산도서관, 주변개발 많음,가장 넓은평수",25.04.04,"['25년이내', '대형평수', '방네개이상', '화장실두개']",남서향,9933767.311209824
경기도,오산시,양산동,오산세마효성백년가약,매매,105동,중/22,440000000,153.08,DOC,깨끗해요,25.04.09,"['25년이내', '대형평수', '방네개이상', '화장실두개']",남향,9501864.384635486
경기도,오산시,양산동,오산세마효성백년가약,매매,105동,저/22,420000000,153.08,DOCV2,층간소음 자유,25.04.04,"['25년이내', '대형평수', '방네개이상', '화장실두개']",남서향,9069961.458061144
경기도,오산시,양산동,오산세마효성백년가약,전세,105동,저/22,300000000,153.08,DOC,"양산동 46 회사확장, 초교와 공원 연결,  가격조정 가능",25.04.07,"['25년이내', '융자금없는', '대형평수', '방네개이상']",남서향,6478543.898615103
경기도,오산시,양산동,오산세마효성백년가약,매매,105동,4/22,470000000,153.08,NONE,"이사비지원, 매도인 지원, 확장, 남향같은 집, 판상형",25.04.08,"['25년이내', '대형평수', '방네개이상', '화장실두개']",남서향,10149718.774496995
경기도,오산시,양산동,오산세마효성백년가약,매매,105동,19/22,450000000,153.08,NONE,"이사비지원, 매도인 지원, No fee, 확장, 남향같은 집, 판상형",25.03.31,"['25년이내', '대형평수', '방네개이상', '화장실두개']",남서향,9717815.847922655
경기도,오산시,양산동,오산세마효성백년가약,전세,102동,9/17,280000000,136.3,OWNER,"41.  회사확장, 판상형, 초등연결단지, 연락주시면 달려갑니다",25.04.18,"['25년이내', '대형평수', '방네개이상', '화장실두개']",남서향,6791047.688921496
경기도,오산시,양산동,오산세마효성백년가약,매매,102동,11/17,440000000,136.3,OWNER,"41. 판상형, 초품아, 베란다 있는집, 전화주시면 달려갑니다.",25.04.16,"['25년이내', '대형평수', '방네개이상', '화장실두개']",남서향,10671646.368305208
경기도,오산시,양산동,오산세마효성백년가약,매매,106동,21/22,450000000,136.3,OWNER,"41. 회사확장, 판상형, 뻥뷰, 주인거주로 깨끗합니다",25.04.15,"['25년이내', '대형평수', '방네개이상', '화장실두개']",남서향,10914183.785766691
경기도,오산시,양산동,오산세마효성백년가약,매매,102동,10/17,440000000,136.3,OWNER,"41. 회사확장,  판상형, 깨끗, 언제든지 전화주시면 달려갑니다",25.04.14,"['25년이내', '대형평수', '방네개이상', '화장실두개']",남서향,10671646.368305208
경기도,오산시,양산동,오산세마효성백년가약,매매,106동,19/22,450000000,136.3,OWNER,"41. 뻥뷰, 올인테리어, 초품아, 도서관근접,  전화주시면 달려갑니다",25.04.14,"['25년이내', '대형평수', '방네개이상', '화장실두개']",남서향,10914183.785766691
경기도,오산시,양산동,오산세마효성백년가약,매매,106동,7/22,440000000,136.3,OWNER,"41, 회사확장, 환하고 밝은집, 초품아, 연락주시면 달려갑니다.",25.04.14,"['25년이내', '대형평수', '방네개이상', '화장실두개']",남서향,10671646.368305208
경기도,오산시,양산동,오산세마효성백년가약,매매,106동,22/22,450000000,136.3,OWNER,"41. 회사확장, 탁트인조망, 층간소음없는 탑층, 전화주시면 달려갑니다",25.04.14,"['25년이내', '대형평수', '탑층', '방네개이상']",남서향,10914183.785766691
경기도,오산시,양산동,오산세마효성백년가약,매매,102동,6/17,450000000,136.3,OWNER,41 회사확장 깔끔하고 컨디션 좋은집,25.04.14,"['25년이내', '대형평수', '방네개이상', '화장실두개']",남서향,10914183.785766691
경기도,오산시,양산동,오산세마효성백년가약,전세,106동,20/22,350000000,136.3,OWNER,41  남향   올수리 하시입주 융자무조건,25.04.12,"['25년이내', '올수리', '화장실두개', '대형평수']",남향,8488809.611151872
경기도,오산시,양산동,오산세마효성백년가약,매매,106동,15/22,470000000,136.3,OWNER,"막힘없는 고층뷰, 거실방 암막커튼,LED등,실크벽지, 한신대 전망",25.04.12,"['25년이내', '대형평수', '방네개이상', '화장실두개']",남서향,11399258.620689655
경기도,오산시,양산동,오산세마효성백년가약,매매,106동,20/22,450000000,136.3,DOCV2,"맨앞동,전망최고,로얄층,집상태좋고",25.04.14,"['25년이내', '대형평수', '방네개이상', '화장실두개']",남서향,10914183.785766691
경기도,오산시,양산동,오산세마효성백년가약,매매,102동,10/17,450000000,136.3,OWNER,"41. 4bay 판상형, 확장, 밝고깨끗, 전망굿, 전화주시면 달려갑니다",25.04.08,"['25년이내', '대형평수', '방네개이상', '화장실두개']",남서향,10914183.785766691
경기도,오산시,양산동,오산세마효성백년가약,매매,102동,11/17,450000000,136.3,OWNER,"41. 로얄층, 전망굿, 깨끗,  초품아, 도서관 등 교육환경 굿",25.04.08,"['25년이내', '대형평수', '방네개이상', '화장실두개']",남서향,10914183.785766691
경기도,오산시,양산동,오산세마효성백년가약,매매,102동,9/17,430000000,136.3,OWNER,"41. 회사확장, 판상형, 초품아 및 도서관등 교육환경 우수",25.04.08,"['25년이내', '대형평수', '방네개이상', '화장실두개']",남서향,10429108.950843727
경기도,오산시,양산동,오산세마효성백년가약,매매,106동,17/22,450000000,136.3,OWNER,"41.,회사확장, 초등연결, 로얄층뻥뷰, 중문설치",25.04.08,"['25년이내', '대형평수', '방네개이상', '화장실두개']",남서향,10914183.785766691
경기도,오산시,양산동,오산세마효성백년가약,매매,106동,21/22,450000000,136.3,OWNER,확장된 4베이 판상형 구조. 양산봉 전망뷰. 공원과 초교를 품은 단지,25.04.07,"['25년이내', '대형평수', '방네개이상', '화장실두개']",남서향,10914183.785766691
경기도,오산시,양산동,오산세마효성백년가약,전세,102동,9/17,280000000,136.3,OWNER,"41. 회사확장, 판상형, 초품아 및 도서관등 교육환경 우수",25.04.01,"['25년이내', '대형평수', '방네개이상', '화장실두개']",남서향,6791047.688921496
경기도,오산시,양산동,오산세마효성백년가약,매매,106동,18/22,500000000,136.3,DOC,"올확장수리,시원한뷰,병점역인접,단지앞,초등학교,편의시설다양",25.04.08,"['25년이내', '대형평수', '방네개이상', '화장실두개']",남향,12126870.873074101
경기도,오산시,양산동,오산세마효성백년가약,매매,106동,12/22,470000000,136.3,OWNER,"＇41＇,   회사확장,  판상형구조,  전망굿,  입주협의",25.03.27,"['25년이내', '대형평수', '방네개이상', '화장실두개']",남서향,11399258.620689655
경기도,오산시,양산동,오산세마효성백년가약,월세,106동,19/22,"3,000/120",136.3,OWNER,"41. 판상형, 뻥뷰, 초품아, 베란다 있는 집",25.03.25,"['25년이내', '융자금없는', '대형평수', '방네개이상']",남서향,
경기도,오산시,양산동,오산세마효성백년가약,매매,102동,14/17,440000000,136.3,OWNER,"41.  로얄층, 판상형, 초품아, 회사확장, 전화주시면 달려갑니다",25.03.24,"['25년이내', '대형평수', '방네개이상', '화장실두개']",남서향,10671646.368305208
경기도,오산시,양산동,오산세마효성백년가약,매매,106동,14/22,450000000,136.3,DOC,"올수리, 회사확장, 탁트인 최상의 조망, 밝고 깨끗한 집, 가격조정가능",25.03.25,"['25년이내', '올수리', '대형평수', '방네개이상']",남서향,10914183.785766691
경기도,오산시,양산동,오산세마효성백년가약,매매,102동,중/17,450000000,136.3,NONE,"이사비지원 매도인 포함, 인테리어 방4 4베이 구조",25.04.08,"['25년이내', '대형평수', '방네개이상', '화장실두개']",남서향,10914183.785766691
경기도,오산시,양산동,오산세마효성백년가약,매매,102동,고/17,440000000,136.3,NONE,"이사비지원, 매도인 지원, No Fee, 방4, 4베이구조, 초품아",25.04.08,"['25년이내', '대형평수', '방네개이상', '화장실두개']",남서향,10671646.368305208
경기도,오산시,양산동,오산세마효성백년가약,매매,102동,중/17,450000000,136.3,NONE,"이사비 지원, 임대인 No fee, 올수리, 주인거주, 4베이",25.03.31,"['25년이내', '올수리', '대형평수', '방네개이상']",남향,10914183.785766691
경기도,오산시,양산동,오산세마효성백년가약,매매,103동,19/22,405000000,113.9,NDOC1,"1호선 병점역 교통호재,로열층,탁트인 전망 좋은 집,빠른입주 가능",25.04.12,"['25년이내', '방세개', '화장실두개', '고층']",남동향,11754547.190517997
경기도,오산시,양산동,오산세마효성백년가약,매매,103동,3/22,400000000,113.9,OWNER,"34. 회사확장, 판상형, 깨끗, 필로티로 아이키우기 좋은집입니다",25.04.10,"['25년이내', '필로티', '방세개', '화장실두개']",남동향,11609429.323968394
경기도,오산시,양산동,오산세마효성백년가약,매매,103동,6/22,380000000,113.9,OWNER,"34. 회사확장, 판상형, 전망양호, 초등연결단지, 연락주시면 달려갑니다",25.04.08,"['25년이내', '방세개', '화장실두개', '세대당1대']",남동향,11028957.857769974
경기도,오산시,양산동,오산세마효성백년가약,매매,103동,18/22,400000000,113.9,OWNER,"34. 회사확장, 판상형, 뻥뷰, 초등연결단지, 주인거주로 깨끗",25.04.07,"['25년이내', '방세개', '화장실두개', '고층']",남동향,11609429.323968394
경기도,오산시,양산동,오산세마효성백년가약,매매,103동,2/22,370000000,113.9,OWNER,"회사확장, 판상형, 중문설치, 연락주시면 달려갑니다",25.04.05,"['25년이내', '방세개', '화장실두개', '세대당1대']",남동향,10738722.124670764
경기도,오산시,양산동,오산세마효성백년가약,매매,103동,8/22,410000000,113.9,OWNER,월드 l 34 l 화이트 인테리어 l 회사확,25.03.26,"['25년이내', '화장실두개', '방세개', '중층']",남동향,11899665.057067603
경기도,오산시,오산동,경일,월세,A동,저/4,"1,000/60",62.31,DOC,,25.04.08,"['25년이상', '화장실한개', '소형평수', '방세개']",남향,
경기도,오산시,오산동,금성,매매,1동,6/6,139000000,74.7,OWNER,"교통,생활,학교,입지좋고, 투자기치 굿,올리모델링 막힘없는뷰,",25.03.25,"['25년이상', '탑층', '방세개', '화장실한개']",남향,6151326.840696118
경기도,오산시,오산동,금성,월세,3동,5/6,"1,000/60",73.44,DOC,부분수리함 이사일협의가능,25.04.11,"['25년이상', '방두개', '화장실한개', '고층']",남향,
경기도,오산시,오산동,금성,월세,1동,4/6,"3,000/30",72.09,DOC,반전세 부분수리 빠른이사가능,25.04.16,"['25년이상', '방두개', '화장실한개', '중층']",남향,
경기도,오산시,오산동,금성,매매,2동,6/6,130000000,63.9,OWNER,"오산역,오산시장 인근 상업용지 아파트 투자가치 좋음",25.04.02,"['25년이상', '탑층', '방세개', '화장실한개']",남향,6725384.194053209
경기도,오산시,오산동,금성,전세,2동,6/6,900000000000,63.9,DOC,"오산시장, 교통편리, 가격 좋은 전세,가격 조정 가능",25.04.04,"['25년이상', '탑층', '방세개', '화장실한개']",남향,46560352112.676056
경기도,오산시,오산동,금성,매매,2동,4/6,125000000,63.9,NONE,수리됨  ,25.04.16,"['25년이상', '방한개', '화장실한개', '중층']",남향,6466715.571205008
경기도,오산시,오산동,금성,매매,2동,6/6,135000000,63.9,NONE,,25.04.14,"['25년이상', '탑층', '방두개', '화장실한개']",남향,6984052.816901408
경기도,오산시,오산동,동부,월세,1동,3/4,"1,000/60",75.83,DOC,조은병원옆 방2 거실 수리됨 깨끗하게쓰실분 구함,25.03.27,"['25년이상', '화장실한개', '방두개', '고층']",동향,
경기도,오산시,오산동,동부,월세,1동,3/4,"1,000/60",75.83,NONE,"옵션 에어컨,냉장고,세탁기,가스렌지 설치됨",25.04.05,"['25년이상', '융자금없는', '화장실두개', '방세개']",북동향,
경기도,오산시,오산동,씨앤엠파크(도시형),월세,1동,5/8,"1,000/70",41.06,TEL,깨끗한 투룸 오색시장1분. 버스정류장 5분. 오산역 15분 ,25.04.17,"['4년이내', '소형평수', '화장실한개', '방두개']",동향,
경기도,오산시,오산동,에코빌(주상복합),매매,1동,저/7,125000000,51.16,DOC,"엘리베이터있고주차가능함,26년 10월 까지 월세1천65 안고 매매임",25.03.29,"['15년이내', '화장실한개', '소형평수', '방두개']",서향,8077074.374511338
경기도,오산시,오산동,에코빌(주상복합),매매,1동,중/7,130000000,40.9,DOC,깔끔하고 해가 잘 들어요,25.03.29,"['15년이내', '화장실한개', '소형평수', '방두개']",서향,10507385.085574573
경기도,오산시,오산동,에코빌(주상복합),매매,1동,고/7,126000000,35.11,DOCV2,"엘리베이터 유,환하고 깨끗한 2룸. 재래시장이용이 편리해요.",25.03.22,"['15년이내', '소형평수', '방두개', '화장실한개']",남서향,11863540.58672743
경기도,오산시,오산동,에코빌(주상복합),매매,1동,5/7,126000000,35.11,NONE,,25.04.04,"['15년이내', '소형평수', '방한개', '화장실한개']",남서향,11863540.58672743
경기도,오산시,오산동,엘리시아(주상복합),매매,1동,11/11,195000000,75.98,DOC,오산천변 보이는 아파트급매,25.03.22,"['10년이내', '급매', '탑층', '방세개']",남동향,8484181.034482758
경기도,오산시,오산동,엘리시아(주상복합),매매,1동,5/11,170000000,75.98,NONE,"에어컨,인덕션,음식물처리기",25.03.24,"['10년이내', '방세개', '화장실한개', '중층']",남동향,7396465.51724138
경기도,오산시,오산동,오산대동다숲(주상복합),매매,1동,저/15,249000000,125.32,DOC,정상입주 오산 롯데마트옆 시장인근. 인프라 굳,25.04.14,"['25년이내', '방세개', '화장실두개', '세대당1대']",동향,6568308.849345676
경기도,오산시,오산동,오산대동다숲(주상복합),월세,1동,고/15,"1,000/120",123.68,DOC,방3.화장실2 오색시장근접 5월입주가능,25.04.14,"['25년이내', '융자금없는', '방세개', '화장실두개']",서향,
경기도,오산시,오산동,오산대동다숲(주상복합),매매,1동,7/15,198000000,83.16,DOC,롯데마트.바로입주가능 오색시장 생활권굿.주차굿,25.04.15,"['25년이내', '방두개', '화장실한개', '중층']",동향,7870916.666666668
경기도,오산시,오산동,오산대동다숲(주상복합),매매,1동,9/15,215000000,83.16,DOC,입주가능.올수리.욕실전면교체.최상급 실거주가능.역세권,25.04.10,"['25년이내', '올수리', '방두개', '화장실한개']",동향,8546702.441077443
경기도,오산시,오산동,오산대동다숲(주상복합),매매,1동,저/15,195000000,83.16,DOC,방2 화1베란다유 화장실 및 주방수리됨 깔끔 입주협의,25.04.14,"['25년이내', '주방교체', '방세개', '화장실한개']",동향,7751660.353535354
경기도,오산시,오산동,오산대동다숲(주상복합),월세,1동,9/15,"6,000/50",83.16,DOC,빠른입주가능.올수리.욕실전면교체.최상급 실거주가능.역세권,25.03.27,"['25년이내', '올수리', '방두개', '화장실한개']",동향,
경기도,오산시,오산동,오산대동다숲(주상복합),매매,1동,4/15,200000000,82.78,DOC,전세끼고 매매 롯데마트 옆 시장 인근. 교통 편리,25.04.07,"['25년이내', '방두개', '화장실한개', '세대당1대']",서향,7986917.129741483
경기도,오산시,오산동,오산대동다숲(주상복합),매매,1동,12/15,210000000,82.78,DOC,전용약18 방2 화1 드레스룸 올리모델링 비번보유 ,25.04.04,"['25년이내', '방두개', '화장실한개', '고층']",서향,8386262.986228558
경기도,오산시,오산동,오산대동다숲(주상복합),매매,1동,4/15,215000000,82.78,DOC,부분리모델링 깔끔하고 환해요 협의입주,25.03.24,"['25년이내', '방두개', '화장실한개', '세대당1대']",서향,8585935.914472096
경기도,오산시,오산동,오산대동다숲(주상복합),매매,1동,중/15,190000000,82.78,DOC,"협의입주,올수리,청구권사용함.생활편의시설용이",25.03.24,"['25년이내', '올수리', '방두개', '화장실한개']",서향,7587571.27325441
경기도,오산시,오산동,오산대동다숲(주상복합),매매,1동,고/15,110000000,67.83,DOC,세안고매매 전용약15 방1 거실1 주방1 베란다유 화장실수리됨 ,25.04.15,"['25년이내', '욕실수리', '화장실한개', '방한개']",동향,5360995.872033024
경기도,오산시,오산동,오산대동다숲(주상복합),매매,1동,저/15,110000000,40.61,DOC,"월세 잘 나오고, 주거여건이 좋은 원룸형 아파트 입니다.",25.04.14,"['25년이내', '소형평수', '방한개', '화장실한개']",남향,8954354.838709679
경기도,오산시,오산동,오산대동다숲(주상복합),매매,1동,고/15,900000000000,40.61,DOC,월세맞쳐진 갭투자 저렴한매물.오색시장.롯데마트.생활권좋아요,25.04.10,"['25년이내', '소형평수', '방한개', '화장실한개']",남서향,73262903225.80646
경기도,오산시,오산동,오산대동다숲(주상복합),월세,1동,6/15,600/55,40.61,DOC,남향 전용약10 풀옵션 주차편리 빠른입주가능,25.04.01,"['25년이내', '화장실한개', '소형평수', '방한개']",남향,
경기도,오산시,오산동,오산렉스빌(도시형),매매,1동,중/8,900000000000,41.86,OWNER,"오산역5분거리 세안고 매매,풀옵션 원룸",25.04.17,"['15년이내', '역세권', '소형평수', '방한개']",북동향,71075167224.08028
경기도,오산시,오산동,오산렉스빌(도시형),매매,1동,3/8,950000000000,41.86,OWNER,"공실없는 오피스텔,오산역도보5분거리 세안고 풀옵션원룸,수익률굿,실입주가능",25.04.10,"['15년이내', '역세권', '소형평수', '방한개']",북동향,75023787625.41806
경기도,오산시,오산동,오산렉스빌(도시형),월세,1동,8/8,"2,000/30",41.86,NDOC1,,25.04.04,"['15년이내', '역세권', '화장실한개', '소형평수']",서향,
경기도,오산시,오산동,오산렉스빌(도시형),매매,1동,8/8,950000000000,41.86,NDOC1,,25.04.04,"['15년이내', '역세권', '화장실한개', '소형평수']",서향,75023787625.41806
경기도,오산시,오산동,오산렉스빌(도시형),월세,1동,6/8,500/55,41.86,DOC,오산역 도보3분거리  풀옵션 오피스텔,25.04.09,"['15년이내', '역세권', '소형평수', '화장실한개']",남향,
경기도,오산시,오산동,오산렉스빌(도시형),매매,1동,2/8,860000000000,41.86,DOC,급매 실입주 또는 월세받으실분투자용 옵션포함 ,25.04.07,"['15년이내', '역세권', '급매', '필로티']",동향,67916270903.01004
경기도,오산시,오산동,오산렉스빌(도시형),매매,1동,8/8,930000000000,41.86,DOC,오산역도보2분 남향  월세받기좋은소액투자 임대수익형 매매,25.04.04,"['15년이내', '역세권', '소형평수', '탑층']",남향,73444339464.88295
경기도,오산시,오산동,오산렉스빌(도시형),매매,1동,저/8,100000000,41.86,DOC,오산역 수익형 풀옵션 원룸,25.03.31,"['15년이내', '역세권', '소형평수', '방두개']",남향,7897240.802675586
경기도,오산시,오산동,오산렉스빌(도시형),매매,1동,6/8,100000000,41.86,DOC,오산역 도보3분거리 오피스텔매매,25.03.22,"['15년이내', '역세권', '소형평수', '방한개']",남향,7897240.802675586
경기도,오산시,오산동,오산렉스빌(도시형),월세,1동,8/8,500/45,33.87,DOC,오산역도보2분 깔끔 풀옵션 교통 생활권 편리,25.04.07,"['15년이내', '역세권', '화장실한개', '소형평수']",북향,
경기도,오산시,오산동,오산렉스빌(도시형),월세,1동,7/8,500/45,33.87,DOC,오산역도보2분 깔끔 수납좋은 풀옵션원룸형아파트,25.03.24,"['15년이내', '역세권', '화장실한개', '소형평수']",서향,
경기도,오산시,오산동,오산렉스빌(도시형),매매,1동,7/8,950000000000,33.87,DOC,오산역 도보3분 원룸형아파트 매매,25.03.22,"['15년이내', '역세권', '소형평수', '방한개']",북동향,92722047534.69148
경기도,오산시,오산동,오산운암주공2단지,매매,209동,12/24,350000000,102.79,OWNER,"올수리 깨끗, 주인거주, 하시 입주, 금액 조정 가능",25.04.14,"['25년이내', '올수리', '대단지', '방세개']",남향,11256199.533028506
경기도,오산시,오산동,오산운암주공2단지,월세,209동,저/24,"3,000/110",102.79,DOCV2,,25.04.10,"['25년이내', '대단지', '방세개', '화장실두개']",남동향,
경기도,오산시,오산동,오산운암주공2단지,매매,203동,23/23,320000000,102.61,OWNER,"올수리,탁트인 전망.",25.04.17,"['25년이내', '올수리', '대단지', '탑층']",동향,10309435.727511939
경기도,오산시,오산동,오산운암주공2단지,매매,201동,4/20,380000000,102.61,DOCV2,로얄동 주인거주 ,25.04.18,"['25년이내', '대단지', '방세개', '화장실두개']",남향,12242454.926420428
경기도,오산시,오산동,오산운암주공2단지,매매,203동,2/23,330000000,102.61,DOCV2,"주인세대,수리됨,빠른입주.",25.04.18,"['25년이내', '대단지', '방세개', '화장실두개']",동향,10631605.593996687
경기도,오산시,오산동,오산운암주공2단지,매매,201동,7/20,390000000,102.61,DOCV2,로얄동햇볕가득 광역버스라인 도서관초중고인접 세안고,25.04.17,"['25년이내', '대단지', '방세개', '화장실두개']",남향,12564624.792905176
경기도,오산시,오산동,오산운암주공2단지,매매,208동,3/21,370000000,102.61,DOCV2,,25.04.16,"['25년이내', '대단지', '방세개', '화장실두개']",남향,11920285.05993568
경기도,오산시,오산동,오산운암주공2단지,매매,211동,12/24,370000000,102.61,DOC,전망좋은 로얄동 수리된집 정상입주,25.04.17,"['25년이내', '대단지', '방세개', '화장실두개']",동향,11920285.05993568
경기도,오산시,오산동,오산운암주공2단지,매매,203동,7/23,350000000,102.61,DOC,공원조망 올수리 깨끗 정상입주,25.04.17,"['25년이내', '올수리', '대단지', '방세개']",남향,11275945.326966183
경기도,오산시,오산동,오산운암주공2단지,매매,202동,13/20,340000000,102.61,DOC,전세안고 부분수리 로얄동 광역버스라인 도서관초중고인접 생활인프라풍부,25.04.17,"['25년이내', '대단지', '방세개', '화장실두개']",남향,10953775.460481435
경기도,오산시,오산동,오산운암주공2단지,매매,206동,1/18,300000000,102.61,DOC,아래층층간소음걱정없이거주.초중고도보권.생활인프라풍부.도서관앞단지,25.04.17,"['25년이내', '대단지', '1층', '방세개']",남향,9665095.994542442
경기도,오산시,오산동,오산운암주공2단지,매매,206동,6/18,380000000,102.61,DOC,"올수리,주인거주,집굿",25.04.14,"['25년이내', '올수리', '대단지', '방세개']",남향,12242454.926420428
경기도,오산시,오산동,오산운암주공2단지,매매,202동,저/20,320000000,102.61,DOC,"올수리,중문, 거실,방 확장.",25.04.18,"['25년이내', '올수리', '대단지', '방세개']",남향,10309435.727511939
경기도,오산시,오산동,오산운암주공2단지,매매,202동,11/20,360000000,102.61,OWNER,"로얄동,로얄층,세안고 매매 집상태 완전 깔끔",25.04.02,"['25년이내', '대단지', '방세개', '화장실두개']",남향,11598115.193450931
경기도,오산시,오산동,오산운암주공2단지,매매,202동,2/20,350000000,102.61,DOC,"거실확장,부분수리된 깨끗한집.협의입주",25.04.11,"['25년이내', '대단지', '방세개', '화장실두개']",남향,11275945.326966183
경기도,오산시,오산동,오산운암주공2단지,전세,203동,15/23,260000000,102.61,DOC,뻥뷰 부분수리로 집깨끗 입주는 협의,25.04.11,"['25년이내', '대단지', '방세개', '화장실두개']",동향,8376416.52860345
경기도,오산시,오산동,오산운암주공2단지,매매,201동,1/20,315000000,102.61,DOCV2,"로얄동,입구동,남향,도서관,광역버스.",25.04.05,"['25년이내', '대단지', '1층', '방세개']",남향,10148350.794269564
경기도,오산시,오산동,오산운암주공2단지,월세,209동,고/24,"3,000/110",102.61,DOC,"협의입주,올수리,아주깨끗,전망좋은집",25.04.16,"['25년이내', '올수리', '대단지', '방세개']",동향,
경기도,오산시,오산동,오산운암주공2단지,매매,210동,중/21,350000000,102.61,DOC,깔끔한주인세대 광역버스라인 정상협의입주 도서관초중고인접 생활인프라굿,25.04.15,"['25년이내', '대단지', '방세개', '화장실두개']",남향,11275945.326966183
경기도,오산시,오산동,오산운암주공2단지,월세,202동,중/20,"2,000/120",102.61,DOCV2,올수리잘된주인세대.즉시입주,25.04.10,"['25년이내', '올수리', '대단지', '방세개']",남향,
경기도,오산시,오산동,오산운암주공2단지,매매,202동,9/20,350000000,102.61,DOC,남향 올수리함 초중고 도서관 편의시설좋음,25.04.08,"['25년이내', '올수리', '대단지', '방세개']",남향,11275945.326966183
경기도,오산시,오산동,오산운암주공2단지,매매,201동,15/20,380000000,102.61,DOC,냠향 호얄동 로얄층 중간라인 귀한매물,25.04.08,"['25년이내', '대단지', '방세개', '화장실두개']",남향,12242454.926420428
경기도,오산시,오산동,오산운암주공2단지,월세,203동,저/23,"2,000/110",102.61,DOC,올수리잘된세대 광역버스라인 초중고인접 앞뒤탁트임,25.04.14,"['25년이내', '올수리', '대단지', '방세개']",동향,
경기도,오산시,오산동,오산운암주공2단지,매매,208동,4/21,340000000,102.61,DOC,빠른입주 전면동 인프라 좋은 아파트,25.04.07,"['25년이내', '대단지', '방세개', '화장실두개']",남향,10953775.460481435
경기도,오산시,오산동,오산운암주공2단지,매매,208동,8/21,350000000,102.61,DOC,남향 전면동 로얄층 6월말이후입주가능,25.04.05,"['25년이내', '대단지', '방세개', '화장실두개']",남향,11275945.326966183
경기도,오산시,오산동,오산운암주공2단지,매매,207동,17/18,380000000,102.61,DOC,"올수리,로얄동  로얄층,전면동.",25.04.05,"['25년이내', '올수리', '대단지', '방세개']",남향,12242454.926420428
경기도,오산시,오산동,오산운암주공2단지,매매,204동,저/23,340000000,102.61,DOC,"협의입주,남향 공원조망 ",25.04.11,"['25년이내', '대단지', '방세개', '화장실두개']",남향,10953775.460481435
경기도,오산시,오산동,오산운암주공2단지,매매,204동,저/23,335000000,102.61,DOC,"수리되어 꺠끗함.남향,8월입주 가능함.",25.04.10,"['25년이내', '대단지', '방세개', '화장실두개']",남향,10792690.527239062
경기도,오산시,오산동,오산운암주공2단지,매매,209동,15/24,350000000,102.61,DOC,"협의입주,최근올수리한집,조망권좋은집",25.04.03,"['25년이내', '올수리', '대단지', '방세개']",동향,11275945.326966183
경기도,오산시,오산동,오산운암주공2단지,매매,207동,6/18,360000000,102.61,DOC,"협의입주,에전올수리넘 관리잘된집,전면동채광좋음,사이트아님",25.04.01,"['25년이내', '올수리', '대단지', '방세개']",남향,11598115.193450931
경기도,오산시,오산동,오산운암주공2단지,매매,208동,중/21,380000000,102.61,DOC,수리되고 관리잘되어 깨끗한세대.정상입주.일조량풍부한전면동.초중고인접,25.04.07,"['25년이내', '대단지', '방세개', '화장실두개']",남향,12242454.926420428
경기도,오산시,오산동,오산운암주공2단지,매매,211동,15/24,375000000,102.61,DOC,"협의입주,거실방확장,샷시교체,올수리한집으로 전망좋은집",25.03.31,"['25년이내', '올수리', '대단지', '방세개']",동향,12081369.993178053
경기도,오산시,오산동,오산운암주공2단지,매매,207동,중/18,380000000,102.61,DOC,싱크대 중문 수리 전면동 ,25.04.04,"['25년이내', '대단지', '방세개', '화장실두개']",남향,12242454.926420428
경기도,오산시,오산동,오산운암주공2단지,매매,203동,고/23,330000000,102.61,DOCV2,세안고 ,25.03.28,"['25년이내', '대단지', '방세개', '화장실두개']",동향,10631605.593996687
경기도,오산시,오산동,오산운암주공2단지,매매,209동,중/24,330000000,102.61,DOCV2,관리잘된 주인세대 도서관앞동 광역버스라인 초중고인접 7월말부터협의입주가능,25.03.28,"['25년이내', '대단지', '방세개', '화장실두개']",동향,10631605.593996687
경기도,오산시,오산동,오산운암주공2단지,매매,206동,10/18,350000000,102.61,DOC,"6월말협의입주,채광좋은로얄층,사이드아님,",25.03.26,"['25년이내', '대단지', '방세개', '화장실두개']",남향,11275945.326966183
경기도,오산시,오산동,오산운암주공2단지,매매,201동,5/20,350000000,102.61,DOC,"입구 로열동, 도서관 및 광역버스, 이전올수리, 협의입주",25.03.25,"['25년이내', '올수리', '대단지', '방세개']",남향,11275945.326966183
경기도,오산시,오산동,오산운암주공2단지,매매,207동,4/18,340000000,102.61,DOC,"전세안고매매입니다,올수리,전면동,채광좋음",25.03.24,"['25년이내', '올수리', '대단지', '방세개']",남향,10953775.460481435
경기도,오산시,오산동,오산운암주공2단지,월세,211동,고/24,"5,000/100",102.61,DOC,,25.03.24,"['25년이내', '대단지', '방세개', '화장실두개']",동향,
경기도,오산시,오산동,오산운암주공2단지,매매,202동,저/20,370000000,102.61,NONE,예전올수리 8월에서9월협의입주 광역버스라인로얄동,25.04.04,"['25년이내', '올수리', '대단지', '방세개']",남향,11920285.05993568
경기도,오산시,오산동,오산운암주공2단지,매매,208동,8/21,350000000,102.61,NONE,"씽크대,화장실수리 6월말협의입주가능 전면동 광역버스라인",25.04.04,"['25년이내', '대단지', '욕실수리', '방세개']",남향,11275945.326966183
경기도,오산시,오산동,오산운암주공2단지,매매,203동,8/23,330000000,102.61,NONE,깔끔한기본집 7월입주가능,25.04.03,"['25년이내', '대단지', '방세개', '화장실두개']",동향,10631605.593996687
경기도,오산시,오산동,오산운암주공2단지,매매,211동,고/24,370000000,102.61,NONE,부분수리 정상협의입주 전망아주좋은동 도서관 광역버스라인,25.04.01,"['25년이내', '대단지', '방세개', '화장실두개']",동향,11920285.05993568
경기도,오산시,오산동,오산운암주공2단지,전세,211동,고/24,260000000,102.61,NONE,부분수리깨끗한주인세대 뷰좋은집 도서관 광역버스라인 매매도됨,25.04.01,"['25년이내', '대단지', '방세개', '화장실두개']",동향,8376416.52860345
경기도,오산시,오산동,오산운암주공2단지,매매,207동,5/18,500000000,102.61,NONE,일부수리깨끗한세대 전면동 도서관 초중고인접 광역버스라인,25.04.01,"['25년이내', '대단지', '방세개', '화장실두개']",남향,16108493.324237403
경기도,오산시,오산동,오산운암주공2단지,매매,201동,1/20,315000000,102.61,NONE,씽크대수리 로얄동 층간소음걱정없음 도서관인접 광역버스라인,25.04.01,"['25년이내', '대단지', '1층', '방세개']",남향,10148350.794269564
경기도,오산시,오산동,오산운암주공4단지,매매,404동,9/18,360000000,102.63,DOC, 올수리.주인거주로 관리굿. 협의입주가능,25.04.18,"['25년이내', '올수리', '방세개', '화장실두개']",남향,11595855.01315405
경기도,오산시,오산동,오산운암주공4단지,매매,403동,7/23,330000000,102.63,DOC,오산시청바로앞 광역교통망.편의시설 근접 기본집 주인거주,25.04.17,"['25년이내', '방세개', '화장실두개', '세대당1대']",남향,10629533.762057878
경기도,오산시,오산동,오산운암주공4단지,매매,402동,19/20,370000000,102.63,DOC,샷시제외 올수리 막힘없는 뻥뷰 주인거주,25.04.17,"['25년이내', '올수리', '방세개', '화장실두개']",남향,11917962.096852774
경기도,오산시,오산동,오산운암주공4단지,월세,401동,4/20,"3,000/100",102.63,DOC,"수리되어 깨끗함.남향,빠른입주,4단지중 선호동 임.",25.04.16,"['25년이내', '방세개', '화장실두개', '세대당1대']",남향,
경기도,오산시,오산동,오산운암주공4단지,매매,402동,고/20,370000000,102.63,DOC,올수리 막힘없는 뻥뷰 작은방확장 협의입주 가능,25.04.17,"['25년이내', '올수리', '방세개', '화장실두개']",남향,11917962.096852774
경기도,오산시,오산동,오산운암주공4단지,전세,402동,2/20,270000000,102.63,DOC,"씽크대,도배.장판 교체됨.빠른입주가능함. ",25.04.10,"['25년이내', '방세개', '화장실두개', '세대당1대']",남향,8696891.259865537
경기도,오산시,오산동,오산운암주공4단지,매매,404동,저/18,360000000,102.63,DOC,"남향,사이드아님,집상태깨끗함.정상입주",25.04.07,"['25년이내', '방세개', '화장실두개', '세대당1대']",남향,11595855.01315405
경기도,오산시,오산동,오산운암주공4단지,매매,407동,10/17,390000000,102.63,DOC,"남향,올수리함.2025.2월입주가능함.세끼고도 가능함.",25.03.31,"['25년이내', '올수리', '방세개', '화장실두개']",남향,12562176.26425022
경기도,오산시,오산동,오산운암주공4단지,매매,404동,고/18,360000000,102.63,DOC,"올수리, 중문, 집주인 거주, 정상입주, 매매",25.04.04,"['25년이내', '올수리', '방세개', '화장실두개']",남향,11595855.01315405
경기도,오산시,오산동,오산운암주공4단지,매매,401동,중/20,390000000,102.63,DOC,"수리된집,상태깔끔함. 남향,일조권좋음.",25.03.31,"['25년이내', '방세개', '화장실두개', '중층']",남향,12562176.26425022
경기도,오산시,오산동,오산운암주공4단지,매매,406동,17/17,390000000,102.63,DOC,"최긍올수리함.샷시제외,탑층,남향,전면동이라 전망좋음. ",25.03.24,"['25년이내', '올수리', '탑층', '방세개']",남향,12562176.26425022
경기도,오산시,오산동,오산운암주공4단지,매매,407동,13/17,360000000,102.63,DOC,오산시청바로앞.로얄동 로얄층 세안고매매 26년만기,25.03.24,"['25년이내', '방세개', '화장실두개', '고층']",남향,11595855.01315405
경기도,오산시,오산동,오산운암주공4단지,매매,406동,저/17,350000000,102.63,DOC,"올수리됨.세끼고 매매,2027년6월입주가능함.",25.03.24,"['25년이내', '올수리', '방세개', '화장실두개']",남향,11273747.929455325
경기도,오산시,오산동,오산운암주공4단지,월세,407동,중/17,"3,000/120",102.63,DOC,"1년전 올수리중문,전면동,남향이라 일조권좋음.사이드아님.",25.03.24,"['25년이내', '올수리', '방세개', '화장실두개']",남향,
경기도,오산시,오산동,운암대동황토방,매매,105동,2/21,590000000,225.08,MOBL,평수넓은 정원같은집o초품아o오산시내시청인근o매.물.접.수.받.아.요,25.04.15,"['25년이내', '마당', '대형평수', '방네개이상']",남향,8665421.850008886
경기도,오산시,오산동,운암대동황토방,전세,105동,중/21,450000000,225.08,NDOC1,예전 올수리 깔끔 중문 싱크대 화장실 도배 강마루 인프라 굳. ,25.04.18,"['25년이내', '올수리', '대형평수', '방네개이상']",남향,6609220.055091523
경기도,오산시,오산동,운암대동황토방,매매,106동,6/21,580000000,225.08,DOC,정상입주 조용한 동 대형평수 대가족 살기 좋아요. 인프라 굳,25.04.14,"['25년이내', '대형평수', '방네개이상', '화장실두개']",남향,8518550.293229073
경기도,오산시,오산동,운암대동황토방,전세,105동,저/21,400000000,225.08,DOC,깨끗한 기본집 월세가능 정상 협의입주 오산시청옆 생활인프라굿 ,25.04.18,"['25년이내', '대형평수', '방네개이상', '화장실두개']",남향,5874862.271192465
경기도,오산시,오산동,운암대동황토방,매매,106동,고/21,650000000,225.08,DOC,"협의입주,부분수리,깨끗",25.04.14,"['25년이내', '대형평수', '방네개이상', '화장실두개']",남향,9546651.190687755
경기도,오산시,오산동,운암대동황토방,매매,105동,저/21,570000000,225.08,DOC,"협의입주,기본,깨끗,조정",25.04.14,"['25년이내', '대형평수', '방네개이상', '화장실두개']",남향,8371678.736449263
경기도,오산시,오산동,운암대동황토방,매매,105동,저/21,700000000,225.08,DOC,바로입주가능한 올수리된 집. 방5.학군.관공서.교통.편의시설 굿,25.04.10,"['25년이내', '올수리', '대형평수', '방네개이상']",남향,10281008.974586813
경기도,오산시,오산동,운암대동황토방,매매,105동,중/21,570000000,225.08,DOC,w급매w주인거주 올수리된 집. 방5.주차편리 교통편리 생활편리,25.04.10,"['25년이내', '올수리', '급매', '대형평수']",남향,8371678.736449263
경기도,오산시,오산동,운암대동황토방,매매,106동,저/21,600000000,225.08,DOC,정상입주 부분수리 욕실 LED등  도배 장판,25.04.04,"['25년이내', '대형평수', '방네개이상', '화장실두개']",남향,8812293.406788697
경기도,오산시,오산동,운암대동황토방,매매,106동,중/21,590000000,225.08,DOC,1월입주 대형평수 대가족 살기좋은 인프라 최고 입지아파트 시청 도서관,25.04.04,"['25년이내', '대형평수', '방네개이상', '화장실두개']",남향,8665421.850008886
경기도,오산시,오산동,운암대동황토방,매매,105동,2/21,540000000,225.08,DOC,월세끼고 매매 저렴한 대형평수,25.03.24,"['25년이내', '대형평수', '방네개이상', '화장실두개']",남향,7931064.066109828
경기도,오산시,오산동,운암대동황토방,월세,105동,중/21,"5,000/150",225.08,DOC,빠른입주가능 예전교체수리됨,25.03.24,"['25년이내', '융자금없는', '대형평수', '방네개이상']",남향,
경기도,오산시,오산동,운암대동황토방,매매,105동,저/21,590000000,225.08,NONE,주인거주 깨끗한 주택,25.04.14,"['25년이내', '대형평수', '방네개이상', '화장실두개']",남향,8665421.850008886
경기도,오산시,오산동,운암대동황토방,매매,109동,중/18,550000000,164.6,NDOC1,협의입주 싱크대 신발장 수리 로얄동 로얄층 방4개 주차편해요,25.04.17,"['25년이내', '대형평수', '방네개이상', '화장실두개']",남향,11046061.664641557
경기도,오산시,오산동,운암대동황토방,매매,103동,고/18,550000000,164.6,DOC,남향 로얄층 중간라인 초중고인접 주인거주,25.04.18,"['25년이내', '대형평수', '방네개이상', '화장실두개']",남향,11046061.664641557
경기도,오산시,오산동,운암대동황토방,매매,103동,5/18,540000000,164.6,DOC,협의입주. 일부확장 및 수리 초중고.관공서등 편의시설근접,25.04.10,"['25년이내', '대형평수', '방네개이상', '화장실두개']",남향,10845224.179829892
경기도,오산시,오산동,운암대동황토방,매매,103동,저/18,480000000,164.6,DOC,날짜 맞쳐드림. 사이드 아님. 도배 장판 싱크대 수리 작은방2 확장,25.04.07,"['25년이내', '대형평수', '방네개이상', '화장실두개']",남향,9640199.270959904
경기도,오산시,오산동,운암대동황토방,매매,109동,중/18,570000000,164.6,DOC,정상입주 전면동 채광좋음 올수리 거실 작은방2 확장,25.04.07,"['25년이내', '올수리', '대형평수', '방네개이상']",남향,11447736.634264886
경기도,오산시,오산동,운암대동황토방,매매,109동,고/18,620000000,164.6,DOC,정상입주 3년전 샷시포함 올수리 주인거주 아주깔끔 뻥뷰.,25.04.04,"['25년이내', '올수리', '대형평수', '방네개이상']",남향,12451924.05832321
경기도,오산시,오산동,운암대동황토방,매매,109동,고/18,580000000,164.6,DOC,정상입주 올수리 거실 작은방 확장 뻥뷰. 사이드 아님.,25.04.04,"['25년이내', '올수리', '대형평수', '방네개이상']",남향,11648574.11907655
경기도,오산시,오산동,운암대동황토방,매매,103동,6/18,540000000,164.6,DOC,정상입주  올수리 방2 거실 확장 시청 도서관 학교  광역교통 인프라굳,25.03.27,"['25년이내', '올수리', '대형평수', '방네개이상']",남향,10845224.179829892
경기도,오산시,오산동,운암대동황토방,매매,103동,5/18,460000000,164.6,DOC,정상입주 작은방1 확장 싱크대 거실화장실 수리 주인거주 깨끗.,25.03.27,"['25년이내', '욕실수리', '대형평수', '방네개이상']",남향,9238524.301336575
경기도,오산시,오산동,운암대동황토방,매매,104동,2/18,500000000,163.16,OWNER,"올확장,빠른입주가능,주인세대거주,유.초.중.고인접,보조주방,중문,조용한동",25.04.15,"['25년이내', '대형평수', '방네개이상', '화장실두개']",남동향,10130500.735474382
경기도,오산시,오산동,운암대동황토방,매매,104동,중/18,600000000,163.16,OWNER,"방4, 화2, 시에4대 , 올수리 매매",25.04.19,"['25년이내', '올수리', '대형평수', '방네개이상']",남향,12156600.882569257
경기도,오산시,오산동,운암대동황토방,매매,110동,고/18,580000000,163.16,NDOC1,올수리 화장실 거실확장 내부샷시 초중고학군 광역버스라인,25.04.17,"['25년이내', '올수리', '대형평수', '방네개이상']",남향,11751380.853150284
경기도,오산시,오산동,운암대동황토방,매매,110동,4/18,550000000,163.16,DOC,공실 비번있음. 인프라 굳. 조경이 이쁜집.,25.04.18,"['25년이내', '대형평수', '방네개이상', '화장실두개']",남향,11143550.80902182
경기도,오산시,오산동,운암대동황토방,매매,110동,7/18,600000000,163.16,DOC,남향 전면동 빠른입주가능 시청과 광역버스 상가 이용편리함,25.04.14,"['25년이내', '대형평수', '방네개이상', '화장실두개']",남향,12156600.882569257
경기도,오산시,오산동,운암대동황토방,매매,104동,4/18,600000000,163.16,DOC,주인거주 관리 굿 협의입주 광역교통망 근생접근성 좋습니다,25.04.08,"['25년이내', '대형평수', '방네개이상', '화장실두개']",남향,12156600.882569257
경기도,오산시,오산동,운암대동황토방,매매,104동,9/18,520000000,163.16,DOC,시청근접 생활권좋은 단지.주차공간여유 방4.협의입주,25.04.07,"['25년이내', '대형평수', '방네개이상', '화장실두개']",남향,10535720.764893357
경기도,오산시,오산동,운암대동황토방,매매,104동,중/18,550000000,163.16,DOC,예전 올수리 작은방1 확장. 시청 도서관 학교 마트 광역교통 인프라 굳,25.04.04,"['25년이내', '올수리', '대형평수', '방네개이상']",남향,11143550.80902182
경기도,오산시,오산동,운암대동황토방,매매,104동,14/18,500000000,163.16,NONE,정상입주 인프라 좋은 아파트,25.04.10,"['25년이내', '대형평수', '방네개이상', '화장실두개']",남향,10130500.735474382
경기도,오산시,오산동,운암대동황토방,매매,108동,고/18,480000000,128.3,NDOC1,5월 협의입주  3년화이트톤 올수리 올확장 거실 주 방2,25.04.18,"['25년이내', '올수리', '방세개', '화장실두개']",남향,12367706.936866717
경기도,오산시,오산동,운암대동황토방,매매,108동,고/18,470000000,128.3,DOC,올수리 주인거주로 관리잘된 전면로얄동.뻥뷰,25.04.19,"['25년이내', '올수리', '방세개', '화장실두개']",남향,12110046.375681994
경기도,오산시,오산동,운암대동황토방,매매,107동,5/18,450000000,128.3,DOCV2,생할편리한 입구로얄동 최근올수리 협의입주가,25.04.07,"['25년이내', '올수리', '방세개', '화장실두개']",남향,11594725.253312549
경기도,오산시,오산동,운암대동황토방,매매,101동,15/17,380000000,128.3,DOC,"12월입주,로얄층,사이드아님,아주깨끗관리잘된집",25.04.11,"['25년이내', '방세개', '화장실두개', '고층']",남향,9791101.325019486
경기도,오산시,오산동,운암대동황토방,매매,101동,중/17,450000000,128.3,DOC,내.외부샷시포함 최근 올리모델링.작은방.주방확장.예약주세요,25.04.17,"['25년이내', '방세개', '화장실두개', '중층']",남향,11594725.253312549
경기도,오산시,오산동,운암대동황토방,매매,102동,중/21,370000000,128.3,DOC,깨끗한집 인프라 좋아요.,25.04.14,"['25년이내', '방세개', '화장실두개', '중층']",남향,9533440.763834761
경기도,오산시,오산동,운암대동황토방,매매,102동,고/21,380000000,128.3,DOCV2,정상입주,25.04.07,"['25년이내', '방세개', '화장실두개', '고층']",남향,9791101.325019486
경기도,오산시,오산동,운암대동황토방,매매,107동,7/18,450000000,128.3,DOC,정상입주  예전 올수리 작은방1 거실 확장,25.04.04,"['25년이내', '올수리', '방세개', '화장실두개']",남향,11594725.253312549
경기도,오산시,오산동,운암대동황토방,매매,107동,저/18,450000000,128.3,DOC,4년전 샷시까지 올수리 집상태 최상,25.04.08,"['25년이내', '올수리', '방세개', '화장실두개']",남향,11594725.253312549
경기도,오산시,오산동,운암대동황토방,매매,101동,저/17,410000000,128.3,DOC,5년전올수리.방2확장까지 주인관리로 상태굿.협의입주가능,25.04.07,"['25년이내', '올수리', '방세개', '화장실두개']",남향,10564083.008573655
경기도,오산시,오산동,운암대동황토방,매매,108동,고/18,395000000,128.3,DOC,외벽샷시 싱크대 강마루 도배  탄성 페인트 수리 뷰가 끝내줘요.,25.04.07,"['25년이내', '방세개', '화장실두개', '고층']",남향,10177592.16679657
경기도,오산시,오산동,운암대동황토방,매매,102동,중/21,430000000,128.3,DOC,"정상입주. 화이트톤 특올수리 zin샷시, 확장 거실 작은방2, 탄성 등등",25.04.07,"['25년이내', '올수리', '방세개', '화장실두개']",남향,11079404.130943103
경기도,오산시,오산동,운암대동황토방,매매,101동,6/17,362000000,128.3,DOC,정상입주 깔끔한 집 사이드 아님 인프라  좋아요. 초품아.,25.03.31,"['25년이내', '방세개', '화장실두개', '중층']",남향,9327312.314886983
경기도,오산시,오산동,운암대동황토방,전세,102동,고/21,280000000,128.3,DOC,"공실 1.8억50가능 거실화장실 싱크대 수리, 도배 장판 페인트 새로함",25.04.04,"['25년이내', '방세개', '화장실두개', '고층']",남향,7214495.713172252
경기도,오산시,오산동,운암현대,매매,104동,16/22,590000000,165.16,OWNER,6년전 올리모델링 작은방 확장 예정 정문 출입구동으로 RR  주인거주,25.04.18,"['25년이내', '대형평수', '방네개이상', '화장실두개']",남향,11809234.378784211
경기도,오산시,오산동,운암현대,매매,104동,16/22,650000000,165.16,DOCV2,올수리 정상입주 생활인프라굿 초중고인접 오산시장 오산역 도보권,25.04.19,"['25년이내', '올수리', '대형평수', '방네개이상']",남향,13010173.468152096
경기도,오산시,오산동,운암현대,매매,104동,18/22,580000000,165.16,DOC,주인거주로 상태굿.탑층으로 전망굿.관공서.학교.은행등 도보권,25.04.17,"['25년이내', '대형평수', '방네개이상', '화장실두개']",남향,11609077.863889564
경기도,오산시,오산동,운암현대,월세,104동,5/22,"5,000/120",165.16,DOC,입주날자 맞쳐줌. 깔끔.  인프라 굳. 시청 도서관 학교 광역교통,25.04.15,"['25년이내', '대형평수', '방네개이상', '화장실두개']",남향,
경기도,오산시,오산동,운암현대,매매,104동,고/22,450000000,165.16,DOC,,25.04.17,"['25년이내', '대형평수', '방네개이상', '화장실두개']",남향,9007043.170259144
경기도,오산시,오산동,운암현대,매매,104동,저/22,550000000,165.16,DOC,"협의입주,기본,채광좋은집,  관리잘된 집, 조정가능",25.04.14,"['25년이내', '대형평수', '방네개이상', '화장실두개']",남향,11008608.319205621
경기도,오산시,오산동,운암현대,매매,104동,중/22,580000000,165.16,DOC,정상입주 올수리 확장  ,25.04.14,"['25년이내', '올수리', '대형평수', '방네개이상']",남향,11609077.863889564
경기도,오산시,오산동,운암현대,매매,104동,고/22,580000000,165.16,DOC,협의입주 기본집이지만 주인거주 깨끗 인프라최고 시청 도서관 학교 광역교통,25.04.14,"['25년이내', '대형평수', '방네개이상', '화장실두개']",남향,11609077.863889564
경기도,오산시,오산동,운암현대,월세,104동,고/22,"5,000/130",165.16,DOC,방4. 빠른입주 가능 교통 주차 편리,25.04.10,"['25년이내', '대형평수', '방네개이상', '화장실두개']",남향,
경기도,오산시,오산동,운암현대,매매,104동,저/22,550000000,165.16,OWNER,오산에서방구하기오산시 아파트 매매,25.03.31,"['25년이내', '대형평수', '방네개이상', '화장실두개']",남향,11008608.319205621
경기도,오산시,오산동,운암현대,매매,104동,중/22,580000000,165.16,DOC,샷시포함 올리모델링 방4.주차편리,25.04.08,"['25년이내', '대형평수', '방네개이상', '화장실두개']",남향,11609077.863889564
경기도,오산시,오산동,운암현대,매매,104동,중/22,550000000,165.16,DOC,주인거주로 관리잘되어 있습니다. 방4  입주.가격협의가능,25.04.07,"['25년이내', '대형평수', '방네개이상', '화장실두개']",남향,11008608.319205621
경기도,오산시,오산동,운암현대,매매,104동,중/22,600000000,165.16,DOC,"정상입주 내,외부 샷시포함 특올수리 작은방1 확장 세탁실 보조주방 ",25.04.04,"['25년이내', '올수리', '대형평수', '방네개이상']",남향,12009390.893678859
경기도,오산시,오산동,운암현대,매매,104동,중/22,530000000,165.16,DOC,방4.학교.교통등도보권 편리한주차 협의입주,25.03.31,"['25년이내', '대형평수', '방네개이상', '화장실두개']",남향,10608295.289416324
경기도,오산시,오산동,운암현대,매매,104동,고/22,530000000,165.16,DOC,,25.03.27,"['25년이내', '대형평수', '방네개이상', '화장실두개']",남향,10608295.289416324
경기도,오산시,오산동,운암현대,전세,104동,고/22,350000000,165.16,DOC,방4.저렴한전세매물 바로입주 가능 교통 주차 편리,25.03.27,"['25년이내', '대형평수', '방네개이상', '화장실두개']",남향,7005478.021312667
경기도,오산시,오산동,운암현대,매매,102동,9/24,500000000,136.09,DOC,주인거주중인 올수리된 집.광역교통망.관공서등 편의시설 굿,25.04.17,"['25년이내', '올수리', '대형평수', '방네개이상']",남향,12145583.804835036
경기도,오산시,오산동,운암현대,매매,102동,1/24,450000000,136.09,DOC,예전올수리 주인거주로 관리굿 대형마트근접 편리한동선,25.04.14,"['25년이내', '올수리', '1층', '대형평수']",남향,10931025.424351532
경기도,오산시,오산동,운암현대,매매,102동,1/24,470000000,136.09,DOC,1층매매 방4개 최근올수리,25.04.14,"['25년이내', '올수리', '1층', '대형평수']",남향,11416848.776544934
경기도,오산시,오산동,운암현대,매매,102동,고/24,500000000,136.09,DOC,정상입주. top층 주인거주 인프라 굳. 광역교통 시청 도서관 마트 학교,25.04.14,"['25년이내', '대형평수', '방네개이상', '화장실두개']",남향,12145583.804835036
경기도,오산시,오산동,운암현대,매매,102동,6/24,470000000,136.09,DOC,예전올수리.방4 편의시설 근접 주차편리 협의입주,25.04.02,"['25년이내', '올수리', '대형평수', '방네개이상']",남향,11416848.776544934
경기도,오산시,오산동,운암현대,매매,102동,고/24,450000000,136.09,DOC,방4 급매 24.5월 입주가능,25.04.07,"['25년이내', '급매', '대형평수', '방네개이상']",남향,10931025.424351532
경기도,오산시,오산동,운암현대,전세,102동,중/24,360000000,136.09,DOC,시스템에어컨설치 방4 중문 방마다붙박이장 올리모델링 협의입주,25.04.07,"['25년이내', '융자금없는', '대형평수', '방네개이상']",남향,8744820.339481227
경기도,오산시,오산동,운암현대,매매,102동,중/24,520000000,136.09,DOC,시스템에어컨설치 방4 중문 방마다붙박이장 올리모델링,25.04.07,"['25년이내', '대형평수', '방네개이상', '화장실두개']",남향,12631407.157028437
경기도,오산시,오산동,운암현대,매매,102동,저/24,450000000,136.09,DOC,샷시까지 올수리 세안고,25.04.07,"['25년이내', '올수리', '대형평수', '방네개이상']",남향,10931025.424351532
경기도,오산시,오산동,운암현대,매매,102동,저/24,450000000,136.09,DOC,올수리 협의입주 생활인프라풍부 주차넉넉,25.03.31,"['25년이내', '올수리', '대형평수', '방네개이상']",남향,10931025.424351532
경기도,오산시,오산동,운암현대,매매,102동,3/24,470000000,136.09,DOC,주인거주 관리굿.부분수리 방4 ,25.03.24,"['25년이내', '대형평수', '방네개이상', '화장실두개']",남향,11416848.776544934
경기도,오산시,오산동,운암현대,전세,102동,중/24,360000000,136.09,NONE,샷시포함 올리모델링 컨디션 최상,25.04.04,"['25년이내', '대형평수', '방네개이상', '화장실두개']",남향,8744820.339481227
경기도,오산시,오산동,운암현대,매매,101동,6/22,400000000,122.54,DOC,세안고매매.광역교통망.오색시장등 생활권 최고,25.04.14,"['25년이내', '방세개', '화장실두개', '세대당1대']",남향,10790876.44850661
경기도,오산시,오산동,운암현대,매매,105동,고/22,400000000,122.54,DOC,주인거주로 관리잘된 집.협의입주가능.학교.관공서.상업시설등 이동편리함,25.04.17,"['25년이내', '방세개', '화장실두개', '고층']",남향,10790876.44850661
경기도,오산시,오산동,운암현대,월세,103동,고/24,1억/80,122.54,DOC,2억40도 가능 보증금 월세 상호조정가능,25.04.09,"['25년이내', '융자금없는', '방세개', '화장실두개']",남향,
경기도,오산시,오산동,운암현대,매매,105동,중/22,430000000,122.54,DOC,샷시포함 올수리 주차편리 근생근접,25.03.31,"['25년이내', '올수리', '방세개', '화장실두개']",남향,11600192.182144605
경기도,오산시,오산동,운암현대,매매,105동,고/22,430000000,122.54,DOC,전세안고매매 올수리,25.03.27,"['25년이내', '올수리', '방세개', '화장실두개']",남향,11600192.182144605
경기도,오산시,오산동,운암현대,매매,106동,10/22,350000000,104.02,OWNER,해가좋은 남향 오색시장 가까워요  집주인거주 관리굿,25.04.19,"['25년이내', '방세개', '화장실두개', '중층']",남향,11123098.923283985
경기도,오산시,오산동,운암현대,매매,106동,1/22,420000000,104.02,OWNER,"최근 올리모델링,인기많은1층아이들 뛰놀수있는집,초중고근접,생활 편의시설굿",25.04.18,"['25년이내', '1층', '방세개', '화장실두개']",남향,13347718.707940781
경기도,오산시,오산동,운암현대,매매,106동,저/22,330000000,104.02,DOC,싱크대교체 탄성 부분수리 주인거주 협의입주가능,25.04.10,"['25년이내', '주방교체', '방세개', '화장실두개']",남향,10487493.2705249
경기도,오산시,오산동,운암현대,매매,106동,중/22,380000000,104.02,DOC,4년전샷시교체 올수리 중문등 컨디션 최상 6월말이후협의입주 가능,25.04.10,"['25년이내', '올수리', '방세개', '화장실두개']",남향,12076507.40242261
경기도,오산시,오산동,운암현대,월세,106동,10/22,"2,000/110",104.02,NONE,씽크대화장실등부분수리 협의입주 깨끗 생활인프라굿,25.04.03,"['25년이내', '방세개', '화장실두개', '중층']",남향,
경기도,오산시,오산동,운암현대,매매,106동,저/22,330000000,104.02,NONE,기본집 주인거주 급매 거실 정원뷰,25.04.02,"['25년이내', '급매', '방세개', '화장실두개']",남향,10487493.2705249
경기도,오산시,오산동,운암현대,매매,106동,중/22,350000000,104.02,NONE,협의입주가능 주인거주 관리 굿,25.04.02,"['25년이내', '방세개', '화장실두개', '중층']",남향,11123098.923283985
경기도,오산시,오산동,이화,월세,A동,4/5,"1,000/65",88.31,DOC,최근올수리  보증금 조절가능   즉시입주가능,25.04.14,"['25년이상', '올수리', '방세개', '화장실한개']",남향,
경기도,오산시,오산동,이화,월세,A동,4/5,"1,000/60",88.31,NONE,최근올수리  즉시입주가능  보증금500에70가능,25.04.14,"['25년이상', '올수리', '방세개', '화장실한개']",남향,
경기도,오산시,오산동,이화,매매,B동,4/5,860000000000,46.65,DOC,방3화1앞뒤베란다 애정갖고 관리 잘된집 집주인거주,25.04.15,"['25년이상', '소형평수', '방세개', '화장실한개']",남서향,60942660235.7985
경기도,오산시,오산동,이화,매매,B동,4/5,860000000000,46.65,NONE,"급매,3룸아파트,리모델링됨,집주인거주,내부상태굿,정상입주,",25.04.14,"['25년이상', '급매', '소형평수', '방두개']",남서향,60942660235.7985
경기도,오산시,오산동,헬리오스(주상복합),매매,1동,4/8,695000000000,23.06,DOC,"세끼고 매매, 분리형1.5룸.",25.04.14,"['15년이내', '세대분리', '소형평수', '방한개']",남향,99632288594.96967
경기도,오산시,오산동,헬리오스(주상복합),월세,1동,3/8,500/45,23.06,DOC,"풀옵션,분리형1.5룸 주차가능해요.빠른입주",25.04.14,"['15년이내', '세대분리', '화장실한개', '소형평수']",남향,
경기도,오산시,오산동,희망,매매,다동,3/3,160000000,76.78,OWNER,"세안고 투자, 샷시까지 올수리, 방수공사까지 완료된 집",25.04.12,"['25년이상', '올수리', '탑층', '방세개']",남향,6888846.053659808
경기도,오산시,오산동,희망,월세,다동,2/3,"2,000/55",76.78,DOC,올수리 5월21일이후입주가 생활권좋아요,25.04.18,"['25년이상', '올수리', '방세개', '화장실두개']",남향,
경기도,오산시,오산동,희망,전세,가동,3/3,900000000000,76.78,DOC,"오산운동장,깨끗,넓은거실,남향,반전세가능",25.03.24,"['25년이상', '탑층', '방세개', '화장실두개']",남향,38749759051.83642
경기도,오산시,오산동,희망,전세,가동,3/3,100000000,76.78,NONE,,25.04.11,"['25년이상', '탑층', '방세개', '화장실두개']",남향,4305528.7835373795
경기도,오산시,외삼미동,서동탄역더샵파크시티,매매,116동,8/29,650000000,127.51,OWNER,"3 8 강 추, 뷰 좋 은 전 면 동 저 렴 하 게 선 점 하 세 요,",25.04.19,"['10년이내', '대단지', '방네개이상', '화장실두개']",남동향,16851699.866677124
경기도,오산시,외삼미동,서동탄역더샵파크시티,전세,112동,4/29,400000000,127.51,OWNER,"3 8 저 렴 전세, 8 월 중 순 입 주, 아 늑 한 정 원 뷰,",25.04.19,"['10년이내', '대단지', '방네개이상', '화장실두개']",남동향,10370276.841032075
경기도,오산시,외삼미동,서동탄역더샵파크시티,월세,114동,12/29,"3억 5,000/40",127.51,OWNER,전면동 확트인뷰 필봉산조망 집상태최상 투인원에어컨,25.04.18,"['10년이내', '융자금적은', '대단지', '방네개이상']",남동향,
경기도,오산시,외삼미동,서동탄역더샵파크시티,매매,114동,12/29,720000000,127.51,OWNER,전면동 확트인뷰 필봉산조망 집상태최상 투인원에어컨,25.04.18,"['10년이내', '대단지', '방네개이상', '화장실두개']",남동향,18666498.313857734
경기도,오산시,외삼미동,서동탄역더샵파크시티,매매,110동,3/28,620000000,127.51,OWNER,"강 력 추 천, 3 8 급 매, 아 늑 한 정 원 뷰, 선 점 하 세 요",25.04.16,"['10년이내', '대단지', '급매', '방네개이상']",남동향,16073929.103599718
경기도,오산시,외삼미동,서동탄역더샵파크시티,전세,110동,8/28,450000000,127.51,OWNER,"커뮤니티 이용 편리, 줄눈,탄성,폴리싱타일,주인거주로 관리 잘 된 집",25.04.15,"['10년이내', '대단지', '방네개이상', '화장실두개']",남동향,11666561.446161086
경기도,오산시,외삼미동,서동탄역더샵파크시티,매매,114동,중/29,700000000,127.51,OWNER,"추천 38 전 면 동, 탁 트인 필봉산 뷰,주인거주로 관리잘된 집,방4",25.04.19,"['10년이내', '대단지', '방네개이상', '화장실두개']",남동향,18147984.471806135
경기도,오산시,외삼미동,서동탄역더샵파크시티,매매,116동,27/29,1080000000,127.51,OWNER,"테라스 있는 귀 한 탑층,  시스템에어컨 4대,  다락방,  전면로얄동,",25.04.12,"['10년이내', '테라스', '대단지', '방네개이상']",남동향,27999747.470786605
경기도,오산시,외삼미동,서동탄역더샵파크시티,전세,114동,12/29,450000000,127.51,OWNER,,25.04.12,"['10년이내', '대단지', '방네개이상', '화장실두개']",남동향,11666561.446161086
경기도,오산시,외삼미동,서동탄역더샵파크시티,매매,116동,4/29,680000000,127.51,OWNER,"3 8 추 천, 전 망 채 광 좋 은 전 면 동, 주 인 거 주,",25.04.12,"['10년이내', '대단지', '방네개이상', '화장실두개']",남동향,17629470.629754532
경기도,오산시,외삼미동,서동탄역더샵파크시티,매매,110동,10/28,750000000,127.51,OWNER,"단지중앙광장뷰 트인전망 부분인테리어 시스템에어컨4,중문,패키지붙박이",25.04.11,"['10년이내', '대단지', '방네개이상', '화장실두개']",남동향,19444269.076935142
경기도,오산시,외삼미동,서동탄역더샵파크시티,매매,114동,10/29,720000000,127.51,OWNER,"전면동 막힘없는뷰 화이트인테리어된집 시스템에어컨4,중문",25.04.11,"['10년이내', '대단지', '방네개이상', '화장실두개']",남동향,18666498.313857734
경기도,오산시,외삼미동,서동탄역더샵파크시티,매매,114동,8/29,710000000,127.51,OWNER,"전면동 트인전망 시스템에어컨,김냉,중문 대형펜트리타입",25.04.11,"['10년이내', '대단지', '대형평수', '방세개']",남동향,18407241.392831933
경기도,오산시,외삼미동,서동탄역더샵파크시티,매매,114동,27/29,780000000,127.51,OWNER,"3 8 햇 살 가 득 전 면 동, 대 형 드 레 스 룸 및 팬 트 리",25.04.11,"['10년이내', '대단지', '대형평수', '방네개이상']",남동향,20222039.84001255
경기도,오산시,외삼미동,서동탄역더샵파크시티,매매,116동,9/29,680000000,127.51,OWNER,"추천, 전 면 동, 필 봉 산 조망, 중문, 부분 인테리어, 집상태 최상",25.04.11,"['10년이내', '대단지', '방네개이상', '화장실두개']",남동향,17629470.629754532
경기도,오산시,외삼미동,서동탄역더샵파크시티,매매,114동,16/29,750000000,127.51,OWNER,"3 8 뷰 좋 은 전 면 동, 시 에 5 대, 중 문, 집 상 태 최 상",25.04.09,"['10년이내', '대단지', '방네개이상', '화장실두개']",남동향,19444269.076935142
경기도,오산시,외삼미동,서동탄역더샵파크시티,매매,110동,5/28,700000000,127.51,OWNER,시스템4대외 인테리어 됨.정원같은 뷰.조용한동.휴트니센터동으로 이용편리.,25.04.08,"['10년이내', '마당', '대단지', '방네개이상']",남동향,18147984.471806135
경기도,오산시,외삼미동,서동탄역더샵파크시티,매매,110동,고/28,700000000,127.51,OWNER,시스템에어컨4대 중문설치 고층뷰 일조량우수한매물 주차편리한동,25.04.11,"['10년이내', '대단지', '방네개이상', '화장실두개']",남동향,18147984.471806135
경기도,오산시,외삼미동,서동탄역더샵파크시티,매매,110동,저/28,700000000,127.51,OWNER,"거실, 주방 타일시공, 방4,주차장 1,2층으로 넉넉,주인거로 관리잘된집",25.04.11,"['10년이내', '대단지', '방네개이상', '화장실두개']",남동향,18147984.471806135
경기도,오산시,외삼미동,서동탄역더샵파크시티,매매,112동,고/29,720000000,127.51,OWNER,"추천,고층뷰로 채광좋음, 시스템에어컨5대,식세기,방4,주인거주 집상태최상",25.04.11,"['10년이내', '대단지', '방네개이상', '화장실두개']",남동향,18666498.313857734
경기도,오산시,외삼미동,서동탄역더샵파크시티,매매,112동,중/29,700000000,127.51,OWNER,"전세안고  매매,시스템에어컨4. 방4, 중문,커뮤니티 이용편리,조용한 동",25.04.10,"['10년이내', '대단지', '방네개이상', '화장실두개']",남동향,18147984.471806135
경기도,오산시,외삼미동,서동탄역더샵파크시티,매매,114동,중/29,690000000,127.51,OWNER,"추천 38 전 면 동, 사계절이 예쁜 필봉산 뷰,시스템에어컨 2대, 방4",25.04.03,"['10년이내', '대단지', '방네개이상', '화장실두개']",남동향,17888727.550780334
경기도,오산시,외삼미동,서동탄역더샵파크시티,매매,114동,2/29,750000000,127.51,OWNER,전면동 확트인전망 소공원뷰,25.03.24,"['10년이내', '대단지', '방네개이상', '화장실두개']",남동향,19444269.076935142
경기도,오산시,외삼미동,서동탄역더샵파크시티,매매,114동,저/29,760000000,127.51,OWNER,전면동 트인뷰. 거실주방 벽면 대리석 올인테리어. 강력추천하는집,25.03.29,"['10년이내', '대단지', '방네개이상', '화장실두개']",남동향,19703525.997960944
경기도,오산시,외삼미동,서동탄역더샵파크시티,매매,114동,고/29,700000000,127.51,OWNER,"3 8 사 계 절 뷰 좋 은 전 면 동, 방 4 개,",25.03.24,"['10년이내', '대단지', '방네개이상', '화장실두개']",남동향,18147984.471806135
경기도,오산시,외삼미동,서동탄역더샵파크시티,매매,116동,3/29,598000000,108.96,OWNER,"시스템에어컨4, 중문, 줄눈, 펜트리 타입, 주인거주로 깔끔한 집",25.04.15,"['10년이내', '대단지', '방세개', '화장실두개']",남동향,18142983.02129222
경기도,오산시,외삼미동,서동탄역더샵파크시티,매매,114동,2/29,620000000,108.96,OWNER,"3 3 전 면 동, 시 에 4 대, 아 늑 한 정 원 뷰,",25.04.09,"['10년이내', '대단지', '방세개', '화장실두개']",남동향,18810450.624082234
경기도,오산시,외삼미동,서동탄역더샵파크시티,매매,110동,중/28,620000000,108.96,OWNER,세 안 고 .시스템4대.중문.줄눈.탄성.27년 10월,25.04.08,"['10년이내', '대단지', '방세개', '화장실두개']",남동향,18810450.624082234
경기도,오산시,외삼미동,서동탄역더샵파크시티,매매,104동,5/27,620000000,108.72,OWNER,"3 3 추 천, 집 상 태 최 상, 멋 진 단 지 뷰,",25.04.19,"['10년이내', '대단지', '방세개', '화장실두개']",남동향,18851974.79764533
경기도,오산시,외삼미동,서동탄역더샵파크시티,매매,113동,3/26,590000000,108.72,OWNER,"선호하는 전면동 막힘없는 뷰,전세 안고 매매, 줄눈,탄성",25.04.19,"['10년이내', '대단지', '방세개', '화장실두개']",남동향,17939782.468727004
경기도,오산시,외삼미동,서동탄역더샵파크시티,매매,115동,7/29,700000000,108.72,OWNER,"로얄동,층 전면동으로 필봉산조망, 시스템어어컨 2대, 중문, 주차편리한동",25.04.19,"['10년이내', '대단지', '방세개', '화장실두개']",남동향,21284487.674760856
경기도,오산시,외삼미동,서동탄역더샵파크시티,매매,118동,17/29,635000000,108.72,OWNER,"주출입구동 상가 대중교통이용편리 시스템에어컨3,중문",25.04.19,"['10년이내', '대단지', '방세개', '화장실두개']",남동향,19308070.962104492
경기도,오산시,외삼미동,서동탄역더샵파크시티,매매,102동,26/29,630000000,108.72,OWNER,주인거주깔끔하고 남동향의 환한집 방4개,25.04.19,"['10년이내', '대단지', '방네개이상', '화장실두개']",남동향,19156038.90728477
경기도,오산시,외삼미동,서동탄역더샵파크시티,매매,104동,11/27,620000000,108.72,OWNER,"단지중앙 확 트인 정원뷰, 중문, 팬트리, 커뮤니티 시설 이용편리",25.04.18,"['10년이내', '대단지', '방세개', '화장실두개']",남동향,18851974.79764533
경기도,오산시,외삼미동,서동탄역더샵파크시티,매매,102동,29/29,800000000,108.72,OWNER,입주가능 탑층 다락방과 넓은테라스세대  실사진첨부,25.04.18,"['10년이내', '테라스', '대단지', '복층']",남동향,24325128.771155264
경기도,오산시,외삼미동,서동탄역더샵파크시티,매매,104동,14/27,605000000,108.72,OWNER,"3 3 추 천, 중 앙 단 지 뷰, 방 3 개, 집 상 태 최 상",25.04.18,"['10년이내', '대단지', '방세개', '화장실두개']",남동향,18395878.63318617
경기도,오산시,외삼미동,서동탄역더샵파크시티,월세,115동,11/29,"5,000/160",108.72,OWNER,"인기있는 전면동, 트인뷰, 시에 2대, 중문 ,팬트리, 엘베 2대로 편리",25.04.18,"['10년이내', '융자금없는', '대단지', '방세개']",남동향,
경기도,오산시,외삼미동,서동탄역더샵파크시티,매매,116동,8/29,630000000,108.72,OWNER,"선호하는 전면동 필봉산 뷰 좋음, 25년 8월 입주 협의",25.04.17,"['10년이내', '대단지', '방세개', '화장실두개']",남동향,19156038.90728477
경기도,오산시,외삼미동,서동탄역더샵파크시티,매매,101동,18/29,600000000,108.72,OWNER,"3 3 강 력 추 천, 한 눈 에 보 이 는 시 티 뷰, 시 에 2 대,",25.04.17,"['10년이내', '대단지', '방세개', '화장실두개']",남동향,18243846.578366447
경기도,오산시,외삼미동,서동탄역더샵파크시티,매매,112동,28/29,605000000,108.72,OWNER,"3 3 추 천, 시 에 4 대, 즉 시 입 주, 선 점 하 세 요",25.04.17,"['10년이내', '대단지', '방세개', '화장실두개']",남동향,18395878.63318617
경기도,오산시,외삼미동,서동탄역더샵파크시티,매매,114동,23/29,630000000,108.72,OWNER,"추 천 매물 전면동,  막힘없는 필봉산 조망, 중문, 펜트리, 줄눈,탄성",25.04.16,"['10년이내', '대단지', '방세개', '화장실두개']",남동향,19156038.90728477
경기도,오산시,외삼미동,서동탄역더샵파크시티,매매,104동,12/27,610000000,108.72,OWNER,"추 천, 3 3 매 력 만 점 뷰, 시 에 4 대,  방 4 개,",25.04.16,"['10년이내', '대단지', '방세개', '화장실두개']",남동향,18547910.688005887
경기도,오산시,외삼미동,서동탄역더샵파크시티,매매,104동,13/27,650000000,108.72,OWNER,"3 3 집 상 태 최 상, 주 인 거 주, 방 3 개, 넓 은 팬 트 리",25.04.15,"['10년이내', '대단지', '방세개', '화장실두개']",남동향,19764167.126563653
경기도,오산시,외삼미동,서동탄역더샵파크시티,전세,101동,28/29,350000000,108.72,OWNER,6월13일입주 주출입구동 확트인전망 해잘들고 따뜻한집,25.04.15,"['10년이내', '대단지', '방세개', '화장실두개']",남동향,10642243.837380428
경기도,오산시,외삼미동,서동탄역더샵파크시티,매매,107동,29/29,770000000,108.72,NDOC1, 희소성이 있는 탑층 복층구조와 프라이빗 옥상테라스를 갖춘 아파트,25.04.15,"['10년이내', '테라스', '대단지', '복층']",남동향,23412936.44223694
경기도,오산시,외삼미동,서동탄역더샵파크시티,매매,104동,고/27,620000000,108.72,OWNER,"입주추천 시스템에어컨4,중문 가까운동 초고층하늘뷰 일조량우수매물",25.04.18,"['10년이내', '대단지', '방세개', '화장실두개']",남동향,18851974.79764533
경기도,오산시,외삼미동,서동탄역더샵파크시티,매매,115동,11/29,650000000,108.72,OWNER,6월초입주협의  시스템에어컨2대 중문 전면동 주차편리동,25.04.11,"['10년이내', '대단지', '방세개', '화장실두개']",남동향,19764167.126563653
경기도,오산시,외삼미동,서동탄역더샵파크시티,매매,118동,20/29,630000000,108.72,OWNER,입주협의 주출입구가까운동 초고층뷰 일조량우수 주인거주 집깨끗,25.04.11,"['10년이내', '대단지', '방네개이상', '화장실두개']",남동향,19156038.90728477
경기도,오산시,외삼미동,서동탄역더샵파크시티,매매,113동,21/26,630000000,108.72,OWNER,"전 면 동, 막힘없는 조망, 시스템에어컨4. 중문, 인덕션, 탄성등 옵션",25.04.11,"['10년이내', '대단지', '방세개', '화장실두개']",남동향,19156038.90728477
경기도,오산시,외삼미동,서동탄역더샵파크시티,매매,113동,고/26,625000000,108.72,OWNER,"전면동 시스템에어컨2,붙박이장 확트인고층뷰 일조량우수 집상태최상",25.04.17,"['10년이내', '대단지', '방네개이상', '화장실두개']",남동향,19004006.85246505
경기도,오산시,외삼미동,서동탄역더샵파크시티,매매,112동,중/29,600000000,108.72,OWNER,"3 3 강 추, 집 상 태 최 상 급 매 물, 선 점 하 세 요",25.04.17,"['10년이내', '대단지', '급매', '방세개']",남동향,18243846.578366447
경기도,오산시,외삼미동,서동탄역더샵파크시티,매매,112동,14/29,600000000,108.72,OWNER,세 안 고 매 매.로 얄 동 층 임.조요한동 .25년 12월,25.04.08,"['10년이내', '대단지', '방세개', '화장실두개']",남동향,18243846.578366447
경기도,오산시,외삼미동,서동탄역더샵파크시티,매매,113동,중/26,630000000,108.72,OWNER,"전면동 전망좋은집 방4, 지하1층주차장 연결로 주차편리",25.04.11,"['10년이내', '대단지', '방세개', '화장실두개']",남동향,19156038.90728477
경기도,오산시,외삼미동,서동탄역더샵파크시티,매매,115동,고/29,630000000,108.72,OWNER,전면동 확트인 필봉산뷰 전망좋은집  중문 방4,25.04.11,"['10년이내', '대단지', '방네개이상', '화장실두개']",남동향,19156038.90728477
경기도,오산시,외삼미동,서동탄역더샵파크시티,매매,107동,고/29,610000000,108.72,OWNER,전세안고 투자 초고층  시스템에어컨4 중문 인테리어된집,25.04.08,"['10년이내', '대단지', '방세개', '화장실두개']",남동향,18547910.688005887
경기도,오산시,외삼미동,서동탄역더샵파크시티,매매,118동,고/29,600000000,108.72,OWNER,"3 3 갭 투 자, 조 용 한 고 층, 선 점 하 세 요",25.04.07,"['10년이내', '대단지', '방세개', '화장실두개']",남동향,18243846.578366447
경기도,오산시,외삼미동,서동탄역더샵파크시티,매매,101동,28/29,620000000,108.72,OWNER,"3 3 고 층 뷰 조 망 최 고, 주 출 입 구 동, 입 주 협 의",25.03.29,"['10년이내', '대단지', '방세개', '화장실두개']",남동향,18851974.79764533
경기도,오산시,외삼미동,서동탄역더샵파크시티,매매,104동,27/27,790000000,108.72,OWNER,"3 3 귀 한 탑 층, 전 망 최 고, 시 에 2 대,",25.03.29,"['10년이내', '대단지', '탑층', '방세개']",남동향,24021064.66151582
경기도,오산시,외삼미동,서동탄역더샵파크시티,매매,118동,저/29,580000000,108.72,OWNER,"층간소음 걱정없이 편안한 1층,시스템 에어컨 4대,팬트리,중문,주출입구동",25.04.01,"['10년이내', '대단지', '방세개', '화장실두개']",남동향,17635718.359087564
경기도,오산시,외삼미동,서동탄역더샵파크시티,매매,114동,중/29,680000000,108.72,OWNER,"시에4대. 대리석바닥. 화이트인테리어,집상태최상",25.03.29,"['10년이내', '대단지', '방세개', '화장실두개']",남동향,20676359.455481973
경기도,오산시,외삼미동,서동탄역더샵파크시티,매매,101동,고/29,650000000,108.72,OWNER,"탁 트인 뷰, 채광우수,시스템에어컨4대, 팬트리,주인거주로 집컨디션 최상",25.03.26,"['10년이내', '대단지', '방세개', '화장실두개']",남동향,19764167.126563653
경기도,오산시,외삼미동,서동탄역더샵파크시티,매매,114동,고/29,650000000,108.72,OWNER,전면동 필봉산전망 고층뷰 로얄매물,25.03.24,"['10년이내', '대단지', '방세개', '화장실두개']",남동향,19764167.126563653
경기도,오산시,외삼미동,서동탄역더샵파크시티,매매,106동,4/29,520000000,98.85,OWNER,"집컨디션최상, 11월초부터입주, 조용하고 아늑한뷰,",25.04.19,"['10년이내', '대단지', '방세개', '화장실두개']",남동향,17390067.77946384
경기도,오산시,외삼미동,서동탄역더샵파크시티,매매,118동,24/29,640000000,98.85,OWNER,"즉 시 입 주, 전 망 좋 은 탑 층, 개 인 테 라 스  다 락 방,",25.04.19,"['10년이내', '테라스', '대단지', '방세개']",남서향,21403160.34395549
경기도,오산시,외삼미동,서동탄역더샵파크시티,매매,106동,8/29,535000000,98.85,OWNER,"3 0 채 광 좋 은 남 동 향, 중 문, 탄성 , 줄 눈",25.04.19,"['10년이내', '대단지', '방세개', '화장실두개']",남동향,17891704.350025292
경기도,오산시,외삼미동,서동탄역더샵파크시티,매매,111동,25/28,550000000,98.85,OWNER,"추 천, 3 0 야 경 이 멋 진 고 층 뷰, 중 문, 주 인 거 주",25.04.19,"['10년이내', '대단지', '방세개', '화장실두개']",남동향,18393340.92058675
경기도,오산시,외삼미동,서동탄역더샵파크시티,매매,118동,24/29,550000000,98.85,OWNER,"3 0 추 천, 시 에 4 대. 거 실 매 립 조 명. 주 출 입 구 동",25.04.19,"['10년이내', '대단지', '방세개', '화장실두개']",남동향,18393340.92058675
경기도,오산시,외삼미동,서동탄역더샵파크시티,매매,108동,23/25,525000000,98.85,OWNER,"초등학교 가까운 동,줄눈, 빠른 입주 가능, 주인거주",25.04.19,"['10년이내', '대단지', '방세개', '화장실두개']",남동향,17557279.969650988
경기도,오산시,외삼미동,서동탄역더샵파크시티,매매,109동,28/28,750000000,98.85,OWNER,탑 층 테라스  전세안고 매매 부분 인테리어 다락방 계단시공 및 냉난방기,25.04.19,"['10년이내', '테라스', '대단지', '탑층']",남동향,25081828.52807284
경기도,오산시,외삼미동,서동탄역더샵파크시티,전세,118동,24/29,380000000,98.85,OWNER,"즉 시 입 주, 전 망 좋 은 탑 층, 개 인 테 라 스  다 락 방,",25.04.19,"['10년이내', '테라스', '대단지', '방세개']",남서향,12708126.454223573
경기도,오산시,외삼미동,서동탄역더샵파크시티,매매,109동,26/28,700000000,98.85,OWNER,탑층 다락방과 전용테라스공간 중문 수납장,25.04.19,"['10년이내', '테라스', '대단지', '복층']",남동향,23409706.626201317
경기도,오산시,외삼미동,서동탄역더샵파크시티,매매,113동,5/26,540000000,98.85,OWNER,"전세안고매매  막힘없는전망 소공원뷰가이쁜집 시스템에어컨4,중문",25.04.19,"['10년이내', '대단지', '방세개', '화장실두개']",남동향,18058916.540212445
경기도,오산시,외삼미동,서동탄역더샵파크시티,매매,111동,26/28,550000000,98.85,OWNER,"시스템에어컨4,중문,인덕션,식세기 전망좋고 일조량우수매물",25.04.19,"['10년이내', '대단지', '방세개', '화장실두개']",남동향,18393340.92058675
경기도,오산시,외삼미동,서동탄역더샵파크시티,매매,115동,28/29,650000000,98.85,OWNER,주인거주 단지뷰트인조망 중문 부분인테리어공사,25.04.18,"['10년이내', '대단지', '방세개', '화장실두개']",남서향,21737584.724329796
경기도,오산시,외삼미동,서동탄역더샵파크시티,매매,113동,20/26,590000000,98.85,OWNER,"전면동 확트인전망 시스템에어컨2,중문 주인거주로 집상태깨끗",25.04.18,"['10년이내', '대단지', '방세개', '화장실두개']",남동향,19731038.442083966
경기도,오산시,외삼미동,서동탄역더샵파크시티,매매,103동,28/28,670000000,98.85,OWNER,"복층탑층, 멋진 테라스 공간, 화이트주방,중문,줄눈,계단밑펜트리,입주협의",25.04.17,"['10년이내', '테라스', '대단지', '복층']",남동향,22406433.485078402
경기도,오산시,외삼미동,서동탄역더샵파크시티,매매,113동,21/26,600000000,98.85,OWNER,"막힘없는 고층 뷰, 주인 거주로 관리 잘 된 매물",25.04.17,"['10년이내', '대단지', '방세개', '화장실두개']",남동향,20065462.822458275
경기도,오산시,외삼미동,서동탄역더샵파크시티,매매,108동,19/25,530000000,98.85,OWNER,"3 0 추 천, 채 광 조 망 최 고, 조 용 한 고 층 뷰,",25.04.16,"['10년이내', '대단지', '방세개', '화장실두개']",남동향,17724492.15983814
경기도,오산시,외삼미동,서동탄역더샵파크시티,매매,111동,11/28,530000000,98.85,OWNER,"전세안고매매,로얄동의 트인뷰, 커뮤니티 이용 편리, 넓은 동간거리",25.04.15,"['10년이내', '대단지', '방세개', '화장실두개']",남동향,17724492.15983814
경기도,오산시,외삼미동,서동탄역더샵파크시티,매매,115동,19/29,590000000,98.85,OWNER,"전세 안고 매매, 전면동 확 트인 뷰,중문,줄눈,탄성,27년2월 만기",25.04.15,"['10년이내', '대단지', '방세개', '화장실두개']",남동향,19731038.442083966
경기도,오산시,외삼미동,서동탄역더샵파크시티,매매,117동,저/26,495000000,98.85,OWNER,강추합니다.전면동으로 마당같은 정원뷰 이쁨.시스4대외 집 컨디션 굿.,25.04.19,"['10년이내', '마당', '대단지', '방세개']",남동향,16554006.828528073
경기도,오산시,외삼미동,서동탄역더샵파크시티,매매,105동,29/29,770000000,98.85,OWNER,"테라스, 시스템에어컨4,  중문2, 계단시공 및 인테리어, 작은방 붙박이",25.04.12,"['10년이내', '테라스', '대단지', '탑층']",남동향,25750677.288821448
경기도,오산시,외삼미동,서동탄역더샵파크시티,매매,109동,28/28,760000000,98.85,OWNER,"추 천, 3 0 귀 한 뷰 좋 은 탑 층, 시 에 4 대,",25.04.12,"['10년이내', '대단지', '탑층', '방세개']",남동향,25416252.908447146
경기도,오산시,외삼미동,서동탄역더샵파크시티,매매,109동,저/28,530000000,98.85,OWNER,"정상입주 트인전망 시스템에어컨4,중문 집상태최상",25.04.18,"['10년이내', '대단지', '방세개', '화장실두개']",남동향,17724492.15983814
경기도,오산시,외삼미동,서동탄역더샵파크시티,매매,109동,중/28,560000000,98.85,OWNER,"추 천, 주 차 스 트 레 스 없 는 동, 조 망 전 망 최 고",25.04.18,"['10년이내', '대단지', '방세개', '화장실두개']",남동향,18727765.300961055
경기도,오산시,외삼미동,서동탄역더샵파크시티,매매,117동,18/26,580000000,98.85,OWNER,"전면동 필봉산뷰 상가,대중교통이용편리한동",25.04.11,"['10년이내', '대단지', '방세개', '화장실두개']",남동향,19396614.061709665
경기도,오산시,외삼미동,서동탄역더샵파크시티,매매,106동,29/29,710000000,98.85,OWNER,"올인테리어 화이트톤 실사진첨부 시스템에어컨,거실바닥교체, 다락방난방시공",25.04.11,"['10년이내', '대단지', '복층', '탑층']",남향,23744131.006575625
경기도,오산시,외삼미동,서동탄역더샵파크시티,매매,106동,9/29,530000000,98.85,OWNER,"3 0 세 안 고 매 매, 27 년 5 월 입 주,",25.04.11,"['10년이내', '대단지', '방세개', '화장실두개']",남동향,17724492.15983814
경기도,오산시,외삼미동,서동탄역더샵파크시티,전세,109동,저/28,350000000,98.85,OWNER,"로얄동 ,트인뷰, 시스템에어컨 2대, 초등가까운동,주차장2개층사용으로편리",25.04.16,"['10년이내', '대단지', '방세개', '화장실두개']",남동향,11704853.313100658
경기도,오산시,외삼미동,서동탄역더샵파크시티,매매,117동,고/26,560000000,98.85,OWNER,"주 출 입 구 ,전 면 동 조 망 최 고, 집 상 태 최 상,",25.04.15,"['10년이내', '대단지', '방세개', '화장실두개']",남동향,18727765.300961055
경기도,오산시,외삼미동,서동탄역더샵파크시티,매매,106동,2/29,498000000,98.85,DOCV2,"3 0 급 매, 저 렴 하 게 선 점 하 세 요, 집 상 태 최 상",25.04.12,"['10년이내', '대단지', '급매', '방세개']",남동향,16654334.142640367
경기도,오산시,외삼미동,서동탄역더샵파크시티,매매,118동,중/29,550000000,98.85,OWNER,주출입구 가까운동 상가 대중교통이용편리 집깨끗,25.04.11,"['10년이내', '대단지', '방세개', '화장실두개']",남동향,18393340.92058675
경기도,오산시,외삼미동,서동탄역더샵파크시티,매매,103동,중/28,590000000,98.85,OWNER,"주출입구가까운 트인전망 시스템에어컨,중문설치",25.04.11,"['10년이내', '대단지', '방세개', '화장실두개']",남동향,19731038.442083966
경기도,오산시,외삼미동,서동탄역더샵파크시티,매매,102동,3/29,570000000,98.85,OWNER,"추천 필로티 구조, 3층으로  층간 소음걱정 없음 , 이 쁜 단지 조경뷰",25.04.03,"['10년이내', '대단지', '필로티', '방세개']",남서향,19062189.68133536
경기도,오산시,외삼미동,서동탄역더샵파크시티,매매,111동,28/28,750000000,98.85,OWNER,"복층구조의 탑층,시에4,중문,줄눈,탄성등 올인테리어,입주협의",25.03.31,"['10년이내', '대단지', '복층', '탑층']",남동향,25081828.52807284
경기도,오산시,외삼미동,서동탄역더샵파크시티,매매,111동,고/28,520000000,98.85,OWNER,"탁트인고층, 채광좋음, 초등학교가까운동, 마트인접, 북오산ic이용편리",25.04.07,"['10년이내', '대단지', '방세개', '화장실두개']",남동향,17390067.77946384
경기도,오산시,외삼미동,서동탄역더샵파크시티,매매,106동,29/29,800000000,98.85,OWNER,월세끼고 투자매물 다락방테라스가있는 탑층 매물,25.03.27,"['10년이내', '테라스', '대단지', '복층']",남동향,26753950.429944362
경기도,오산시,외삼미동,서동탄역더샵파크시티,매매,113동,24/26,750000000,98.85,OWNER,"막힘없는 전망의 테라스 , 주차장편리, 복층 계단 인테리어,행위허가",25.03.27,"['10년이내', '테라스', '대단지', '복층']",남동향,25081828.52807284
경기도,오산시,외삼미동,서동탄역더샵파크시티,매매,117동,4/26,550000000,98.85,OWNER,"상권 가까운 전면동, 채광우수, 시스템에어컨4대, 중문, 집 컨디션 최상",25.03.26,"['10년이내', '대단지', '방세개', '화장실두개']",남동향,18393340.92058675
경기도,오산시,외삼미동,서동탄역더샵파크시티,매매,117동,4/26,550000000,98.85,OWNER,"주출입구 가까운 전면동 선호동매물 시스템에어컨4,중문,집깨끗",25.03.26,"['10년이내', '대단지', '방세개', '화장실두개']",남동향,18393340.92058675
경기도,오산시,외삼미동,서동탄역더샵파크시티,매매,109동,15/28,550000000,98.85,OWNER,"로얄동,조망,채광굿,집상태 좋음, 주차공간넉넉, 초등학교커뮤니티가까운동",25.03.25,"['10년이내', '대단지', '방세개', '화장실두개']",남동향,18393340.92058675
경기도,오산시,외삼미동,서동탄역더샵파크시티,매매,106동,9/29,530000000,98.85,OWNER,"부출입구 가까운 조용한 동, 중문,줄눈,탄성,냉장고장,발코니장",25.03.24,"['10년이내', '대단지', '방세개', '화장실두개']",남동향,17724492.15983814
경기도,오산시,외삼미동,서동탄역더샵파크시티,매매,111동,9/28,530000000,98.85,OWNER,"로얄동,로얄층으로 뷰 좋음,주인거주로 관리 잘 된 집",25.03.24,"['10년이내', '대단지', '방세개', '화장실두개']",남동향,17724492.15983814
경기도,오산시,외삼미동,서동탄역더샵파크시티,매매,103동,저/28,500000000,98.85,OWNER,전면이 확트인 저층뷰임.주인거주로 컨디션 최상임.,25.03.27,"['10년이내', '대단지', '방세개', '화장실두개']",남동향,16721219.018715227
경기도,오산시,외삼미동,서동탄역더샵파크시티,전세,106동,중/29,350000000,98.85,DOC,"강 추, 시 에 2 대, 빌 트 인 김 냉, 중 문, 컨 디 션 최 상",25.03.31,"['10년이내', '대단지', '방세개', '화장실두개']",남동향,11704853.313100658
경기도,오산시,외삼미동,서동탄역더샵파크시티,매매,117동,24/26,560000000,98.85,DOC,"전망좋아 선호하는 전면동,시스템에어컨 4대, 주인거주집상태최상,주출입구동",25.03.24,"['10년이내', '대단지', '방세개', '화장실두개']",남동향,18727765.300961055
경기도,오산시,외삼미동,서동탄역더샵파크시티,매매,104동,11/27,470000000,85.1,OWNER,"2 5 추 천, 뷰 좋 은 동 , 선 점 하 세 요, 집 상 태 최 상",25.04.19,"['10년이내', '대단지', '방세개', '화장실두개']",남동향,18257566.980023503
경기도,오산시,외삼미동,서동탄역더샵파크시티,매매,107동,29/29,550000000,85.1,OWNER,"2 5 B, 뷰 좋 은 탑 층, 개 별 테 라 스, 엘 베 2 대,",25.04.19,"['10년이내', '테라스', '대단지', '탑층']",남동향,21365237.955346655
경기도,오산시,외삼미동,서동탄역더샵파크시티,매매,106동,12/29,490000000,85.1,OWNER,"2 5 세 안 고 매 매, 시 에 3 대, 집 상 태 최 상",25.04.19,"['10년이내', '대단지', '방세개', '화장실두개']",남동향,19034484.723854292
경기도,오산시,외삼미동,서동탄역더샵파크시티,매매,101동,1/29,450000000,85.1,OWNER,"층간소음없는 집, 주출입구 가까운동, 학원추천, 정원같은 뷰",25.04.19,"['10년이내', '마당', '대단지', '1층']",남동향,17480649.236192714
경기도,오산시,외삼미동,서동탄역더샵파크시티,매매,117동,15/26,500000000,85.1,OWNER,"강 추, 2 5 뷰 좋 은 전 면 동, 전 망 조 망 최 고",25.04.18,"['10년이내', '대단지', '방세개', '화장실두개']",남동향,19422943.595769685
경기도,오산시,외삼미동,서동탄역더샵파크시티,매매,106동,22/29,500000000,85.1,OWNER,"2 5 세 안 고 매 매, 시 에 2 대,  조 용 한 고 층,",25.04.18,"['10년이내', '대단지', '방세개', '화장실두개']",남동향,19422943.595769685
경기도,오산시,외삼미동,서동탄역더샵파크시티,매매,107동,중/29,460000000,85.1,OWNER,"2 5 추 천, 집 컨 디 션 최 상, 엘 베 2 대,",25.04.19,"['10년이내', '대단지', '방세개', '화장실두개']",남동향,17869108.10810811
경기도,오산시,외삼미동,서동탄역더샵파크시티,매매,105동,16/29,500000000,85.1,OWNER,"전세안고, 단지조경이 예쁜 집, 시에 4대,부출입구,근린공원 ,조용한 동",25.04.12,"['10년이내', '대단지', '방세개', '화장실두개']",남동향,19422943.595769685
경기도,오산시,외삼미동,서동탄역더샵파크시티,매매,105동,중/29,455000000,85.1,OWNER,추천 매물  조용한동 단지뷰 집상태깨끗,25.04.17,"['10년이내', '대단지', '방세개', '화장실두개']",남동향,17674878.672150414
경기도,오산시,외삼미동,서동탄역더샵파크시티,매매,104동,저/27,460000000,85.1,OWNER,착한가격.일부 인테리어로 컨디션 굿.단지중앙공원이 예쁜 정원뷰.,25.04.17,"['10년이내', '대단지', '방세개', '화장실두개']",남동향,17869108.10810811
경기도,오산시,외삼미동,서동탄역더샵파크시티,매매,102동,3/29,470000000,85.1,OWNER,주인거주. 일부 인테리어로 컨디션 좋은집. 내 마당같은 정원 뷰.,25.04.08,"['10년이내', '마당', '대단지', '필로티']",남동향,18257566.980023503
경기도,오산시,외삼미동,서동탄역더샵파크시티,매매,101동,고/29,460000000,85.1,NDOC1,월세안고 시스템에어컨2대 전망시원한집,25.04.14,"['10년이내', '대단지', '방세개', '화장실두개']",남동향,17869108.10810811
경기도,오산시,외삼미동,서동탄역더샵파크시티,월세,115동,저/29,"3,000/130",85.1,OWNER,"전면동의 아늑한뷰,2in1에어컨, 냉장고, 세탁기,깨끗한집,주차편리한 동",25.04.12,"['10년이내', '대단지', '방세개', '화장실두개']",남동향,
경기도,오산시,외삼미동,서동탄역더샵파크시티,매매,105동,19/29,490000000,85.1,OWNER,"2 5, 모 든 조 건 협 의 가 능, 시 에 2 대,",25.04.03,"['10년이내', '대단지', '방세개', '화장실두개']",남동향,19034484.723854292
경기도,오산시,외삼미동,서동탄역더샵파크시티,매매,102동,중/29,470000000,85.1,OWNER,조용한동 단지중앙광장뷰 엘레베이터2개동,25.04.08,"['10년이내', '대단지', '방세개', '화장실두개']",남동향,18257566.980023503
경기도,오산시,외삼미동,서동탄역더샵파크시티,매매,115동,저/29,470000000,85.1,OWNER,"2 5 전 망 좋 은 전 면 동, 채 광 좋 고 엘 베 2 대",25.04.07,"['10년이내', '대단지', '방세개', '화장실두개']",남동향,18257566.980023503
경기도,오산시,외삼미동,서동탄역더샵파크시티,매매,105동,28/29,500000000,85.1,OWNER,"전세안고 매매,중문, 줄눈, 고층스카이뷰, 조용한 동, 채광좋음",25.03.27,"['10년이내', '대단지', '방세개', '화장실두개']",남동향,19422943.595769685
경기도,오산시,외삼미동,서동탄역더샵파크시티,매매,104동,중/27,470000000,85.1,OWNER,역세권발표전투자 트램전투자 시에2개  단지광장 뻥뷰 남향 로열동로열층,25.04.03,"['10년이내', '대단지', '방세개', '화장실두개']",남향,18257566.980023503
경기도,오산시,외삼미동,서동탄역더샵파크시티,매매,105동,13/29,470000000,85.1,OWNER,시스템3대.공원.대형마트가 바로 옆에있어 생활편리.산책굿.확트인뷰로 채광,25.03.25,"['10년이내', '대단지', '대형평수', '방세개']",남동향,18257566.980023503
경기도,오산시,외삼미동,서동탄역더샵파크시티,매매,118동,고/29,470000000,85.1,OWNER,"시 에 2, 집상태 최상, 고층 뷰, 입주 조정 가능, 상권과 주출입구동",25.03.24,"['10년이내', '대단지', '방세개', '화장실두개']",남동향,18257566.980023503
경기도,오산시,외삼미동,서동탄역더샵파크시티,매매,106동,18/29,480000000,84.61,OWNER,"2 5 A, 강 추, 완 전 뻥 뷰, 선 점 하 세 요,",25.04.19,"['10년이내', '대단지', '방세개', '화장실두개']",남서향,18754010.164283182
경기도,오산시,외삼미동,서동탄역더샵파크시티,매매,108동,20/25,480000000,84.61,OWNER,"인 기 좋 은 2 5 A 타 입, 탁 트 인 뷰, 선 점 하 세 요",25.04.19,"['10년이내', '대단지', '방세개', '화장실두개']",남동향,18754010.164283182
경기도,오산시,외삼미동,서동탄역더샵파크시티,매매,106동,8/29,500000000,84.61,OWNER,"주 인 거 주,막힘없는 공원뷰, 집관리 최상, 투인원 에어컨, 식 세 기",25.04.18,"['10년이내', '대단지', '방세개', '화장실두개']",남서향,19535427.25446165
경기도,오산시,외삼미동,서동탄역더샵파크시티,전세,107동,2/29,310000000,84.61,OWNER,"트인전망 시스템에어컨4,중문 ,식세기 부분인테리어 집상태최상",25.04.18,"['10년이내', '대단지', '필로티', '방세개']",남서향,12111964.897766223
경기도,오산시,외삼미동,서동탄역더샵파크시티,매매,112동,2/29,470000000,84.61,OWNER,"필로티매물 시스템에어컨4,빌트인냉장고,붙박이장설치",25.04.15,"['10년이내', '대단지', '필로티', '방세개']",남서향,18363301.619193953
경기도,오산시,외삼미동,서동탄역더샵파크시티,매매,105동,6/29,470000000,84.61,OWNER,"선호하는 25 A타입 , 중 문, 드레스룸과  안방 베란다 붙박이장 설치",25.04.15,"['10년이내', '대단지', '방세개', '화장실두개']",남서향,18363301.619193953
경기도,오산시,외삼미동,서동탄역더샵파크시티,매매,107동,29/29,550000000,84.61,OWNER,"뷰 좋은 테라스,귀한 남동향A타입 복층구조의 탑층,계단공사,중문",25.04.15,"['10년이내', '테라스', '대단지', '복층']",남동향,21488969.979907814
경기도,오산시,외삼미동,서동탄역더샵파크시티,매매,116동,저/29,470000000,84.61,OWNER,"층간소음걱정없음, 유치원가까운동, 정문가깝고 정원같은 뷰",25.04.19,"['10년이내', '마당', '대단지', '방세개']",남서향,18363301.619193953
경기도,오산시,외삼미동,서동탄역더샵파크시티,매매,104동,24/27,600000000,84.61,OWNER,"강추, 귀한 탑층 테라스세대,  구조 좋은 A타입, 복층 다락방 계단공사",25.04.12,"['10년이내', '테라스', '대단지', '복층']",남서향,23442512.70535398
경기도,오산시,외삼미동,서동탄역더샵파크시티,매매,107동,23/29,485000000,84.61,OWNER,"추 천, 2 5 A, 고 층 뷰, 햇 살 좋 은 남 향, 시 에 2 대,",25.04.10,"['10년이내', '대단지', '방세개', '화장실두개']",남동향,18949364.436827797
경기도,오산시,외삼미동,서동탄역더샵파크시티,매매,103동,10/28,490000000,84.61,OWNER,"2 5 A 추 천, 시 에 4 대, 식 세 기, 선 점 하 세 요",25.04.09,"['10년이내', '대단지', '방세개', '화장실두개']",남서향,19144718.709372416
경기도,오산시,외삼미동,서동탄역더샵파크시티,매매,105동,저/29,470000000,84.61,OWNER,주인거주관리잘됨.부분인테리어됨.아주 조용한동.공원산책하기 너무좋음.,25.04.08,"['10년이내', '대단지', '방세개', '화장실두개']",남서향,18363301.619193953
경기도,오산시,외삼미동,서동탄역더샵파크시티,전세,105동,4/29,330000000,84.61,OWNER,"선 호 하 는 A 타 입, 7 월 입 주, 2in1 에 어 컨,",25.03.29,"['10년이내', '대단지', '방세개', '화장실두개']",남서향,12893381.987944689
경기도,오산시,외삼미동,서동탄역더샵파크시티,매매,117동,저/26,490000000,84.61,OWNER,"2 5 A, 추 천 매 물, 주 출 입 구 동, 넓 은 드 레 스 룸",25.03.29,"['10년이내', '대단지', '방세개', '화장실두개']",남서향,19144718.709372416
경기도,오산시,외삼미동,서동탄역더샵파크시티,전세,107동,21/29,320000000,84.61,DOC,"신혼부부 거주,집 상태좋음",25.03.26,"['10년이내', '대단지', '방세개', '화장실두개']",남동향,12502673.442855455
경기도,오산시,원동,KS건영아느칸빌,매매,104동,11/20,263000000,110.08,DOC,최근 수리된집 주인거주 날짜협의 조망채광좋음 ,25.04.17,"['25년이내', '방세개', '화장실두개', '중층']",남동향,7898087.34556686
경기도,오산시,원동,KS건영아느칸빌,매매,102동,15/19,280000000,110.08,DOC,일조권 전망권 완전굿 기본 협의입주합니다,25.04.17,"['25년이내', '방세개', '화장실두개', '고층']",남향,8408610.101744186
경기도,오산시,원동,KS건영아느칸빌,매매,103동,16/18,275000000,110.08,DOC,"남향 채광 조망최고 병원및 마트,ic  인접 주인거주",25.04.15,"['25년이내', '방세개', '화장실두개', '고층']",남향,8258456.349927326
경기도,오산시,원동,KS건영아느칸빌,매매,104동,중/20,260000000,110.08,DOC,씽크대교체.외 부분수리.협의입주.,25.04.17,"['25년이내', '방세개', '화장실두개', '중층']",남동향,7807995.0944767445
경기도,오산시,원동,KS건영아느칸빌,매매,104동,중/20,270000000,110.08,DOC,씽크대교체. 입주가능.햇볕 잘 들어옴.,25.04.17,"['25년이내', '방세개', '화장실두개', '중층']",남동향,8108302.598110465
경기도,오산시,원동,KS건영아느칸빌,매매,104동,저/20,240000000,110.08,DOC,입주협의.주인거주.조정가,25.04.17,"['25년이내', '방세개', '화장실두개', '세대당1대']",남동향,7207380.087209304
경기도,오산시,원동,KS건영아느칸빌,월세,104동,7/20,"2,000/90",110.08,DOC,이마트맞은편.협의입주.이마트맞은편,25.04.09,"['25년이내', '융자금없는', '방세개', '화장실두개']",남동향,
경기도,오산시,원동,KS건영아느칸빌,매매,104동,7/20,240000000,110.08,DOC,깨끗.입주협의.오산IC인접,25.04.09,"['25년이내', '방세개', '화장실두개', '중층']",남동향,7207380.087209304
경기도,오산시,원동,KS건영아느칸빌,매매,104동,20/20,240000000,110.08,DOCV2,"탑층,확트인전망,채광좋은집",25.04.02,"['25년이내', '탑층', '방세개', '화장실두개']",남동향,7207380.087209304
경기도,오산시,원동,KS건영아느칸빌,매매,104동,12/20,280000000,110.08,DOC,씽크대교체 외 수리한집.입주협의,25.04.04,"['25년이내', '방세개', '화장실두개', '중층']",남동향,8408610.101744186
경기도,오산시,원동,KS건영아느칸빌,매매,104동,중/20,260000000,110.08,DOC,씽크대교체외 부분수리.깨끗,25.04.10,"['25년이내', '방세개', '화장실두개', '중층']",남동향,7807995.0944767445
경기도,오산시,원동,KS건영아느칸빌,매매,104동,3/20,270000000,110.08,DOC,"씽크대 교체, 화장실 2곳 수리, 관리 잘된집, 주인거주",25.04.01,"['25년이내', '방세개', '화장실두개', '세대당1대']",남동향,8108302.598110465
경기도,오산시,원동,KS건영아느칸빌,매매,104동,저/20,260000000,110.08,DOC,씽크대교체.욕실수리.협의입주.오산IC인접.,25.04.07,"['25년이내', '욕실수리', '방세개', '화장실두개']",남동향,7807995.0944767445
경기도,오산시,원동,KS건영아느칸빌,매매,102동,고/19,285000000,110.08,DOC,올수리한집.전망트인집.입주협의,25.03.28,"['25년이내', '올수리', '방세개', '화장실두개']",남동향,8558763.853561047
경기도,오산시,원동,KS건영아느칸빌,매매,103동,고/18,300000000,110.08,DOC,욕실수리.전망트인집.협의입주,25.03.24,"['25년이내', '욕실수리', '방세개', '화장실두개']",남서향,9009225.10901163
경기도,오산시,원동,KS건영아느칸빌,매매,104동,20/20,240000000,110.08,NONE,층간소음걱정없는 조용한동 탑층  보조주방있는 주인거주로 집상태깔끔 ,25.04.05,"['25년이내', '탑층', '방세개', '화장실두개']",남동향,7207380.087209304
경기도,오산시,원동,KS건영아느칸빌,매매,101동,저/14,250000000,77,DOC,최근 올수리 방3 욕2 샷시포함,25.04.04,"['25년이내', '올수리', '방세개', '화장실두개']",남동향,10733068.181818182
경기도,오산시,원동,KS건영아느칸빌,매매,101동,중/14,230000000,77,DOC,방3욕실2.전망트임.이마트맞은편.입주협의,25.03.28,"['25년이내', '방세개', '화장실두개', '중층']",남동향,9874422.727272728
경기도,오산시,원동,가림,매매,1동,7/9,235000000,92.62,DOC,뷰나오는 정남향 베란다와욕실 넓고 신축급컨디션 ,25.04.17,"['10년이내', '방세개', '화장실두개', '고층']",남향,8387599.600518246
경기도,오산시,원동,가림,매매,1동,9/9,235000000,92.62,DOC,탑층 깨끗한집 빠른입주가능 주인거주,25.03.31,"['10년이내', '탑층', '방세개', '화장실두개']",남향,8387599.600518246
경기도,오산시,원동,가림,매매,1동,고/9,235000000,92.62,NONE,남향 으로 일조량 풍부,25.04.11,"['10년이내', '방세개', '화장실두개', '고층']",남향,8387599.600518246
경기도,오산시,원동,가림,매매,1동,4/9,240000000,91.78,DOC,방3욕실2.넓은거실.남향.준신축.입주협의,25.04.07,"['10년이내', '방세개', '화장실두개', '중층']",남향,8644458.48768795
경기도,오산시,원동,가림,매매,1동,9/9,235000000,90.73,NONE,"붙박이장,블라인드,안전망, 남향으로 햇살이좋음.",25.03.23,"['10년이내', '탑층', '방세개', '화장실두개']",남향,8562321.999338698
경기도,오산시,원동,가림,매매,1동,7/9,235000000,90.66,NONE,인테리어좋음.,25.04.10,"['10년이내', '방세개', '화장실두개', '고층']",서향,8568933.101698656
경기도,오산시,원동,대남,매매,1동,3/5,100000000,72,DOC,급매.깨끗함.이마트맞은편.입주협의.,25.03.27,"['25년이상', '급매', '방세개', '화장실한개']",남향,4591368.055555556
경기도,오산시,원동,대남,전세,1동,5/5,680000000000,67.68,DOC,융무. 대출가능. 즉시입주. 방3 올리모델링. 채광 굿. 엘리베이터무,25.04.18,"['25년이상', '융자금없는', '탑층', '방세개']",동향,33214151891.252953
경기도,오산시,원동,대남,매매,1동,3/5,100000000,67.68,DOC,남향 확장 샤시 욕실수리 방2 욕실1,25.04.08,"['25년이상', '욕실수리', '방세개', '화장실한개']",남향,4884434.101654846
경기도,오산시,원동,대남,매매,1동,5/5,980000000000,67.68,DOC,수리된집.붙밖이장.즉시입주.,25.04.05,"['25년이상', '탑층', '방세개', '화장실한개']",동향,47867454196.2175
경기도,오산시,원동,대남,매매,1동,저/5,125000000,67.68,DOC,이마트 맞은편 밀머리 올수리 아파트 매매,25.04.10,"['25년이상', '올수리', '방세개', '화장실한개']",서향,6105542.627068558
경기도,오산시,원동,대원,매매,105동,7/15,200000000,77.7,OWNER,"추천,세안고 매매, 막힘없는뷰, 로얄동,전면동, 수리되어 컨디션굿",25.04.19,"['25년이내', '방세개', '화장실한개', '중층']",남향,8509099.0990991
경기도,오산시,원동,대원,전세,103동,11/15,220000000,77.7,DOCV2,잎.뒤 베란다가트였으며 올수리했음.가스보일러도 이상무,25.04.18,"['25년이내', '융자금없는', '올수리', '화장실한개']",남향,9360009.00900901
경기도,오산시,원동,대원,매매,103동,11/15,240000000,77.7,DOCV2,교통이 편리하고 살기 좋은 아파트,25.04.18,"['25년이내', '화장실한개', '방세개', '고층']",남향,10210918.918918919
경기도,오산시,원동,대원,매매,106동,11/15,220000000,77.7,OWNER,"깨끗한공실,씽크대교체, 정남향집",25.04.11,"['25년이내', '방세개', '화장실한개', '고층']",남향,9360009.00900901
경기도,오산시,원동,대원,매매,107동,2/15,190000000,77.7,MOBL,에어컨무상o화장실리모델링o학교인근o매.물.접.수.받.아.요,25.04.09,"['25년이내', '방세개', '화장실한개', '세대당1대']",남향,8083644.144144145
경기도,오산시,원동,대원,매매,107동,4/15,200000000,77.7,OWNER,인테리어 되어 있는 깨끗하고 밝은 집 놓치면 후회합니다,25.04.09,"['25년이내', '방세개', '화장실한개', '세대당1대']",남향,8509099.0990991
경기도,오산시,원동,대원,매매,104동,13/15,270000000,77.7,DOC,전망좋고.즉시입주가능,25.04.19,"['25년이내', '화장실한개', '방세개', '고층']",남향,11487283.783783784
경기도,오산시,원동,대원,매매,106동,12/15,220000000,77.7,DOC,일부수리로 깨끗합니다. 빠른입주가능.주변인프라확장중,25.04.18,"['25년이내', '방세개', '화장실한개', '고층']",남향,9360009.00900901
경기도,오산시,원동,대원,매매,102동,13/15,230000000,77.7,DOC,"올수리, 방1개확장,중문, 이사협의",25.04.17,"['25년이내', '올수리', '방한개', '화장실한개']",남향,9785463.963963965
경기도,오산시,원동,대원,매매,107동,15/15,185000000,77.7,DOC,층간소음 걱정없는탑층 4월중순이후읍주가능 저렴한가격,25.04.14,"['25년이내', '탑층', '방세개', '화장실한개']",남향,7870916.666666668
경기도,오산시,원동,대원,월세,103동,9/15,"1,000/80",77.7,DOC,"리모델링세대 깨끗함, ",25.04.11,"['25년이내', '방세개', '화장실한개', '중층']",남향,
경기도,오산시,원동,대원,월세,107동,7/15,"2,000/75",77.7,DOC,리모델링세대,25.04.11,"['25년이내', '방세개', '화장실한개', '중층']",남향,
경기도,오산시,원동,대원,월세,106동,15/15,"1,000/80",77.7,DOC," 꼭지층 층간소음으로 부터 해방, 집깨끗함",25.04.11,"['25년이내', '탑층', '방세개', '화장실한개']",남향,
경기도,오산시,원동,대원,매매,105동,1/15,180000000,77.7,DOC,"리모델링세대 깨끗함, 초등학교 가까움",25.04.08,"['25년이내', '1층', '방세개', '화장실한개']",남향,7658189.18918919
경기도,오산시,원동,대원,매매,103동,4/15,200000000,77.7,DOC,"협의입주,올수리되어있음,사이드아님,가격조정가능",25.04.07,"['25년이내', '올수리', '방세개', '화장실한개']",남향,8509099.0990991
경기도,오산시,원동,대원,매매,102동,8/15,220000000,77.7,DOC,,25.03.27,"['25년이내', '방세개', '화장실한개', '중층']",남향,9360009.00900901
경기도,오산시,원동,대원,매매,105동,8/15,220000000,77.7,DOC,수리되어 깨끗 월세안고 매매입니다,25.03.27,"['25년이내', '방세개', '화장실한개', '중층']",남향,9360009.00900901
경기도,오산시,원동,대원,매매,106동,중/15,200000000,77.7,DOC,집 깨끗함리모델링한지 좀됨,25.03.31,"['25년이내', '방세개', '화장실한개', '중층']",남향,8509099.0990991
경기도,오산시,원동,대원,매매,102동,4/15,200000000,77.7,DOC,일부수리 전세안고 매매입니다,25.03.24,"['25년이내', '방세개', '화장실한개', '세대당1대']",남향,8509099.0990991
경기도,오산시,원동,대원,전세,104동,13/15,230000000,77.7,DOC,뷰좋음,25.03.22,"['25년이내', '화장실한개', '방세개', '고층']",남향,9785463.963963965
경기도,오산시,원동,대원,매매,102동,13/15,230000000,77.7,NONE,최근올수리 집상태최상 방1확장 붙박이장2 중문설치 밝고환해요,25.04.02,"['25년이내', '올수리', '방세개', '화장실한개']",남향,9785463.963963965
경기도,오산시,원동,대원,매매,101동,7/15,190000000,77.29,OWNER,도배장판리모델링예정o깨끗한집o가격협의가능.매.물.접.수.받.아.요,25.04.09,"['25년이내', '방두개', '화장실한개', '중층']",남향,8126525.423728813
경기도,오산시,원동,대원,매매,101동,8/15,210000000,77.29,DOC,올수리 샤시까지 교체  입주는 협의 합니다,25.04.19,"['25년이내', '올수리', '방두개', '화장실한개']",남향,8981949.152542373
경기도,오산시,원동,대원,월세,101동,6/15,"1,000/80",77.29,DOC,리모델링세대,25.04.14,"['25년이내', '방두개', '화장실한개', '중층']",남서향,
경기도,오산시,원동,대원,매매,108동,4/15,180000000,77.29,DOC,조정가,25.04.11,"['25년이내', '방두개', '화장실한개', '세대당1대']",남향,7698813.559322034
경기도,오산시,원동,대원,전세,109동,3/15,170000000,77.29,DOC,샷시까지 올수리,25.04.07,"['25년이내', '융자금없는', '올수리', '방두개']",남향,7271101.694915254
경기도,오산시,원동,대원,매매,101동,4/15,260000000,77.29,OWNER,"리모델링,도배,장판o매.물.접.수.받.아.요.코너부o동산",25.03.26,"['25년이내', '방두개', '화장실한개', '세대당1대']",남향,11120508.47457627
경기도,오산시,원동,대원,매매,109동,8/15,195000000,77.29,DOC,수리되어 아주깨끗 이사협의,25.04.01,"['25년이내', '방두개', '화장실한개', '중층']",남향,8340381.355932203
경기도,오산시,원동,대원,매매,109동,8/15,180000000,77.29,DOC,씽크대 신발장 화장실수리  깨끗함,25.03.31,"['25년이내', '욕실수리', '방두개', '화장실한개']",남향,7698813.559322034
경기도,오산시,원동,대원,매매,101동,7/15,205000000,77.29,DOC,최신 리모델링세대 아주 깨끗함,25.03.27,"['25년이내', '방두개', '화장실한개', '중층']",남서향,8768093.220338982
경기도,오산시,원동,대원,매매,109동,3/15,200000000,77.29,DOC,리모델링세대 깨끗함,25.03.26,"['25년이내', '방두개', '화장실한개', '세대당1대']",남향,8554237.288135594
경기도,오산시,원동,대원,매매,108동,저/15,175000000,77.29,DOC,,25.03.27,"['25년이내', '방두개', '화장실한개', '세대당1대']",남향,7484957.627118644
경기도,오산시,원동,대원,매매,101동,8/15,210000000,77.29,NONE,"올수리,샷시까지",25.04.16,"['25년이내', '올수리', '방두개', '화장실한개']",남서향,8981949.152542373
경기도,오산시,원동,대원,매매,101동,7/15,190000000,77.29,NONE,입주날짜협의가능 도배장판  올수리 주인거주,25.04.08,"['25년이내', '올수리', '방세개', '화장실한개']",남향,8126525.423728813
경기도,오산시,원동,대원,월세,109동,3/15,"1,000/80",77.29,NONE,"올수리,",25.04.03,"['25년이내', '올수리', '방두개', '화장실한개']",남향,
경기도,오산시,원동,대원,월세,109동,6/15,"1,000/80",77.29,NONE,"올수리,즉시입주",25.04.03,"['25년이내', '융자금적은', '올수리', '방두개']",남향,
경기도,오산시,원동,동부삼환,매매,109동,10/14,195000000,77.38,DOCV2,세안고매매 올수리됨 투자용 가성비갑,25.04.07,"['25년이상', '올수리', '대단지', '방두개']",남향,8330680.7314551575
경기도,오산시,원동,동부삼환,매매,109동,7/14,225000000,77.38,DOC,4년전 샷시에 중문 전체올수리 최상급매물,25.04.09,"['25년이상', '올수리', '대단지', '급매']",남향,9612323.920909798
경기도,오산시,원동,동부삼환,매매,109동,14/14,190000000,77.38,DOC,주인거주 작은방확장 관리잘된집 방2 입주협의가능,25.04.04,"['25년이상', '대단지', '탑층', '방두개']",남향,8117073.533212717
경기도,오산시,원동,동부삼환,매매,109동,11/14,215000000,77.38,DOCV2,꿀매물 샷시포함 방확장 올수리 주인거주 입주협의가능,25.03.27,"['25년이상', '올수리', '대단지', '방두개']",남향,9185109.524424916
경기도,오산시,원동,동부삼환,매매,109동,11/14,220000000,77.38,DOC,방2개 1년 안된 부분샷시포함 내부 전체 올수리 빠른입주 가능 ,25.03.31,"['25년이상', '올수리', '대단지', '방두개']",남향,9398716.722667357
경기도,오산시,원동,동부삼환,매매,109동,11/14,219000000,77.38,DOC,샷시포함최근올수리 공실 방2구조,25.03.24,"['25년이상', '올수리', '대단지', '방두개']",남향,9355995.28301887
경기도,오산시,원동,동부삼환,매매,104동,5/14,215000000,77.35,NDOC1,"세안고매매, 샤시제외최근올수리, 24년1월입주가능",25.04.15,"['25년이상', '올수리', '대단지', '방세개']",남향,9188671.945701359
경기도,오산시,원동,동부삼환,전세,105동,14/15,180000000,77.35,DOC,방3 버스정류장가까워요 협의입주가능,25.04.19,"['25년이상', '대단지', '방세개', '화장실한개']",남향,7692841.628959277
경기도,오산시,원동,동부삼환,매매,108동,11/15,210000000,77.35,DOC,전망좋은로얄동호수 정남향 올수리 교통및학군좋은아파트,25.04.19,"['25년이상', '올수리', '대단지', '방세개']",남향,8974981.90045249
경기도,오산시,원동,동부삼환,매매,106동,2/15,210000000,77.35,DOC,광역버스 라인 가성비 갑 매물 샷시까지 럭셔리 수리 빠른가능,25.04.18,"['25년이상', '대단지', '방세개', '화장실한개']",남향,8974981.90045249
경기도,오산시,원동,동부삼환,매매,106동,15/15,215000000,77.35,DOCV2,최근올수리된 전망좋고 아늑한 탑층  꿀매물,25.04.10,"['25년이상', '올수리', '대단지', '탑층']",남향,9188671.945701359
경기도,오산시,원동,동부삼환,매매,107동,3/15,210000000,77.35,DOC,전면동 최근전체올수리로 아주 깨끗해요,25.04.10,"['25년이상', '올수리', '대단지', '방세개']",남향,8974981.90045249
경기도,오산시,원동,동부삼환,매매,103동,10/15,210000000,77.35,DOC,올수리 상가 가까워서 생활편리 광역라인 월세끼고,25.04.10,"['25년이상', '올수리', '대단지', '방세개']",남향,8974981.90045249
경기도,오산시,원동,동부삼환,매매,106동,13/15,210000000,77.35,DOC,샤시제외올수리 로얄층중간라인 조율가,25.04.08,"['25년이상', '올수리', '대단지', '방세개']",남향,8974981.90045249
경기도,오산시,원동,동부삼환,매매,107동,중/15,198000000,77.35,NDOC2,깔끔하게 수리된 집으로  위치  전망 좋아요,25.04.09,"['25년이상', '대단지', '방세개', '화장실한개']",남향,8462125.791855205
경기도,오산시,원동,동부삼환,월세,106동,12/15,"2,000/80",77.35,DOC,최근 샷시제외 올수리된집 햋빛잘드는 로얄동 로얄층,25.04.05,"['25년이상', '올수리', '대단지', '방세개']",남향,
경기도,오산시,원동,동부삼환,매매,104동,중/14,205000000,77.35,DOC,올수리 상가가까운동 교통편리한대단지아파트,25.04.11,"['25년이상', '올수리', '대단지', '방세개']",남향,8761291.855203621
경기도,오산시,원동,동부삼환,매매,104동,7/14,210000000,77.35,DOC,깨끗한올수리 상가및출압구가까운동 강남광역라인,25.04.02,"['25년이상', '올수리', '대단지', '방세개']",남향,8974981.90045249
경기도,오산시,원동,동부삼환,매매,107동,2/15,200000000,77.35,DOCV2,전망동 샷시제외올수리 세안고 갭투자용 거주용,25.03.27,"['25년이상', '올수리', '대단지', '방세개']",남향,8547601.809954753
경기도,오산시,원동,동부삼환,매매,104동,13/14,200000000,77.35,DOC,"화장실수리도배,장판새로월세안고투자",25.03.29,"['25년이상', '대단지', '욕실수리', '방세개']",남향,8547601.809954753
경기도,오산시,원동,동부삼환,전세,106동,중/15,170000000,77.35,DOC,"로얄층,  즉시입주가능,",25.04.04,"['25년이상', '융자금없는', '대단지', '방세개']",남향,7265461.53846154
경기도,오산시,원동,동부삼환,매매,103동,8/15,220000000,77.35,DOC,최근올수리된 컨디션죻은집 동호수도좋아요 적극추천,25.03.27,"['25년이상', '올수리', '대단지', '방세개']",남향,9402361.990950227
경기도,오산시,원동,동부삼환,매매,113동,13/15,205000000,77.3,OWNER,"올수리 깨끗한집,막힘없는뻥뷰,즉시입주가능,남향,로열동 로열층",25.04.18,"['25년이상', '올수리', '대단지', '방세개']",남향,8766958.92626132
경기도,오산시,원동,동부삼환,월세,111동,3/14,"2,000/70",77.3,NDOC2,보증금  조절  가능해요  집  컨디션  좋아요,25.04.19,"['25년이상', '대단지', '방세개', '화장실한개']",남향,
경기도,오산시,원동,동부삼환,전세,114동,11/15,160000000,77.3,NDOC2,저렴한  가격대   집  상태 깨끗해요,25.04.19,"['25년이상', '대단지', '방세개', '화장실한개']",남향,6842504.527813713
경기도,오산시,원동,동부삼환,매매,111동,7/14,215000000,77.3,NDOC2,빠른 입주 가능  중문  포함  깔끔해요,25.04.18,"['25년이상', '대단지', '방세개', '화장실한개']",남향,9194615.459249679
경기도,오산시,원동,동부삼환,매매,114동,14/15,190000000,77.3,DOCV2,전면동로얄동햇빛잘들고 깨끗하고 좋아요,25.04.17,"['25년이상', '대단지', '방세개', '화장실한개']",남향,8125474.126778785
경기도,오산시,원동,동부삼환,월세,111동,7/14,"2,000/80",77.3,DOC,3년된중문까지내부올수리된 깨끗한집 입주협의가능 방3,25.04.19,"['25년이상', '올수리', '대단지', '방세개']",남향,
경기도,오산시,원동,동부삼환,매매,112동,2/15,185000000,77.3,DOC,방3 예전내부수리된집   협의입주,25.04.19,"['25년이상', '대단지', '방세개', '화장실한개']",남향,7911645.860284606
경기도,오산시,원동,동부삼환,매매,114동,6/15,205000000,77.3,DOC,작은방확장샤시제외올수리 방3개구조 대단지아파트,25.04.19,"['25년이상', '올수리', '대단지', '방세개']",남향,8766958.92626132
경기도,오산시,원동,동부삼환,전세,113동,3/15,180000000,77.3,DOCV2,내부올수리된집 깨끗해요 ,25.04.14,"['25년이상', '올수리', '대단지', '방두개']",남향,7697817.593790428
경기도,오산시,원동,동부삼환,매매,113동,12/15,210000000,77.3,DOC,샤시제외올수리 정남향 손땔곳없는컨디션,25.04.18,"['25년이상', '올수리', '대단지', '방두개']",남향,8980787.1927555
경기도,오산시,원동,동부삼환,매매,113동,9/15,200000000,77.3,DOC,정남향 중간라인 방3개 가격조정가 교통및학군좋은대단지아파트,25.04.18,"['25년이상', '대단지', '방세개', '화장실한개']",남향,8553130.659767142
경기도,오산시,원동,동부삼환,매매,113동,14/15,195000000,77.3,DOC,급매 중간라인 정남향 가격조정가,25.04.18,"['25년이상', '대단지', '급매', '방세개']",남향,8339302.393272963
경기도,오산시,원동,동부삼환,매매,114동,4/15,215000000,77.3,OWNER,올수리o급매o협의가능o뷰좋아요o바로입주가능,25.04.05,"['25년이상', '올수리', '대단지', '급매']",남향,9194615.459249679
경기도,오산시,원동,동부삼환,매매,113동,3/15,190000000,77.3,DOCV2,수리되어 아주 깨끗하고 좋아요 이사협의,25.04.09,"['25년이상', '대단지', '방두개', '화장실한개']",남향,8125474.126778785
경기도,오산시,원동,동부삼환,매매,111동,4/14,190000000,77.3,NDOC2,깔끔하게 수리된집  미리  싸게  준비하세요,25.04.09,"['25년이상', '대단지', '방세개', '화장실한개']",남향,8125474.126778785
경기도,오산시,원동,동부삼환,매매,111동,6/14,220000000,77.3,DOCV2,신축같은 샷시포함올수리 세안고매매 투자용 가성비갑,25.04.07,"['25년이상', '올수리', '대단지', '방두개']",남향,9408443.725743856
경기도,오산시,원동,동부삼환,매매,114동,1/15,185000000,77.3,NDOC2,공실  맘에  들게  수리  하심돼용,25.04.07,"['25년이상', '대단지', '1층', '방세개']",남향,7911645.860284606
경기도,오산시,원동,동부삼환,매매,114동,6/15,210000000,77.3,DOC,2년전샤시포함특올수리 세끼고 방3개구조 입주협의가능,25.04.09,"['25년이상', '올수리', '대단지', '방두개']",남향,8980787.1927555
경기도,오산시,원동,동부삼환,매매,114동,고/15,190000000,77.3,DOC,급매 방3개구조 정남향 중간라인 컨디션양호,25.04.15,"['25년이상', '대단지', '급매', '방세개']",남향,8125474.126778785
경기도,오산시,원동,동부삼환,월세,112동,7/15,"1,000/80",77.3,DOC,"중문,신발장,씽크대,화장실 작1확등엄청깨끗 도배새로해드림",25.04.08,"['25년이상', '대단지', '방세개', '화장실한개']",남향,
경기도,오산시,원동,동부삼환,전세,112동,중/15,170000000,77.3,NDOC2,공동X  전 망  위치  다  좋아요,25.04.09,"['25년이상', '대단지', '방두개', '화장실한개']",남향,7270161.06080207
경기도,오산시,원동,동부삼환,매매,113동,3/15,210000000,77.3,DOC,특올수리 아주 깨끗합니다 신축급 빠른입주,25.04.03,"['25년이상', '올수리', '대단지', '방두개']",남향,8980787.1927555
경기도,오산시,원동,동부삼환,매매,112동,10/15,200000000,77.3,DOC,올수리 신혼거주 전망 겨울엔일조량풍부하며여름엔맞바람쳐서시원한구조,25.04.01,"['25년이상', '올수리', '대단지', '방세개']",남향,8553130.659767142
경기도,오산시,원동,동부삼환,매매,112동,6/15,220000000,77.3,DOCV2,최근 올수리  세안고매매 투자용 가성비갑,25.03.27,"['25년이상', '올수리', '대단지', '방세개']",남향,9408443.725743856
경기도,오산시,원동,동부삼환,매매,113동,11/15,200000000,77.3,DOCV2,세안고매매 투자로 가성비 굿,25.03.27,"['25년이상', '대단지', '방세개', '화장실한개']",남향,8553130.659767142
경기도,오산시,원동,동부삼환,월세,114동,4/15,"2,000/80",77.3,DOC,샤시포함올수리 방3개구조 주방넓어 냉장고놓고식탁까지넉넉한구조,25.03.24,"['25년이상', '올수리', '대단지', '방두개']",남향,
경기도,오산시,원동,동부삼환,매매,111동,6/14,190000000,77.3,DOC,급매 방3개구조 중간라인 부분수리,25.03.24,"['25년이상', '대단지', '급매', '방세개']",남향,8125474.126778785
경기도,오산시,원동,동부삼환,매매,113동,고/15,205000000,77.3,NONE,2년전 올수리 및 인테리어 시공으로 깨끗합니다,25.04.18,"['25년이상', '올수리', '대단지', '방세개']",남향,8766958.92626132
경기도,오산시,원동,동부삼환,전세,114동,11/15,160000000,77.3,NONE,,25.04.14,"['25년이상', '융자금없는', '대단지', '방세개']",남향,6842504.527813713
경기도,오산시,원동,동부삼환,매매,102동,12/14,210000000,77.25,DOCV2,방2 예전올수리 로얄층  작은방이 커요 주방도 넓고요,25.04.19,"['25년이상', '올수리', '대단지', '방두개']",남향,8986600.0
경기도,오산시,원동,동부삼환,매매,102동,14/14,185000000,77.25,DOC,조용한최상층  공실 수리기간협의가 거실주방넓직한구조 조율가,25.04.15,"['25년이상', '대단지', '탑층', '방두개']",남향,7916766.666666668
경기도,오산시,원동,동부삼환,월세,101동,9/14,"2,000/80",77.25,DOCV2,공실 전실문 폴딩도어 올인테리어 빠른입주,25.04.07,"['25년이상', '융자금없는', '대단지', '방두개']",남향,
경기도,오산시,원동,동부삼환,매매,101동,고/14,180000000,77.25,DOC,즉시입주가능 계약후인테리어가능조건 비번유,25.04.16,"['25년이상', '대단지', '방두개', '화장실한개']",남향,7702800.0
경기도,오산시,원동,동부삼환,월세,102동,8/14,"1,000/90",77.25,DOC,로얄동호수 올수리된 컨디션죻은집  적극추천,25.04.03,"['25년이상', '올수리', '대단지', '방두개']",남향,
경기도,오산시,원동,디자인타운(도시형),매매,104동,8/9,155000000,52.8,DOC,초급매 방3화2 전망좋고 깔끔합니다. 주인거주 날짜협의 ,25.03.27,"['10년이내', '급매', '소형평수', '방세개']",남향,9704482.481060607
경기도,오산시,원동,라씨엘(도시형),매매,1동,15/15,207250000,52.75,DOC,"전입신고가능, 복층, 신축건물, 혼자살기 좋은집, 전망 좋은 집",25.03.26,"['4년이내', '복층', '소형평수', '탑층']",서향,12988131.587677727
경기도,오산시,원동,라씨엘(도시형),월세,1동,15/15,"1,000/78",50.9,DOC,"전입신고가능, 복층, 신축건물, 전망 좋은 집",25.03.26,"['4년이내', '융자금없는', '복층', '소형평수']",서향,
경기도,오산시,원동,라씨엘(도시형),월세,1동,15/15,"1,000/65",43.3,SITE,"반전세가능,큰원룸, 전입신고,신축,혼자살기 좋은집,전망 좋은 집",25.03.24,"['4년이내', '융자금없는', '소형평수', '탑층']",동향,
경기도,오산시,원동,미광,매매,나동,2/4,190000000,76.63,OWNER,,25.04.11,"['25년이상', '역세권', '방세개', '화장실한개']",남동향,8196517.68236983
경기도,오산시,원동,미소지움,월세,101동,3/19,"3,000/85",84.93,DOCV2,해 잘들고 깨끗하고 좋아요,25.04.10,"['10년이내', '방세개', '화장실두개', '세대당1대']",남서향,
경기도,오산시,원동,미소지움,매매,101동,3/19,280000000,84.93,DOCV2,초급매 정남향 일조량 풍부 아주 깨끗해요,25.04.09,"['10년이내', '급매', '방세개', '화장실두개']",남향,10898620.040032968
경기도,오산시,원동,미소지움,월세,102동,6/22,"2,000/100",84.93,NDOC1,"공실,즉시입주, 남향,대형마트,병원,교통편리, 남향 해잘드는집",25.04.02,"['10년이내', '융자금없는', '대형평수', '방세개']",남향,
경기도,오산시,원동,미소지움,매매,102동,저/22,295000000,84.93,DOC,오산에서 보기드문 신축급 아파트입니다.,25.04.04,"['10년이내', '세대당1대', '천장에어컨', '저층']",남서향,11482474.685034735
경기도,오산시,원동,미소지움,매매,101동,고/19,310000000,84.93,DOC,관리잘 된 신축급 아파트입니다.,25.03.28,"['10년이내', '방세개', '화장실두개', '고층']",남서향,12066329.3300365
경기도,오산시,원동,미소지움,월세,102동,6/22,"2,000/100",84.93,NONE,공실로 입주날짜협의 깨끗해요 놓치지마세요 귀한 월세,25.04.04,"['10년이내', '방세개', '화장실두개', '세대당1대']",남향,
경기도,오산시,원동,미소지움,매매,101동,3/19,290000000,84.34,DOCV2,컨디션갑 신축아파트  오산역 병원 이마트 인근,25.04.17,"['10년이내', '방세개', '화장실두개', '세대당1대']",남동향,11366820.607066635
경기도,오산시,원동,미소지움,매매,103동,6/22,300000000,84.34,DOCV2,주인거주로 깨끗하게 잘관리된집 준신축급,25.04.17,"['10년이내', '방세개', '화장실두개', '세대당1대']",남서향,11758779.938344795
경기도,오산시,원동,미소지움,매매,101동,12/19,310000000,84.34,OWNER,보일러교체o깨끗한집o입주일협의가능.매.물.접.수.받.아.요,25.04.09,"['10년이내', '보일러교체', '방세개', '화장실두개']",남향,12150739.269622954
경기도,오산시,원동,미소지움,매매,103동,22/22,310000000,84.34,NDOC2,다이소  생홀권으로  햇살  좋은  집입니다,25.04.14,"['10년이내', '탑층', '방세개', '화장실두개']",남향,12150739.269622954
경기도,오산시,원동,미소지움,매매,102동,5/22,300000000,84.34,DOCV2,5년된 신축아파트 세안고매매 가격조정가능,25.04.07,"['10년이내', '방세개', '화장실두개', '세대당1대']",남서향,11758779.938344795
경기도,오산시,원동,미소지움,매매,102동,21/22,310000000,84.34,DOC,탁트인전망 신축아파트 입주협의가능,25.04.07,"['10년이내', '방세개', '화장실두개', '고층']",남서향,12150739.269622954
경기도,오산시,원동,미소지움,매매,103동,고/22,300000000,84.34,DOC,오산시내 생활권 좋은 신축급 아파트 입니다.,25.04.05,"['10년이내', '방세개', '화장실두개', '고층']",남동향,11758779.938344795
경기도,오산시,원동,미소지움,매매,102동,고/22,285000000,84.34,DOC,급매 빠른 입주 가능한 신축급 아파트 입니다.,25.04.05,"['10년이내', '급매', '고층', '세대당1대']",남서향,11170840.941427555
경기도,오산시,원동,미소지움,매매,101동,고/19,305000000,84.34,DOC,입주일자 맟추어줌,25.03.27,"['10년이내', '방세개', '화장실두개', '고층']",남향,11954759.603983875
경기도,오산시,원동,신양,매매,1동,고/17,260000000,105.12,DOC,원동 오산역세권 4거리 아파트 고층 매매,25.04.19,"['25년이상', '방세개', '화장실두개', '고층']",서향,8176408.866057838
경기도,오산시,원동,신양,매매,1동,중/17,230000000,105.12,DOC,"월세 안고 매매, 가격조정가능",25.04.17,"['25년이상', '방세개', '화장실두개', '중층']",서향,7232977.073820395
경기도,오산시,원동,신양,매매,1동,5/17,159000000,82.15,DOC,,25.04.19,"['25년이상', '화장실한개', '방세개', '관리비20만원이하']",서향,6398293.548387097
경기도,오산시,원동,신양,매매,1동,10/17,200000000,82.15,DOC,"협의입주,남향,채광좋고 조망권좋은집",25.04.19,"['25년이상', '방세개', '화장실한개', '중층']",남향,8048167.985392574
경기도,오산시,원동,신양,매매,1동,8/17,200000000,82.15,DOC,"협의입주,울수리,관리잘된집,아주깨끗",25.04.17,"['25년이상', '방세개', '화장실한개', '중층']",서향,8048167.985392574
경기도,오산시,원동,신양,매매,1동,저/17,180000000,82.15,DOC,"욕실, 싱크대 교체,오산역세권 신양아파트 급매",25.04.18,"['25년이상', '주방교체', '급매', '방세개']",서향,7243351.186853317
경기도,오산시,원동,신양,매매,1동,16/17,165000000,82.15,DOC,오산역에서 가장가까움 주인거주  입주협의 기본형       ,25.04.11,"['25년이상', '방세개', '화장실한개', '고층']",서향,6639738.587948875
경기도,오산시,원동,신양,매매,1동,3/17,200000000,82.15,DOC,남향으로 올수리 되어있고 협의입주합니다,25.04.10,"['25년이상', '올수리', '방세개', '화장실한개']",남향,8048167.985392574
경기도,오산시,원동,신양,월세,1동,중/17,"2,000/80",82.15,DOC,"5월중순이후,올수리,아주깨끗",25.04.17,"['25년이상', '올수리', '방세개', '화장실한개']",서향,
경기도,오산시,원동,신양,매매,1동,12/17,200000000,82.15,DOC,"협의입주,올수리,깨끗함,",25.04.02,"['25년이상', '올수리', '방세개', '화장실한개']",서향,8048167.985392574
경기도,오산시,원동,신양,전세,1동,고/17,165000000,82.15,DOC,"깔끔한 공실,즉시입주 가능.오산역 도보5분.",25.04.04,"['25년이상', '방세개', '화장실한개', '고층']",서향,6639738.587948875
경기도,오산시,원동,신양,매매,1동,고/17,220000000,82.15,DOC,오산에서방구하기오산시 아파트 매매,25.03.31,"['25년이상', '방세개', '화장실한개', '고층']",남향,8852984.78393183
경기도,오산시,원동,신양,매매,1동,중/17,165000000,82.15,DOC,급매 오산역세권아파트 싸게사서 원하는대로수리하세요,25.03.24,"['25년이상', '급매', '방세개', '화장실한개']",서향,6639738.587948875
경기도,오산시,원동,신양,매매,1동,11/17,210000000,82.15,NONE,,25.04.11,"['25년이상', '방세개', '화장실한개', '중층']",서향,8450576.384662203
경기도,오산시,원동,신양,매매,1동,5/17,160000000,82.15,NONE,급매 오산최고의 위치  오산역세권  오산의강남 부분수리된집  즉시입주  ,25.04.09,"['25년이상', '급매', '방세개', '화장실한개']",남향,6438534.38831406
경기도,오산시,원동,신이야하우스,전세,102동,고/7,120000000,54.5,DOC,방3 욕실2 위치좋은곳 빠른입주가능 엘베있어요,25.04.11,"['10년이내', '융자금없는', '소형평수', '방세개']",남동향,7278792.660550458
경기도,오산시,원동,신이야하우스,매매,102동,고/7,120000000,54.5,DOC,빠른입주 가능 방3 욕실2 엘베 도시가스,25.04.11,"['10년이내', '소형평수', '방세개', '화장실두개']",남동향,7278792.660550458
경기도,오산시,원동,어반휴플러스,매매,1동,고/9,190000000,72.11,DOC,아파트.남향.방3욕실2. 협의입주.이마트맞은편.,25.03.27,"['10년이내', '방세개', '화장실두개', '고층']",남향,8710291.915129663
경기도,오산시,원동,어반휴플러스,매매,1동,중/9,160000000,71.1,DOC,아파트.방2욕실1.입주협의.이마트맞은편,25.04.04,"['10년이내', '방두개', '화장실한개', '중층']",동향,7439178.621659635
경기도,오산시,원동,오산롯데캐슬스카이파크,매매,301동,1/23,860000000,225.39,NONE,복층구조로 화상실 부엌 1층 2층 둘다 있어요 분리세대는 아니에요,25.04.17,"['2년이내', '대단지', '1층', '복층']",남서향,12613581.347885888
경기도,오산시,원동,오산롯데캐슬스카이파크,매매,311동,23/23,1490000000,200.43,NONE,초고급인테리어 풀옵션 방5개 야외테라스 욕실3개 단독세대,25.04.18,"['2년이내', '테라스', '대단지', '대형평수']",남서향,24575261.437908497
경기도,오산시,원동,오산롯데캐슬스카이파크,매매,309동,1/23,750000000,170.56,MOBL,복층 매물로 전세안고 매매  시스템에어컨 풀 실투자금 2.5억,25.04.09,"['2년이내', '대단지', '1층', '복층']",남향,14536460.776266417
경기도,오산시,원동,오산롯데캐슬스카이파크,매매,302동,21/23,700000000,123.98,MOBL,"방4,에5,식기,음스,인덕션,와인냉,에어샤워기o정문오른쪽코너o부o동산",25.04.19,"['2년이내', '대단지', '방세개', '화장실두개']",남향,18664699.951605096
경기도,오산시,원동,오산롯데캐슬스카이파크,월세,303동,13/23,"3,000/150",123.98,MOBL,"뻥뷰조망 식세기,주방확대,퓨어,쿡탑,에어컨5대 입주 협의가",25.04.19,"['2년이내', '대단지', '방세개', '화장실두개']",남향,
경기도,오산시,원동,오산롯데캐슬스카이파크,매매,301동,중/23,670000000,123.98,NDOC1,"세포함 매매, 전세안고, 시스템에어컨 풀, 호수뷰나오는 동",25.04.15,"['2년이내', '대단지', '방세개', '화장실두개']",남서향,17864784.239393454
경기도,오산시,원동,오산롯데캐슬스카이파크,매매,302동,21/23,700000000,123.98,NONE,"뷰 좋은 입구동,시에5,식세기,에어샤워,거실실링팬,거실폴리싱타일등옵션많음",25.04.16,"['2년이내', '대단지', '방세개', '화장실두개']",남서향,18664699.951605096
경기도,오산시,원동,오산롯데캐슬스카이파크,월세,303동,13/23,"3,000/150",123.98,NONE,"시스템에어컨5대 ,식기세척기,주방확대 쿡탑 , 단기임대 ",25.04.14,"['2년이내', '대단지', '방세개', '화장실두개']",남서향,
경기도,오산시,원동,오산롯데캐슬스카이파크,월세,317동,9/23,"3,000/140",112.41,MOBL,"에5대,식세기o우물천장실링팬,옵션다수정문오른쪽코너o직접분양받아입점부o동산",25.04.19,"['2년이내', '대단지', '방세개', '화장실두개']",남향,
경기도,오산시,원동,오산롯데캐슬스카이파크,월세,302동,16/23,"3,000/150",112.41,MOBL,빠른 입주가능 세탁기건조기  에어컨 김치냉장고 풀옵션 빌트인냉장고 인덕션,25.04.19,"['2년이내', '대단지', '화장실두개', '방세개']",남향,
경기도,오산시,원동,오산롯데캐슬스카이파크,월세,310동,19/23,"3,000/145",112.41,OWNER,"빠른입주가능,시에5,빌트인김냉,간접조명,커뮤니티시설좋고,수영장있는대단지,",25.04.19,"['2년이내', '대단지', '방세개', '화장실두개']",남서향,
경기도,오산시,원동,오산롯데캐슬스카이파크,월세,308동,10/23,"3,000/150",112.41,OWNER,에어컨5. 트인전망. 햇살굿. 호수공원생활권. 빠른입주,25.04.18,"['2년이내', '대단지', '방세개', '화장실두개']",남동향,
경기도,오산시,원동,오산롯데캐슬스카이파크,월세,306동,19/23,"7,000/125",112.41,OWNER,마운틴뷰o에5.주방장식장.미세방충망.거실조명.유리막코팅.줄눈등 옵션,25.04.16,"['2년이내', '대단지', '방세개', '화장실두개']",남향,
경기도,오산시,원동,오산롯데캐슬스카이파크,매매,318동,저/23,600000000,112.41,NDOC1,안정적인 단지뷰 해도 일조량 좋은 이쁜집 입주가능,25.04.19,"['2년이내', '대단지', '방세개', '화장실두개']",남향,17644969.30878036
경기도,오산시,원동,오산롯데캐슬스카이파크,매매,309동,고/23,600000000,112.41,NDOC1,"세안고 매매, 2년 후 소유권 이전등기 조건,시에5대",25.04.19,"['2년이내', '대단지', '방세개', '화장실두개']",남향,17644969.30878036
경기도,오산시,원동,오산롯데캐슬스카이파크,매매,305동,7/23,549000000,112.41,OWNER,실거주가능o맨앞전면동o에5.중문.식세기.인덕션.오븐기.냉장고장.스타일러,25.04.10,"['2년이내', '대단지', '방세개', '화장실두개']",남향,16145146.917534027
경기도,오산시,원동,오산롯데캐슬스카이파크,전세,303동,5/23,360000000,112.41,NONE,스타일러 김치냉장고 양문형냉장고 와인냉장고 슈드레서 시스템에어컨5대 풀옵,25.04.18,"['2년이내', '대단지', '방세개', '화장실두개']",남향,10586981.585268216
경기도,오산시,원동,오산롯데캐슬스카이파크,월세,302동,16/23,"3,000/150",112.41,NONE,김치냉장고 식기세척기 인덕션 세탁기 건조기 풀옵 에어컨5대,25.04.11,"['2년이내', '대단지', '화장실두개', '방세개']",남향,
경기도,오산시,원동,오산롯데캐슬스카이파크,월세,310동,19/23,"3,000/145",112.41,NONE,뷰가 트인집 시스템에어컨5대 김치냉장고 간접조명 전면동,25.04.11,"['2년이내', '대단지', '방세개', '화장실두개']",남향,
경기도,오산시,원동,오산롯데캐슬스카이파크,월세,317동,9/23,"3,000/140",112.41,NONE,"에5대,식세기o우물천장실링팬,옵션다수정문오른쪽코너o직접분양받아입점부o동산",25.04.10,"['2년이내', '대단지', '방세개', '화장실두개']",남향,
경기도,오산시,원동,오산롯데캐슬스카이파크,월세,306동,고/23,"3,000/143",112.41,NONE,에5.소물장.조명.미세방충망.유리막코팅.줄눈시공o정문오른쪽코o너부동o산,25.04.07,"['2년이내', '대단지', '방세개', '화장실두개']",남향,
경기도,오산시,원동,오산롯데캐슬스카이파크,매매,311동,중/23,530000000,99.97,OWNER,"에4.주방확대펜트리,세탁기,건조기,ai빌트인,이사협의가능,정문오른쪽o코너",25.04.15,"['2년이내', '대단지', '방세개', '화장실두개']",남향,17525918.275482647
경기도,오산시,원동,오산롯데캐슬스카이파크,매매,317동,저/23,550000000,99.97,OWNER,"귀한타입,귀한매매o힐링단지,힐링동o수영장,호수공원있는아파트",25.03.27,"['2년이내', '대단지', '방세개', '화장실두개']",남향,18187273.682104632
경기도,오산시,원동,오산롯데캐슬스카이파크,매매,315동,14/23,450000000,88.33,MOBL,"에4대,주방확대팬트리,귀한소형평수,매.물.접.수.받.아.요",25.04.19,"['2년이내', '대단지', '소형평수', '방세개']",남동향,16841427.034982454
경기도,오산시,원동,오산롯데캐슬스카이파크,매매,315동,13/23,450000000,88.33,OWNER,"입주가능한매물,전망좋은동,시에4,주방확대,김냉,쿡탑,중문,단지앞초교",25.04.19,"['2년이내', '대단지', '방세개', '화장실두개']",남동향,16841427.034982454
경기도,오산시,원동,오산롯데캐슬스카이파크,월세,315동,중/23,"2,000/130",88.33,OWNER,에4.김냉.폴리싱타일.주방확대옵션다수정문오른쪽코너o직접분양받아입점부o동산,25.03.31,"['2년이내', '대단지', '방세개', '화장실두개']",남향,
경기도,오산시,원동,오산롯데캐슬스카이파크,월세,315동,중/23,"2,000/130",88.33,NONE,에4.김냉.폴리싱타일.주방확대옵션다수정문오른쪽코너o직접분양받아입점부o동산,25.03.31,"['2년이내', '대단지', '방세개', '화장실두개']",남향,
경기도,오산시,원동,오산센트럴타워,월세,1동,고/11,500/45,34.56,DOC,해가짱짱하게 잘비치는 조용한 탁트인 남향,25.04.14,"['10년이내', '역세권', '화장실한개', '소형평수']",남서향,
경기도,오산시,원동,오산센트럴타워,전세,1동,고/11,600000000000,34.44,DOC,"공실, 오산역 도보 5분, 관리잘된 원룸형 아파트",25.04.16,"['10년이내', '융자금없는', '역세권', '화장실한개']",동향,57592073170.73171
경기도,오산시,원동,오산센트럴타워,매매,1동,고/11,760000000000,34.44,DOC,"상태양호, 오산역 도보 5분 역세권 아파트, 투자 추천",25.04.15,"['10년이내', '역세권', '화장실한개', '소형평수']",동향,72949959349.5935
경기도,오산시,원동,오산센트럴타워,매매,1동,중/11,550000000000,25.1,DOC,"상태양호, 시세대비 가격 저렴, 월세끼고 매매, 오산역 도보 5분 거리",25.04.02,"['10년이내', '역세권', '화장실한개', '소형평수']",남향,72437519920.31873
경기도,오산시,원동,오산센트럴타워,월세,1동,고/11,500/35,22.89,DOC,"즉시입주,풀 옵션",25.04.18,"['10년이내', '역세권', '화장실한개', '소형평수']",북향,
경기도,오산시,원동,오산역e-편한세상1단지,매매,110동,저/20,600000000,171.96,DOC,급매,25.04.19,"['25년이내', '대단지', '급매', '대형평수']",남향,11534490.579204466
경기도,오산시,원동,오산역e-편한세상1단지,매매,110동,중/20,620000000,171.96,DOC,1단지 최고로얄동 정남향 기본구조 깔끔함 전망최고 주인거주,25.04.07,"['25년이내', '대단지', '대형평수', '방네개이상']",남향,11918973.598511282
경기도,오산시,원동,오산역e-편한세상1단지,매매,110동,중/20,650000000,171.96,DOCV2,초품아 주변 인프라 굿 풀옵션된 기본형의 주인거주 깨끗한집,25.03.26,"['25년이내', '대단지', '대형평수', '방네개이상']",남향,12495698.127471505
경기도,오산시,원동,오산역e-편한세상1단지,매매,109동,19/24,580000000,149.81,DOC,정남향에 판상형구조로 거실 및 방2개확장 입구동이라 생활권이 편리함,25.04.17,"['25년이내', '대단지', '대형평수', '방두개']",남향,12798580.20158868
경기도,오산시,원동,오산역e-편한세상1단지,매매,112동,7/21,505000000,130.24,OWNER,"주인거주로 관리잘되고 교통,상권 최상,방3,화2,입주협의",25.04.19,"['25년이내', '대단지', '방세개', '화장실두개']",남동향,12818039.196867323
경기도,오산시,원동,오산역e-편한세상1단지,매매,112동,2/21,500000000,130.24,OWNER,즉시입주.수리되어 깔끔한집.정원뷰예뻐요.원일초 원일중 아이들 안심등하,25.04.15,"['25년이내', '대단지', '방세개', '화장실두개']",남향,12691127.917690417
경기도,오산시,원동,오산역e-편한세상1단지,매매,109동,21/24,490000000,130.24,DOCV2,편리한 입구동으로 전망좋은 기본판상형구조임 주인거주,25.04.17,"['25년이내', '대단지', '방세개', '화장실두개']",남향,12437305.359336609
경기도,오산시,원동,오산역e-편한세상1단지,매매,112동,12/21,520000000,130.24,DOCV2,정남향에 확장형 판상형구조로 부분수리 되어있슴 로얄동 로얄층 가격조정가,25.04.14,"['25년이내', '대단지', '방세개', '화장실두개']",남향,13198773.034398034
경기도,오산시,원동,오산역e-편한세상1단지,매매,107동,저/26,500000000,130.24,DOCV2,전면 로얄동에 단지뷰가 아름다운 집 11월말이후 협의입주가능,25.04.15,"['25년이내', '대단지', '방세개', '화장실두개']",남향,12691127.917690417
경기도,오산시,원동,오산역e-편한세상1단지,매매,112동,20/21,510000000,130.24,DOC,1단지 거실 및 방1확장 정남향에 뷰가 끝내주는 최고로얄동 9월입주,25.04.11,"['25년이내', '대단지', '방세개', '화장실두개']",남향,12944950.476044226
경기도,오산시,원동,오산역e-편한세상1단지,매매,108동,3/26,550000000,130.24,DOC,1단지 정남향 세끼고매매 올리모델링 세련되고 깔끔함,25.04.10,"['25년이내', '대단지', '필로티', '방세개']",남향,13960240.709459458
경기도,오산시,원동,오산역e-편한세상1단지,매매,109동,고/24,500000000,130.24,DOC,기본 입구동 오산역 이마트  생활권 좋은 대단지 날짜 협의 초품아,25.04.14,"['25년이내', '대단지', '방세개', '화장실두개']",남향,12691127.917690417
경기도,오산시,원동,오산역e-편한세상1단지,매매,112동,저/21,510000000,130.24,DOC,1단지 초품아 정남향 판상형구조 즉시입주가능,25.04.14,"['25년이내', '대단지', '방세개', '화장실두개']",남향,12944950.476044226
경기도,오산시,원동,오산역e-편한세상1단지,매매,112동,고/21,500000000,130.24,DOC,정남향 로얄층 즉시입주  전망좋은 깨끗한집 ,25.04.07,"['25년이내', '대단지', '방세개', '화장실두개']",남향,12691127.917690417
경기도,오산시,원동,오산역e-편한세상1단지,매매,109동,8/24,500000000,130.24,DOC,1단지 정남향  초품아 기본구조 주인거주의 깨끗한 집  입주협의,25.03.28,"['25년이내', '대단지', '방세개', '화장실두개']",남향,12691127.917690417
경기도,오산시,원동,오산역e-편한세상1단지,매매,109동,중/24,500000000,130.24,DOC,1단지 초품아 정남향 로얄층 방1확장 세끼고 매매 ,25.03.28,"['25년이내', '대단지', '방세개', '화장실두개']",남향,12691127.917690417
경기도,오산시,원동,오산역e-편한세상1단지,매매,112동,저/21,500000000,130.24,NONE,"즉시입주가능한 물건,정 남양으로  일조권 좋음",25.04.11,"['25년이내', '대단지', '방세개', '화장실두개']",남향,12691127.917690417
경기도,오산시,원동,오산역e-편한세상1단지,매매,112동,고/21,510000000,130.24,NONE,거실 방1확장 나이스전망 초품아 주인거주깔끔 생활권 굿,25.04.10,"['25년이내', '대단지', '방세개', '화장실두개']",남향,12944950.476044226
경기도,오산시,원동,오산역e-편한세상1단지,매매,109동,고/24,490000000,130.24,NONE,기본 해도 잘 들어와요 입구동 초품아 생활권 굿 대단지,25.04.01,"['25년이내', '대단지', '방세개', '화장실두개']",남향,12437305.359336609
경기도,오산시,원동,오산역e-편한세상1단지,매매,102동,저/26,430000000,115.21,DOC,세끼고매매 1단지 초품아 입구동 판상형구조 도배깨끗함 25년 10월만기,25.04.10,"['25년이내', '대단지', '방세개', '화장실두개']",남향,12338230.622341814
경기도,오산시,원동,오산역e-편한세상1단지,매매,103동,10/25,450000000,115.06,DOCV2,단지 초품아 편의시설및 지하철역 인접 집상태 깨끗 협의입주가능,25.04.17,"['25년이내', '대단지', '방세개', '화장실두개']",남동향,12928934.903528593
경기도,오산시,원동,오산역e-편한세상1단지,매매,102동,6/26,450000000,115.06,DOC,살기좋은 아파트 가격조정 가능 이사협의,25.04.12,"['25년이내', '대단지', '방세개', '화장실두개']",남동향,12928934.903528593
경기도,오산시,원동,오산역e-편한세상1단지,매매,101동,13/26,420000000,115.06,DOCV2,전망이 좋은집으로 확장형 집입니다,25.04.07,"['25년이내', '대단지', '방세개', '화장실두개']",남동향,12067005.909960022
경기도,오산시,원동,오산역e-편한세상1단지,매매,101동,중/26,450000000,115.06,DOC,1단지 초품아 올확장 리모델링 협의입주,25.04.14,"['25년이내', '대단지', '방세개', '화장실두개']",남서향,12928934.903528593
경기도,오산시,원동,오산역e-편한세상1단지,매매,103동,중/25,450000000,115.06,DOC,,25.04.10,"['25년이내', '대단지', '방세개', '화장실두개']",남동향,12928934.903528593
경기도,오산시,원동,오산역e-편한세상1단지,월세,103동,15/25,"3,000/130",115.06,DOC,,25.04.01,"['25년이내', '대단지', '방세개', '화장실두개']",남향,
경기도,오산시,원동,오산역e-편한세상1단지,전세,103동,중/25,300000000,115.06,DOCV2,,25.04.02,"['25년이내', '대단지', '방세개', '화장실두개']",남동향,8619289.93568573
경기도,오산시,원동,오산역e-편한세상1단지,매매,103동,중/25,450000000,115.06,NONE,주인거주 오산역 젤 가까운동 입구동 생활권 완전 굿,25.04.10,"['25년이내', '대단지', '방세개', '화장실두개']",남동향,12928934.903528593
경기도,오산시,원동,오산역e-편한세상1단지,매매,101동,중/26,420000000,115.06,NONE,초품아 확장된 나이스뷰 인프라 굿,25.04.01,"['25년이내', '대단지', '방세개', '화장실두개']",남동향,12067005.909960022
경기도,오산시,원동,오산역e-편한세상1단지,매매,105동,고/29,430000000,110.81,DOCV2,조용한동이며 남서향에 부분확장되어있는집 세끼고 매매,25.04.19,"['25년이내', '대단지', '방세개', '화장실두개']",남서향,12828152.242577385
경기도,오산시,원동,오산역e-편한세상1단지,매매,106동,1/20,430000000,110.81,DOC,아이들 키우기 좋은 깔끔한집 정상입주,25.04.15,"['25년이내', '대단지', '1층', '방세개']",남서향,12828152.242577385
경기도,오산시,원동,오산역e-편한세상1단지,매매,104동,고/25,430000000,110.81,DOC,올확장 부분인테리어 주인거주,25.03.31,"['25년이내', '대단지', '방세개', '화장실두개']",남서향,12828152.242577385
경기도,오산시,원동,오산역e-편한세상1단지,매매,104동,고/25,430000000,110.81,NONE,올확장 초품아 생활권 굿 역세권 ,25.04.01,"['25년이내', '대단지', '방세개', '화장실두개']",남서향,12828152.242577385
경기도,오산시,원동,오산역e-편한세상1단지,월세,103동,저/25,"2,000/140",109.99,DOCV2,초품아 생활권 굿 오산역 도보10분 광역라인 날짜 협의 깔끔 관리된집,25.04.11,"['25년이내', '대단지', '방세개', '화장실두개']",남향,
경기도,오산시,원동,오산역e-편한세상1단지,매매,103동,중/25,435000000,109.99,DOCV2,입구동 주인거주 완전깔끔 오산역 이마트 도보 거리 생활권 좋은 대단지,25.04.07,"['25년이내', '대단지', '방세개', '화장실두개']",남향,13074065.596872445
경기도,오산시,원동,오산역e-편한세상1단지,매매,103동,중/25,435000000,109.99,NONE,드레스룸구조 입구동 주인거주로 완전관리잘된집 생활권굿 ,25.04.10,"['25년이내', '대단지', '방세개', '화장실두개']",남향,13074065.596872445
경기도,오산시,원동,오산역e-편한세상1단지,매매,104동,중/25,450000000,109.91,DOC,,25.04.10,"['25년이내', '대단지', '방세개', '화장실두개']",남향,13534739.787098536
경기도,오산시,원동,오산역e-편한세상1단지,매매,104동,저/25,390000000,109.91,DOC,,25.04.07,"['25년이내', '대단지', '방세개', '화장실두개']",남향,11730107.815485397
경기도,오산시,원동,오산역e-편한세상1단지,매매,113동,16/21,470000000,109.42,OWNER,"비번, 인테리어기간드림, 올확장,중문,붙박이장,오산역 GTXC호재",25.04.10,"['25년이내', '대단지', '방세개', '화장실두개']",남향,14199588.283677572
경기도,오산시,원동,오산역e-편한세상1단지,매매,101동,26/26,430000000,109.42,DOC,정남향에 기본판상형 구조 전망좋은집 바닥교체 및 부분인테리어 탑층,25.04.14,"['25년이내', '대단지', '탑층', '방세개']",남향,12991112.685066715
경기도,오산시,원동,오산역e-편한세상1단지,전세,101동,17/26,310000000,109.42,DOC,부분리모델링 확장되어 40형같은 거실 전면동 생활권좋은 대단지,25.04.08,"['25년이내', '대단지', '방세개', '화장실두개']",남향,9365685.889234144
경기도,오산시,원동,오산역e-편한세상1단지,매매,101동,고/26,430000000,109.42,DOC,1단지 초품아 정남향 기본형의 깔끔한집  5월하순 입주,25.04.14,"['25년이내', '대단지', '방세개', '화장실두개']",남향,12991112.685066715
경기도,오산시,원동,오산역e-편한세상1단지,매매,113동,저/21,400000000,109.42,DOC,거실확장 입구방확장 중문설치된 집 주인거주 층간소음걱정없는집,25.04.07,"['25년이내', '대단지', '방세개', '화장실두개']",남향,12084755.986108573
경기도,오산시,원동,오산역e-편한세상1단지,매매,113동,고/21,440000000,109.42,NONE,초품아 생활권 굿 오산역 도보10분컷 단지옆 바로 이마트,25.04.14,"['25년이내', '대단지', '방세개', '화장실두개']",남향,13293231.58471943
경기도,오산시,원동,오산역e-편한세상1단지,매매,101동,고/26,430000000,109.42,NONE,완전 깔끔 주인거주 정남향의 눈부신 전망 생활권 굿 대단지 초품아,25.04.01,"['25년이내', '대단지', '방세개', '화장실두개']",남향,12991112.685066715
경기도,오산시,원동,오산역e-편한세상2단지,매매,211동,저/21,620000000,173.06,DOCV2,단지 조망권이 아름다운 거실및 방1확장형의 깨끗한집,25.04.10,"['25년이내', '대단지', '대형평수', '방네개이상']",남서향,11843214.49208367
경기도,오산시,원동,오산역e-편한세상2단지,매매,212동,10/29,550000000,150.64,DOC,정원뷰가 좋은 집 거실 및 방 확장 기본수리집 가격조정가,25.04.11,"['25년이내', '대단지', '대형평수', '방네개이상']",남향,12069714.219330857
경기도,오산시,원동,오산역e-편한세상2단지,매매,212동,고/29,560000000,150.46,DOC,거실 방2확장 주인거주로 깔끔 대형평수 나이스뷰 생활권좋은 대단지,25.04.18,"['25년이내', '대단지', '대형평수', '방네개이상']",남동향,12303865.47919713
경기도,오산시,원동,오산역e-편한세상2단지,매매,212동,25/29,550000000,150.46,DOCV2,거실뷰가 탁트이고 전망좋은 깨끗한집 거실확장형 협의입주가능,25.04.04,"['25년이내', '대단지', '대형평수', '방네개이상']",남동향,12084153.595640037
경기도,오산시,원동,오산역e-편한세상2단지,매매,212동,고/29,570000000,150.46,DOC,대형평수 전망이 좋은집으로 부분확장 가격협상가능,25.04.14,"['25년이내', '대단지', '대형평수', '방네개이상']",남동향,12523577.36275422
경기도,오산시,원동,오산역e-편한세상2단지,매매,212동,중/29,550000000,150.46,DOC,급매 방4개 올확장  주인거주  입주협의,25.04.10,"['25년이내', '대단지', '급매', '대형평수']",남동향,12084153.595640037
경기도,오산시,원동,오산역e-편한세상2단지,매매,212동,11/29,550000000,150.38,OWNER,"초.중학교, 도서관,학원가 교육환경,지하철역,광역버스 편리함",25.04.10,"['25년이내', '대단지', '대형평수', '방네개이상']",남서향,12090582.191780824
경기도,오산시,원동,오산역e-편한세상2단지,매매,212동,중/29,550000000,150.38,DOCV2,단지중앙 뷰가 확트인 기본형의 깨끗한집 협의입주가능,25.04.17,"['25년이내', '대단지', '대형평수', '방네개이상']",남서향,12090582.191780824
경기도,오산시,원동,오산역e-편한세상2단지,매매,212동,고/29,570000000,150.38,DOC,판상형 전망끝내줌  올확장된  깨끗한집  주인거주 ,25.04.14,"['25년이내', '대단지', '대형평수', '방네개이상']",남동향,12530239.7260274
경기도,오산시,원동,오산역e-편한세상2단지,매매,212동,11/29,550000000,150.38,NONE,초등학교 중학교 근거리 도보통학  막힘없는 전망 ,25.04.05,"['25년이내', '대단지', '대형평수', '방네개이상']",남서향,12090582.191780824
경기도,오산시,원동,오산역e-편한세상2단지,매매,207동,12/27,500000000,129.73,OWNER,깨끗하고예쁜집o남향o매.물.접.수.받.아.요,25.04.18,"['25년이내', '대단지', '방세개', '화장실두개']",남향,12741019.810375398
경기도,오산시,원동,오산역e-편한세상2단지,매매,206동,21/25,460000000,129.73,DOCV2, 정남향에 기본판상형구조로 조용한동 세끼고매매,25.04.15,"['25년이내', '대단지', '방세개', '화장실두개']",남향,11721738.225545365
경기도,오산시,원동,오산역e-편한세상2단지,매매,207동,25/27,480000000,129.73,DOC,전면동 정남향 중간라인 탁트인뷰 기본형의 깨끗한집,25.04.17,"['25년이내', '대단지', '방세개', '화장실두개']",남향,12231379.01796038
경기도,오산시,원동,오산역e-편한세상2단지,매매,207동,3/27,530000000,129.73,DOC,판상형기본형에 정원뷰좋음  올수리 올리모델링한집,25.04.14,"['25년이내', '올수리', '대단지', '방세개']",남향,13505480.99899792
경기도,오산시,원동,오산역e-편한세상2단지,매매,207동,8/27,480000000,129.73,DOCV2,전면동 정남향 중간라인 거실확장형 5월중순이후 협의입주가능,25.04.07,"['25년이내', '대단지', '방세개', '화장실두개']",남향,12231379.01796038
경기도,오산시,원동,오산역e-편한세상2단지,매매,207동,고/27,480000000,129.73,DOCV2,전면동 기본형 방문턱제거 주인거주,25.04.01,"['25년이내', '대단지', '방세개', '화장실두개']",남향,12231379.01796038
경기도,오산시,원동,오산역e-편한세상2단지,매매,206동,고/25,600000000,129.73,DOC,올수리 올인테리어 한집  샷시까지 교체한집,25.03.28,"['25년이내', '올수리', '대단지', '방세개']",남향,15289223.772450477
경기도,오산시,원동,오산역e-편한세상2단지,매매,206동,고/25,460000000,129.73,NONE,오산역 이마트 및 초.중.고 등 생활인프라 좋은 아파트 매매입니다.,25.04.03,"['25년이내', '대단지', '방세개', '화장실두개']",남향,11721738.225545365
경기도,오산시,원동,오산역e-편한세상2단지,매매,203동,2/20,400000000,114.92,DOCV2,필로티 올확장 올인테리어 주인거주 깔끔 생활권 좋은 대단지 광역라인,25.04.19,"['25년이내', '대단지', '필로티', '방세개']",남서향,11506387.051862165
경기도,오산시,원동,오산역e-편한세상2단지,매매,202동,7/21,425000000,114.92,NDOC2,대단지 아파트  버스정류장  입구동으로  살기  좋아요,25.04.18,"['25년이내', '대단지', '방세개', '화장실두개']",남동향,12225536.242603552
경기도,오산시,원동,오산역e-편한세상2단지,매매,202동,3/21,400000000,114.92,DOCV2,편의시설및 버스정류장 인접 기본형이며 협의입주가능,25.04.08,"['25년이내', '대단지', '방세개', '화장실두개']",남서향,11506387.051862165
경기도,오산시,원동,오산역e-편한세상2단지,매매,202동,저/21,410000000,114.92,DOC,작은방2확장형의 깨끗한집 세안고매매 26년4월만기,25.04.17,"['25년이내', '대단지', '방세개', '화장실두개']",남서향,11794046.72815872
경기도,오산시,원동,오산역e-편한세상2단지,매매,201동,2/19,390000000,114.92,DOCV2,마트및 버스정거장 바로앞 거실확장된 깨끗한집 협의입주가능,25.04.03,"['25년이내', '대단지', '방세개', '화장실두개']",남동향,11218727.37556561
경기도,오산시,원동,오산역e-편한세상2단지,매매,201동,중/19,430000000,114.92,DOC,마트및 버스정거장 인접 집상태 깨끗 6월초입주가능,25.04.10,"['25년이내', '대단지', '방세개', '화장실두개']",남동향,12369366.080751829
경기도,오산시,원동,오산역e-편한세상2단지,월세,217동,5/27,"3,000/120",114.92,DOCV2,남서향의 기본형 따뜻한집 도배해줌  반전세 가능 날짜조정가능,25.03.28,"['25년이내', '대단지', '방세개', '화장실두개']",남서향,
경기도,오산시,원동,오산역e-편한세상2단지,매매,202동,저/21,425000000,114.92,NDOC2,깔금하게  수리된 집으로    역세권 아파트 입니다,25.03.31,"['25년이내', '대단지', '방세개', '화장실두개']",남향,12225536.242603552
경기도,오산시,원동,오산역e-편한세상2단지,매매,209동,고/28,400000000,112.07,DOC,거실확장 선호타입 생활권 좋은 대단지입니다 조용한동,25.04.17,"['25년이내', '대단지', '방세개', '화장실두개']",남동향,11799000.62460962
경기도,오산시,원동,오산역e-편한세상2단지,매매,209동,중/28,400000000,112.07,DOC, 2단지 로얄층 판상형  거실확장 화단철거된 깨끗한집 세끼고,25.04.07,"['25년이내', '대단지', '방세개', '화장실두개']",남동향,11799000.62460962
경기도,오산시,원동,오산역e-편한세상2단지,전세,209동,4/28,300000000,111.3,DOCV2,단지중앙 조망권 굿 기본형 7월말협의입주가능,25.04.02,"['25년이내', '대단지', '방세개', '화장실두개']",남서향,8910471.698113209
경기도,오산시,원동,오산역e-편한세상2단지,매매,209동,4/28,400000000,111.3,DOCV2,단지중앙 조용한동 기본형의 깨끗한집 7월말 협의입주가능,25.04.02,"['25년이내', '대단지', '방세개', '화장실두개']",남서향,11880628.930817612
경기도,오산시,원동,오산역e-편한세상2단지,매매,208동,29/29,460000000,111.3,NDOC1,전세안고매매 전면동 확트인조망 층간소음없는탑층,25.03.27,"['25년이내', '대단지', '탑층', '방세개']",남동향,13662723.270440252
경기도,오산시,원동,오산역e-편한세상2단지,매매,208동,중/29,415000000,111.17,DOC,주인거주 깔끔 리모 나이스뷰 생활권좋은 대단지 날짜 언제든 맞춰줄수있어요,25.04.18,"['25년이내', '대단지', '방세개', '화장실두개']",남향,12340566.474768372
경기도,오산시,원동,오산역e-편한세상2단지,매매,209동,19/28,400000000,111.17,DOC,기본형 남향집으로 전망이 좋은집입니다 세끼고매매,25.04.10,"['25년이내', '대단지', '방세개', '화장실두개']",남향,11894521.903391203
경기도,오산시,원동,오산역e-편한세상2단지,매매,205동,1/27,385000000,110.29,OWNER,"주인거주중,단지뷰  깨끗합니다.",25.04.19,"['25년이내', '대단지', '1층', '방세개']",남향,11539824.326774865
경기도,오산시,원동,오산역e-편한세상2단지,매매,215동,26/26,430000000,109.6,OWNER,"저렴한가격,윗집소음이없는 탑층,전망좋음",25.04.19,"['25년이내', '대단지', '탑층', '방세개']",남향,12969776.916058397
경기도,오산시,원동,오산역e-편한세상2단지,매매,218동,15/22,440000000,109.6,OWNER,"정남향, 시원한 뷰, 주인거주로 관리 잘된 집, 이사일정 협의가능",25.04.17,"['25년이내', '대단지', '방세개', '화장실두개']",남향,13271399.635036498
경기도,오산시,원동,오산역e-편한세상2단지,매매,216동,1/27,370000000,109.6,DOCV2,올확장한 판상형구조 층간소음걱정없는 1층 ,25.04.17,"['25년이내', '대단지', '1층', '방세개']",동향,11160040.602189781
경기도,오산시,원동,오산역e-편한세상2단지,전세,217동,5/27,290000000,109.6,DOCV2,전면동 거실확장 집깨끗 7월말,25.04.17,"['25년이내', '융자금없는', '대단지', '방세개']",남향,8747058.850364964
경기도,오산시,원동,오산역e-편한세상2단지,매매,217동,7/27,440000000,109.6,DOCV2,정남향에 판상형구조로 부분확장된집,25.04.14,"['25년이내', '대단지', '방세개', '화장실두개']",남향,13271399.635036498
경기도,오산시,원동,오산역e-편한세상2단지,매매,216동,2/27,380000000,109.6,DOC,거실확장한 판상형구조로 정원전망좋음 주인거주,25.04.17,"['25년이내', '마당', '대단지', '방세개']",동향,11461663.321167884
경기도,오산시,원동,오산역e-편한세상2단지,매매,218동,7/22,450000000,109.6,DOCV2,전면동 정남향 올확장형의 리모델링2년차 8월초 협의입주가능,25.04.07,"['25년이내', '대단지', '방세개', '화장실두개']",남향,13573022.354014602
경기도,오산시,원동,오산역e-편한세상2단지,매매,204동,저/20,395000000,109.6,DOC,남향 거실확장 주방확장 전세끼고,25.04.17,"['25년이내', '대단지', '방세개', '화장실두개']",남향,11914097.39963504
경기도,오산시,원동,오산역e-편한세상2단지,매매,215동,저/26,430000000,109.6,DOC,단지 정원뷰가 아름다운 저층 중간라인의 확장형 협의입주가능,25.04.17,"['25년이내', '대단지', '방세개', '화장실두개']",남향,12969776.916058397
경기도,오산시,원동,오산역e-편한세상2단지,매매,218동,6/22,450000000,109.6,DOC,정남향에 선호하는 올 확장한집 판상형구조 중문설치 주인거주,25.04.08,"['25년이내', '대단지', '방세개', '화장실두개']",남향,13573022.354014602
경기도,오산시,원동,오산역e-편한세상2단지,매매,203동,6/20,420000000,109.6,DOCV2,생활권이 편리한 정남향 기본형의 깨끗한집,25.04.03,"['25년이내', '대단지', '방세개', '화장실두개']",남향,12668154.197080294
경기도,오산시,원동,오산역e-편한세상2단지,매매,215동,저/26,400000000,109.6,DOC,정남향에 씽크대교체등 부분수리된집 세끼고매매,25.04.14,"['25년이내', '대단지', '방세개', '화장실두개']",남향,12064908.759124089
경기도,오산시,원동,오산역e-편한세상2단지,월세,217동,27/27,"3,000/130",109.6,DOCV2,현공실 전면동 기본형  안방붙박이,25.03.24,"['25년이내', '융자금없는', '대단지', '탑층']",남향,
경기도,오산시,원동,오산역e-편한세상2단지,매매,215동,저/26,390000000,109.6,NONE,생활권좋은 대단지 화단철거 냉장고자리 철거 신혼부부거주중 깔끔,25.04.01,"['25년이내', '대단지', '방세개', '화장실두개']",남향,11763286.040145986
경기도,오산시,원동,오산역e-편한세상2단지,월세,216동,3/27,"5,000/110",92.84,DOC,초품아 편의시설인접 기본형 5월 협의입주가능,25.04.04,"['25년이내', '대단지', '방세개', '화장실두개']",동향,
경기도,오산시,원동,오산역e-편한세상2단지,매매,216동,6/27,375000000,92.84,DOC,거실및 작은방2확장형의 깨끗한집 빠른입주가능,25.03.31,"['25년이내', '대단지', '방세개', '화장실두개']",동향,13352750.700129256
경기도,오산시,원동,오산역e-편한세상2단지,매매,216동,12/27,390000000,92.84,DOCV2,기본판상형 구조로 전망이 좋습니다 주인거주,25.03.25,"['25년이내', '대단지', '방세개', '화장실두개']",동향,13886860.728134425
경기도,오산시,원동,오산역e-편한세상2단지,매매,216동,저/27,390000000,92.84,DOCV2,중간라인에 작은방2확장에 리모델링된 깨끗한집,25.03.26,"['25년이내', '대단지', '방세개', '화장실두개']",동향,13886860.728134425
경기도,오산시,원동,오산역영무파라드(주상복합),매매,101동,12/29,320000000,79.22,NDOC1,"입주협의가능,시스템에어컨3대,중문,오산역도보가능",25.04.17,"['4년이내', '방두개', '화장실두개', '중층']",남향,13353335.016409999
경기도,오산시,원동,오산역영무파라드(주상복합),매매,101동,18/29,330000000,79.22,OWNER,"정남향 확트인뷰,오산역도보권,에어컨2대,전세안고",25.04.15,"['4년이내', '방두개', '화장실두개', '중층']",남향,13770626.735672811
경기도,오산시,원동,오산역영무파라드(주상복합),매매,101동,고/29,300000000,79.22,OWNER,급매 남향 빠른입주가능,25.04.19,"['4년이내', '급매', '화장실두개', '방두개']",남향,12518751.577884374
경기도,오산시,원동,오산역영무파라드(주상복합),매매,103동,중/29,310000000,79.22,NDOC1,주인실거주.컨디션 좋은 오산역세권 신축아파트,25.04.17,"['4년이내', '화장실두개', '방두개', '중층']",동향,12936043.297147186
경기도,오산시,원동,오산역영무파라드(주상복합),매매,104동,4/29,270000000,79.22,OWNER,매매추천.2in1에어컨.중문.줄눈.오산역세권 주상복합,25.04.10,"['4년이내', '필로티', '방두개', '화장실두개']",서향,11266876.420095935
경기도,오산시,원동,오산역영무파라드(주상복합),매매,104동,고/29,310000000,79.22,NDOC1,막힘없는 전망.시스템에어컨.오산역세권 신축아파트,25.04.09,"['4년이내', '화장실두개', '방두개', '고층']",북향,12936043.297147186
경기도,오산시,원동,오산역영무파라드(주상복합),매매,103동,27/29,330000000,79.22,OWNER,세포함 매매임.오산역  도보 7분.대형마트등 생활편리,25.04.03,"['4년이내', '대형평수', '방세개', '화장실두개']",북동향,13770626.735672811
경기도,오산시,원동,오산역영무파라드(주상복합),매매,101동,9/29,320000000,78.76,OWNER,"오산역교통편리,밝은남향,시에3대,입주협의",25.04.19,"['4년이내', '방세개', '화장실두개', '세대당1대']",남향,13431325.545962417
경기도,오산시,원동,오산역영무파라드(주상복합),매매,102동,13/29,310000000,78.76,NDOC1,추천 입주가능 오산역 역세권 시스템에어컨3 집상태최상,25.04.16,"['4년이내', '화장실두개', '방세개', '중층']",동향,13011596.62265109
경기도,오산시,원동,오산역영무파라드(주상복합),매매,102동,25/29,320000000,78.76,OWNER,"고층산조망,오산역도보권,시.에어컨2대,전세안고",25.04.15,"['4년이내', '방세개', '화장실두개', '고층']",동향,13431325.545962417
경기도,오산시,원동,오산역영무파라드(주상복합),매매,101동,고/29,320000000,78.76,NDOC1,"전세안고,시스템에어컨3대,밝고환한집,집상태최상",25.04.17,"['4년이내', '방세개', '화장실두개', '고층']",남향,13431325.545962417
경기도,오산시,원동,오산역영무파라드(주상복합),매매,101동,고/29,325000000,78.76,NDOC1,"시스템에어컨3대  방3,화2",25.04.15,"['4년이내', '화장실두개', '방세개', '고층']",남향,13641190.007618079
경기도,오산시,원동,오산역영무파라드(주상복합),매매,104동,고/29,310000000,78.76,NDOC1,"시스템에어컨2대  방3,화2,중문탄성코트",25.04.15,"['4년이내', '화장실두개', '방세개', '고층']",남서향,13011596.62265109
경기도,오산시,원동,오산역영무파라드(주상복합),매매,101동,24/29,310000000,78.76,NDOC1,"RR,남향,시스템에어컨2,신혼부부 강력추천, 전세안고",25.04.09,"['4년이내', '방세개', '화장실두개', '고층']",남향,13011596.62265109
경기도,오산시,원동,오산역영무파라드(주상복합),매매,103동,고/29,350000000,78.76,OWNER,"빠른입주, 로얄동로얄층아침해가아름다운 호실, 오산역및 인프라 도보5분이내",25.04.15,"['4년이내', '방세개', '화장실두개', '고층']",동향,14690512.315896396
경기도,오산시,원동,오산역영무파라드(주상복합),매매,102동,저/29,350000000,78.76,NDOC1,,25.04.15,"['4년이내', '방세개', '화장실두개', '세대당1대']",동향,14690512.315896396
경기도,오산시,원동,오산역영무파라드(주상복합),월세,103동,28/29,"1,500/100",78.76,DOC,전망이 좋고 관리가 잘되어 깨끗하고 좋은 집 입니다 ,25.04.16,"['4년이내', '방세개', '화장실두개', '고층']",동향,
경기도,오산시,원동,오산역영무파라드(주상복합),월세,102동,중/29,1억/65,78.76,NDOC1,"2in1에어컨, 방3,화2 뻥뷰 아파트",25.04.10,"['4년이내', '화장실두개', '방세개', '중층']",남향,
경기도,오산시,원동,오산역영무파라드(주상복합),매매,102동,저/29,305000000,78.76,OWNER,정남향 실입주 상태좋음,25.04.07,"['4년이내', '화장실두개', '방세개', '세대당1대']",남향,12801732.16099543
경기도,오산시,원동,오산역영무파라드(주상복합),매매,101동,고/29,340000000,78.76,OWNER,로얄층.소액투자가능 시스템에어컨포함 옵션풍부,25.04.03,"['4년이내', '방세개', '화장실두개', '고층']",남향,14270783.392585067
경기도,오산시,원동,오산역영무파라드(주상복합),매매,103동,중/29,320000000,78.76,OWNER,실입주가능  8월중순입주협의,25.03.29,"['4년이내', '화장실두개', '방세개', '중층']",동향,13431325.545962417
경기도,오산시,원동,오산역영무파라드(주상복합),매매,102동,저/29,320000000,78.76,OWNER,내년 3월 입주협의가능 정남향,25.03.29,"['4년이내', '화장실두개', '방세개', '세대당1대']",남향,13431325.545962417
경기도,오산시,원동,오산역영무파라드(주상복합),매매,101동,저/29,310000000,78.76,NONE,3년차 신축 오산역세권 및 시내 중심부 위치로 생활여건 좋음,25.04.18,"['4년이내', '방세개', '화장실두개', '세대당1대']",동향,13011596.62265109
경기도,오산시,원동,오산역영무파라드(주상복합),매매,103동,12/29,300000000,62.73,OWNER,"시스템 에어컨FULL, 현관중문, 식기세척기, 줄눈, 탄성코팅 등",25.04.19,"['4년이내', '화장실한개', '소형평수', '방두개']",남향,15809588.713534197
경기도,오산시,원동,오산역영무파라드(주상복합),매매,104동,25/29,270000000,62.73,OWNER,"실 입주 가능, 오산역 도보권, 초중고 가까운 아파트, 전세안고 가능",25.04.12,"['4년이내', '화장실한개', '소형평수', '방두개']",남향,14228629.842180775
경기도,오산시,원동,오산역영무파라드(주상복합),매매,104동,고/29,250000000,62.73,NDOC1,주인거주.실입주가능.시에3대.관리잘된 집,25.04.08,"['4년이내', '화장실한개', '소형평수', '방두개']",남향,13174657.261278497
경기도,오산시,원동,오산역영무파라드(주상복합),매매,104동,저/29,240000000,62.73,NDOC1,역세권아파트. 깨끗하게 잘 관리된집. 입주가능,25.04.05,"['4년이내', '화장실한개', '소형평수', '방두개']",남향,12647670.970827356
경기도,오산시,원동,오산역영무파라드(주상복합),매매,103동,고/29,250000000,62.73,DOC,정남향시스템에어컨3대,25.04.15,"['4년이내', '소형평수', '화장실한개', '방두개']",남향,13174657.261278497
경기도,오산시,원동,오산역영무파라드(주상복합),매매,103동,중/29,250000000,62.73,DOC,"역세권아파트. 중문, 시스템에어컨 2대 깨끗하게 잘 관리된집. 입주가능",25.04.07,"['4년이내', '소형평수', '화장실한개', '방두개']",남향,13174657.261278497
경기도,오산시,원동,오산역영무파라드(주상복합),매매,104동,중/29,270000000,62.73,DOC,"투자 환영,전체 확장형,시스템 에어컨",25.04.04,"['4년이내', '소형평수', '방두개', '화장실한개']",남향,14228629.842180775
경기도,오산시,원동,오산역영무파라드(주상복합),매매,104동,저/29,240000000,62.73,NONE,,25.04.18,"['4년이내', '소형평수', '방두개', '화장실한개']",남향,12647670.970827356
경기도,오산시,원동,오산역영무파라드(주상복합),매매,103동,중/29,250000000,62.73,NONE,방2개 화장실1개 ,25.04.18,"['4년이내', '소형평수', '방두개', '화장실한개']",남향,13174657.261278497
경기도,오산시,원동,오산역영무파라드(주상복합),매매,104동,25/29,270000000,62.73,NONE,3년차 신축 오산역세권 및 시내 중심부 위치로 생활여건 좋음,25.04.15,"['4년이내', '소형평수', '방두개', '화장실한개']",남향,14228629.842180775
경기도,오산시,원동,오산역영무파라드(주상복합),매매,104동,21/29,230000000,61.44,NDOC1,투자 추천 세안고 집상태 아주깨끗,25.04.14,"['4년이내', '소형평수', '방두개', '화장실한개']",북향,12375171.712239584
경기도,오산시,원동,오산역영무파라드(주상복합),월세,104동,중/29,"2,000/95",61.44,OWNER,빠른입주 가능 너무 깨끗하고 좋은 집,25.04.11,"['4년이내', '화장실한개', '소형평수', '방두개']",북향,
경기도,오산시,원동,오산역영무파라드(주상복합),매매,104동,고/29,250000000,61.44,NDOC1,주인거주.막힘없는 뷰.컨디션 최상.시에 2대.오산역세권.신축 소형아파트,25.04.10,"['4년이내', '화장실한개', '소형평수', '방두개']",북향,13451273.600260418
경기도,오산시,원동,오산역영무파라드(주상복합),매매,104동,고/29,250000000,61.44,NDOC1,세안고 매매.컨디션 최상.시스템에어컨 3대.오산역세권.신축 소형아파트,25.03.25,"['4년이내', '화장실한개', '소형평수', '방두개']",북향,13451273.600260418
경기도,오산시,원동,오산역영무파라드(주상복합),매매,103동,중/29,250000000,61.44,NONE,,25.04.05,"['4년이내', '소형평수', '방두개', '화장실한개']",북향,13451273.600260418
경기도,오산시,원동,오산역영무파라드(주상복합),매매,104동,21/29,230000000,61.44,NONE,상태너무좋음 전세안고투자굿 오산역도보권 생활인프라굿,25.04.04,"['4년이내', '소형평수', '방두개', '화장실한개']",남향,12375171.712239584
경기도,오산시,원동,오산운암주공5단지,매매,509동,6/20,255000000,77.04,MOBL,샷시외올수리o인테리어o가성비좋은추천매물,25.04.17,"['25년이상', '올수리', '대단지', '방세개']",동향,10942045.366043614
경기도,오산시,원동,오산운암주공5단지,매매,506동,1/20,240000000,77.04,OWNER,"캡투자추천, 샷시까지 올수리, 임차인 거주중",25.04.17,"['25년이상', '올수리', '대단지', '1층']",남향,10298395.638629284
경기도,오산시,원동,오산운암주공5단지,월세,513동,10/20,"1,000/90",77.04,DOC,수리되어있고 공실 전면동으로 일조권 전망권 굿,25.04.19,"['25년이상', '대단지', '방세개', '화장실한개']",남향,
경기도,오산시,원동,오산운암주공5단지,매매,513동,8/20,254000000,77.04,DOC,최고로얄동 전면동  기본형 자신의스타일로 수리하면 좋은집입니다 남향,25.04.18,"['25년이상', '대단지', '방세개', '화장실한개']",남향,10899135.384215992
경기도,오산시,원동,오산운암주공5단지,매매,503동,17/18,270000000,77.04,DOC,세안고 매매 예전올수리 긴잔금 가능   ,25.04.17,"['25년이상', '올수리', '대단지', '방세개']",남향,11585695.093457943
경기도,오산시,원동,오산운암주공5단지,월세,501동,18/18,"2,000/80",77.04,DOC,수리된집   5월20일부터입주가능  도배새로함 남향  로얄층,25.04.16,"['25년이상', '융자금없는', '대단지', '탑층']",남향,
경기도,오산시,원동,오산운암주공5단지,매매,513동,고/20,270000000,77.04,DOCV2,"기본,전면동 ,싸이드아님.",25.04.17,"['25년이상', '대단지', '방세개', '화장실한개']",남향,11585695.093457943
경기도,오산시,원동,오산운암주공5단지,매매,508동,19/20,255000000,77.04,DOC,월세안고26년6월29년만기,25.04.15,"['25년이상', '대단지', '방세개', '화장실한개']",남향,10942045.366043614
경기도,오산시,원동,오산운암주공5단지,월세,505동,19/20,"2,000/80",77.04,DOC,4월16일부터.도배해줌.,25.04.15,"['25년이상', '융자금없는', '대단지', '방세개']",남향,
경기도,오산시,원동,오산운암주공5단지,월세,505동,7/20,"2,000/80",77.04,DOC,최근 올수리함 깨끗 입주협의가능,25.04.15,"['25년이상', '올수리', '대단지', '방세개']",남향,
경기도,오산시,원동,오산운암주공5단지,매매,507동,13/20,260000000,77.04,DOC,수리되어 깨끗 전망권 굿 세안고 매매입니다,25.04.14,"['25년이상', '대단지', '방세개', '화장실한개']",동향,11156595.275181724
경기도,오산시,원동,오산운암주공5단지,매매,508동,15/20,265000000,77.04,DOCV2,"올수리 정상,협의입주 오산역도보권 생활인프라굿",25.04.09,"['25년이상', '올수리', '대단지', '방세개']",남향,11371145.184319833
경기도,오산시,원동,오산운암주공5단지,월세,503동,6/18,"5,000/65",77.04,DOC,저렴한 매물,25.04.10,"['25년이상', '대단지', '방세개', '화장실한개']",남향,
경기도,오산시,원동,오산운암주공5단지,매매,501동,13/18,285000000,77.04,DOC,올수리.관리잘된주인세대.협의입주가능정상입주.오산역도보권.초중고인접,25.04.10,"['25년이상', '올수리', '대단지', '방세개']",남향,12229344.820872275
경기도,오산시,원동,오산운암주공5단지,매매,509동,2/20,260000000,77.04,DOC,"최근올수리, 깨끗함, 전망 나옴, 주인 거주  협의입주가능",25.04.09,"['25년이상', '올수리', '대단지', '방세개']",남향,11156595.275181724
경기도,오산시,원동,오산운암주공5단지,매매,509동,12/20,245000000,77.04,DOC,기본집   동향  전망좋음 뻥뷰  협의입주가능,25.04.08,"['25년이상', '대단지', '방세개', '화장실한개']",동향,10512945.547767393
경기도,오산시,원동,오산운암주공5단지,매매,507동,9/20,250000000,77.04,DOC,갶투자 화장실 씽크대 수리 되어 있고 세안고 매매입니다,25.04.07,"['25년이상', '대단지', '방세개', '화장실한개']",동향,10727495.456905503
경기도,오산시,원동,오산운암주공5단지,매매,503동,고/18,270000000,77.04,DOCV2,"올수리함,전세끼고도 가능함전세보증금21000",25.04.08,"['25년이상', '올수리', '대단지', '방세개']",남향,11585695.093457943
경기도,오산시,원동,오산운암주공5단지,매매,501동,1/18,229000000,77.04,DOC,싱크대.화장실교체 중문등 깨끗합니다,25.04.07,"['25년이상', '대단지', '1층', '방세개']",남향,9826385.83852544
경기도,오산시,원동,오산운암주공5단지,매매,503동,17/18,270000000,77.04,DOC,올수리 집 깨끗함   세끼고 투자가능 26년4월만기,25.04.02,"['25년이상', '올수리', '대단지', '방세개']",남향,11585695.093457943
경기도,오산시,원동,오산운암주공5단지,전세,511동,9/18,200000000,77.04,DOC,"부분수리   남향  로얄층 전망좋은 전면동, 6월25입주가능  협의가능",25.04.02,"['25년이상', '융자금없는', '대단지', '방세개']",남향,8581996.365524404
경기도,오산시,원동,오산운암주공5단지,매매,505동,고/20,260000000,77.04,DOCV2,"특올수리,집상태좋음 ,",25.03.31,"['25년이상', '올수리', '대단지', '방세개']",남향,11156595.275181724
경기도,오산시,원동,오산운암주공5단지,매매,506동,고/20,260000000,77.04,DOC,"올수한 깨끗한집,남향으로 일조권 아주좋음",25.04.04,"['25년이상', '대단지', '방세개', '화장실한개']",남향,11156595.275181724
경기도,오산시,원동,오산운암주공5단지,매매,502동,중/20,260000000,77.04,DOC,"오산역세권,  세안고 매매, 갭투자 하세요.",25.03.27,"['25년이상', '대단지', '방세개', '화장실한개']",남향,11156595.275181724
경기도,오산시,원동,오산운암주공5단지,매매,513동,8/20,254000000,77.04,NONE,5단지 최고로얄동  수리않되어있음  저렴한가격   빠른입주가능,25.04.17,"['25년이상', '대단지', '방세개', '화장실한개']",남향,10899135.384215992
경기도,오산시,원동,오산운암주공5단지,월세,501동,14/18,"2,000/80",77.04,NONE,수리된집 도배새로함  남향 로얄층  5월20일이후입주가능,25.04.16,"['25년이상', '대단지', '방세개', '화장실한개']",남향,
경기도,오산시,원동,오산운암주공5단지,매매,509동,2/20,260000000,77.04,NONE,"최근올수리됨, 주인 거주로 깨끗함, 입주일(협의입주가능 ) 중문있음",25.04.09,"['25년이상', '올수리', '대단지', '방세개']",남향,11156595.275181724
경기도,오산시,원동,오산운암주공5단지,매매,509동,12/20,250000000,77.04,NONE,수리안된집  저렴하게 매수하여 예쁘게 리모델링하세요 협의입주가능,25.04.09,"['25년이상', '대단지', '방세개', '화장실한개']",남향,10727495.456905503
경기도,오산시,원동,오산운암주공5단지,월세,503동,6/18,"2,000/70",77.04,NONE,,25.04.05,"['25년이상', '대단지', '방세개', '화장실한개']",남향,
경기도,오산시,원동,오산운암주공5단지,월세,505동,7/20,"2,000/80",77.04,NONE,올수리  빠른입주가능  집깨끗함,25.04.05,"['25년이상', '올수리', '대단지', '방세개']",남향,
경기도,오산시,원동,오산운암주공5단지,매매,503동,16/18,265000000,77.04,NONE,"올수리됨, 주인 거주로 깨끗함, 입주일(협의입주)",25.04.05,"['25년이상', '올수리', '대단지', '방세개']",남향,11371145.184319833
경기도,오산시,원동,오산운암주공5단지,매매,509동,6/20,265000000,77.04,NONE,올수리한집 (신형수리)  동향  깨끗한집  4월입주가능,25.04.05,"['25년이상', '올수리', '대단지', '방세개']",동향,11371145.184319833
경기도,오산시,원동,오산운암주공5단지,매매,509동,4/20,235000000,76.98,DOC,급매  남동향   햇살이 잘들어요 세안고 매매 ,25.04.15,"['25년이상', '대단지', '급매', '방세개']",남동향,10091705.31306833
경기도,오산시,원동,오산운암주공5단지,전세,510동,10/18,180000000,64.15,DOC,수리되어있고 4월말부터 협의입주,25.04.19,"['25년이상', '대단지', '방두개', '화장실한개']",남향,9275780.202650039
경기도,오산시,원동,오산운암주공5단지,전세,504동,중/18,180000000,64.15,OWNER,"수리된 깨끗한집,오산역 도보가능, 초중고,상업지역 단지 바로앞,생활편리",25.04.16,"['25년이상', '대단지', '방두개', '화장실한개']",남향,9275780.202650039
경기도,오산시,원동,오산운암주공5단지,매매,504동,중/18,210000000,64.15,OWNER,"수리된 깔끔한집,오산역도보이용가능,광역버스단지앞정차,생활권 편리한단지",25.04.14,"['25년이상', '대단지', '방두개', '화장실한개']",남향,10821743.569758378
경기도,오산시,원동,오산운암주공5단지,매매,504동,15/18,205000000,64.15,DOC,올수리 전세안고투자 오산역도보권 생활인프라풍부 초중고인접,25.04.16,"['25년이상', '올수리', '대단지', '방두개']",남향,10564083.008573655
경기도,오산시,원동,오산운암주공5단지,매매,510동,18/18,195000000,64.15,DOC,4월말부터공실,25.04.15,"['25년이상', '대단지', '탑층', '방두개']",남향,10048761.886204207
경기도,오산시,원동,오산운암주공5단지,매매,510동,4/18,195000000,64.15,OWNER,"o31.225.5000,입주협의,세안고매매가능,오산역 도보10분",25.04.04,"['25년이상', '대단지', '방두개', '화장실한개']",남향,10048761.886204207
경기도,오산시,원동,오산운암주공5단지,전세,510동,저/18,180000000,64.15,DOCV2,깔끔한세대.오산역도보권.초중고인접.생활인프라굿,25.04.15,"['25년이상', '대단지', '방두개', '화장실한개']",남향,9275780.202650039
경기도,오산시,원동,오산운암주공5단지,매매,510동,15/18,220000000,64.15,DOCV2,전세안고 매매,25.04.07,"['25년이상', '대단지', '방두개', '화장실한개']",남향,11337064.692127824
경기도,오산시,원동,오산운암주공5단지,월세,510동,6/18,"2,000/70",64.15,DOC,  올수리  깨끗함 남향 ,25.04.07,"['25년이상', '융자금없는', '올수리', '대단지']",남향,
경기도,오산시,원동,오산운암주공5단지,매매,504동,저/18,210000000,64.15,DOC,올수리 오산역도보권 세안고투자굿 초중고인접 생활인프라풍부,25.04.11,"['25년이상', '올수리', '대단지', '방두개']",남향,10821743.569758378
경기도,오산시,원동,오산운암주공5단지,매매,510동,저/18,189000000,64.15,DOC,"협의입주가능, 남향, 욕실싱크대 수리3년",25.03.28,"['25년이상', '대단지', '방두개', '화장실한개']",남향,9739569.21278254
경기도,오산시,원동,오산원동푸르지오,매매,112동,중/15,300000000,107.36,DOCV2,올수리된세대.집주인거주,25.04.11,"['25년이내', '올수리', '방세개', '화장실두개']",남향,9237476.713859912
경기도,오산시,원동,오산원동푸르지오,매매,112동,14/15,300000000,107.36,DOCV2,,25.04.02,"['25년이내', '방세개', '화장실두개', '고층']",남향,9237476.713859912
경기도,오산시,원동,오산원동푸르지오,매매,112동,15/15,315000000,107.36,DOC,"주인거주,거실확장,화장실수리,3년전올수리",25.04.03,"['25년이내', '올수리', '욕실수리', '탑층']",남향,9699350.549552908
경기도,오산시,원동,오산원동푸르지오,매매,112동,중/15,270000000,107.36,DOC,전면동 깨끗한집 전세끼고,25.04.07,"['25년이내', '방세개', '화장실두개', '중층']",남향,8313729.04247392
경기도,오산시,원동,오산원동푸르지오,매매,112동,고/15,315000000,107.36,NONE,신혼부부거주 나이스 전망 최근 인테리어 ,25.04.08,"['25년이내', '방세개', '화장실두개', '고층']",남향,9699350.549552908
경기도,오산시,원동,오산원동푸르지오,매매,107동,14/15,280000000,106.67,DOCV2,집주인거주.정상,25.04.16,"['25년이내', '방세개', '화장실두개', '고층']",남향,8677414.455798257
경기도,오산시,원동,오산원동푸르지오,매매,110동,1/15,270000000,106.67,DOCV2,"방1개확장,협의입주",25.04.15,"['25년이내', '1층', '방한개', '화장실두개']",남향,8367506.796662604
경기도,오산시,원동,오산원동푸르지오,매매,108동,3/15,280000000,106.67,DOCV2,중문설치,25.04.15,"['25년이내', '방세개', '화장실두개', '세대당1대']",남향,8677414.455798257
경기도,오산시,원동,오산원동푸르지오,매매,103동,6/15,295000000,106.67,DOCV2,,25.04.15,"['25년이내', '방세개', '화장실두개', '중층']",남향,9142275.944501735
경기도,오산시,원동,오산원동푸르지오,매매,108동,15/15,290000000,106.67,DOCV2,탑층 주인거주로 깨끗 화장실수리 샷시교체,25.04.14,"['25년이내', '욕실수리', '탑층', '방세개']",남향,8987322.11493391
경기도,오산시,원동,오산원동푸르지오,월세,103동,7/15,"1,000/100",106.67,DOC,씽크대 도배 인터폰등등 교채해줌 빠른입주가능,25.04.18,"['25년이내', '융자금없는', '방세개', '화장실두개']",남향,
경기도,오산시,원동,오산원동푸르지오,매매,104동,1/15,275000000,106.67,DOC,층간소음극정없는1층 샷시까지교체 방1확장 보일러교체 주인거주하는 깨끗한집,25.04.17,"['25년이내', '1층', '보일러교체', '방세개']",남향,8522460.62623043
경기도,오산시,원동,오산원동푸르지오,매매,106동,6/15,280000000,106.67,DOC,올확장 화단철거등등 수리된깨끗 주인거주 협의,25.04.17,"['25년이내', '방세개', '화장실두개', '중층']",남향,8677414.455798257
경기도,오산시,원동,오산원동푸르지오,매매,110동,1/15,260000000,106.67,DOCV2,아이들키우기 좋은 1층 주방확장 개인텃밭사용가능 집상태굿,25.04.11,"['25년이내', '1층', '방세개', '화장실두개']",남향,8057599.137526953
경기도,오산시,원동,오산원동푸르지오,월세,102동,12/15,"2,000/100",106.67,DOC,즉시입주.도배완료,25.04.15,"['25년이내', '방세개', '화장실두개', '고층']",남향,
경기도,오산시,원동,오산원동푸르지오,월세,110동,14/15,"1억 4,000/55",106.67,DOCV2,정상입주 도배 해줌 전망좋음 ,25.04.10,"['25년이내', '방세개', '화장실두개', '고층']",남향,
경기도,오산시,원동,오산원동푸르지오,전세,110동,고/15,210000000,106.67,DOCV2,,25.04.16,"['25년이내', '방세개', '화장실두개', '고층']",남향,6508060.841848693
경기도,오산시,원동,오산원동푸르지오,매매,107동,3/15,270000000,106.67,DOC,"지하주차장 연결된동. 연결된곳 별로없습니다, 12월경입주가. 깨끗함",25.04.14,"['25년이내', '방세개', '화장실두개', '세대당1대']",남향,8367506.796662604
경기도,오산시,원동,오산원동푸르지오,매매,105동,고/15,290000000,106.67,DOC,깨끗한집 협의입주,25.04.18,"['25년이내', '방세개', '화장실두개', '고층']",남향,8987322.11493391
경기도,오산시,원동,오산원동푸르지오,월세,105동,고/15,"1,000/100",106.67,DOC,2천95  도배해줌 협의입주,25.04.18,"['25년이내', '방세개', '화장실두개', '고층']",남향,
경기도,오산시,원동,오산원동푸르지오,매매,108동,중/15,270000000,106.67,DOC,깨끗한집,25.04.17,"['25년이내', '방세개', '화장실두개', '중층']",남향,8367506.796662604
경기도,오산시,원동,오산원동푸르지오,매매,106동,2/15,260000000,106.67,DOC,올확장된집 빠른입주가능,25.04.10,"['25년이내', '방세개', '화장실두개', '세대당1대']",남향,8057599.137526953
경기도,오산시,원동,오산원동푸르지오,매매,110동,4/15,280000000,106.67,DOC,씽크대 화장실등등 수리된집  주인거주,25.04.10,"['25년이내', '방세개', '화장실두개', '세대당1대']",남향,8677414.455798257
경기도,오산시,원동,오산원동푸르지오,매매,101동,저/15,280000000,106.67,DOC,전면동 깨끗한집,25.04.15,"['25년이내', '방세개', '화장실두개', '세대당1대']",남향,8677414.455798257
경기도,오산시,원동,오산원동푸르지오,월세,101동,중/15,"1,000/100",106.67,DOC,공실 2천95  전면동 깨끗한집 기숙사가능,25.04.14,"['25년이내', '융자금없는', '방세개', '화장실두개']",남향,
경기도,오산시,원동,오산원동푸르지오,매매,107동,10/15,300000000,106.67,DOC,깨끗한집 협의입주가능,25.04.07,"['25년이내', '방세개', '화장실두개', '중층']",남향,9297229.77406956
경기도,오산시,원동,오산원동푸르지오,매매,106동,13/15,285000000,106.67,DOC,"공실 거실확장,주방확장된집 즉시입주",25.04.07,"['25년이내', '방세개', '화장실두개', '고층']",남향,8832368.285366083
경기도,오산시,원동,오산원동푸르지오,매매,108동,8/15,300000000,106.67,DOCV2,,25.04.02,"['25년이내', '방세개', '화장실두개', '중층']",남향,9297229.77406956
경기도,오산시,원동,오산원동푸르지오,매매,108동,2/15,285000000,106.67,DOCV2,깨끗,25.04.02,"['25년이내', '방세개', '화장실두개', '세대당1대']",남향,8832368.285366083
경기도,오산시,원동,오산원동푸르지오,매매,108동,저/15,260000000,106.67,DOC,깨끗한집,25.04.11,"['25년이내', '방세개', '화장실두개', '세대당1대']",남향,8057599.137526953
경기도,오산시,원동,오산원동푸르지오,매매,109동,14/15,299000000,106.67,DOC,씽크대 화장실등등 올수리된집 협의입주,25.04.04,"['25년이내', '올수리', '방세개', '화장실두개']",남향,9266239.008155994
경기도,오산시,원동,오산원동푸르지오,매매,105동,7/15,270000000,106.67,DOC,,25.04.03,"['25년이내', '방세개', '화장실두개', '중층']",남향,8367506.796662604
경기도,오산시,원동,오산원동푸르지오,매매,101동,중/15,310000000,106.67,DOC,"확트인 전망, 전체 리모델링, 확장함,전세끼고  매매",25.04.10,"['25년이내', '방세개', '화장실두개', '중층']",남향,9607137.433205212
경기도,오산시,원동,오산원동푸르지오,매매,108동,저/15,255000000,106.67,DOC,씽크대등등 수리된집 전세끼고,25.04.09,"['25년이내', '방세개', '화장실두개', '세대당1대']",남향,7902645.307959126
경기도,오산시,원동,오산원동푸르지오,매매,101동,중/15,277000000,106.67,DOC,전면동  빠른입주가능,25.04.07,"['25년이내', '방세개', '화장실두개', '중층']",남향,8584442.158057561
경기도,오산시,원동,오산원동푸르지오,월세,105동,11/15,"2,000/100",106.67,DOC,빠른입주,25.03.27,"['25년이내', '융자금없는', '방세개', '화장실두개']",남향,
경기도,오산시,원동,오산원동푸르지오,매매,105동,8/15,300000000,106.67,DOC,수리된 깨끗한집 협의입주,25.03.27,"['25년이내', '방세개', '화장실두개', '중층']",남향,9297229.77406956
경기도,오산시,원동,오산원동푸르지오,매매,109동,고/15,279000000,106.67,DOC,깨끗한집,25.03.27,"['25년이내', '방세개', '화장실두개', '고층']",남향,8646423.689884692
경기도,오산시,원동,오산원동힐스테이트,월세,106동,18/19,"2,000/130",165.47,DOC,전면동 채광아주굿 확장형 입주협의,25.04.16,"['25년이내', '대형평수', '방네개이상', '화장실세개']",남서향,
경기도,오산시,원동,오산원동힐스테이트,매매,104동,7/19,480000000,165.47,DOC,"50,욕3 확장 지역난방 관리잘된 깨끗한집 주인거주 협의이사",25.04.15,"['25년이내', '대형평수', '방네개이상', '화장실세개']",남동향,9589513.506980117
경기도,오산시,원동,오산원동힐스테이트,매매,104동,6/19,500000000,165.47,DOC,"50,확장 개별난방 리모델링  주인거주",25.04.10,"['25년이내', '대형평수', '방네개이상', '화장실세개']",남향,9989076.569770956
경기도,오산시,원동,오산원동힐스테이트,매매,105동,8/19,440000000,165.47,DOC,"50,욕2 확장 지역난방 관리잘됨 주인거주",25.04.07,"['25년이내', '대형평수', '방네개이상', '화장실두개']",남동향,8790387.381398441
경기도,오산시,원동,오산원동힐스테이트,매매,104동,9/19,500000000,165.47,DOC,"50,욕3 올확장,예쁜 올수리 지역난방  주인거주 협의",25.04.07,"['25년이내', '올수리', '대형평수', '방네개이상']",남동향,9989076.569770956
경기도,오산시,원동,오산원동힐스테이트,매매,106동,2/19,480000000,165.47,DOC,필로티 2층  50  주인거주 입주협의,25.04.05,"['25년이내', '필로티', '대형평수', '방네개이상']",남서향,9589513.506980117
경기도,오산시,원동,오산원동힐스테이트,매매,104동,3/19,420000000,165.47,DOC,"급매 50, 나무조망 수리되어 있어 깨끗해요 입주협의",25.04.05,"['25년이내', '급매', '대형평수', '방네개이상']",남동향,8390824.318607602
경기도,오산시,원동,오산원동힐스테이트,매매,105동,4/19,450000000,165.47,DOC,50. 방4 욕3 올확장 지역난방,25.03.27,"['25년이내', '대형평수', '방네개이상', '화장실세개']",남동향,8990168.91279386
경기도,오산시,원동,오산원동힐스테이트,매매,104동,13/19,490000000,165.47,DOC,전망 좋은 깨끗한 집입니다.,25.03.26,"['25년이내', '대형평수', '방네개이상', '화장실세개']",남동향,9789295.038375538
경기도,오산시,원동,오산원동힐스테이트,매매,104동,6/19,500000000,165.47,NONE,전반적으로 올리모델링한집 주인거주 정상협의입주가 ,25.04.17,"['25년이내', '대형평수', '방네개이상', '화장실세개']",남동향,9989076.569770956
경기도,오산시,원동,오산원동힐스테이트,매매,105동,8/19,450000000,133.46,DOC,"40. 싱크대, 조명교체 수리된집 주인거주 협의입주",25.04.15,"['25년이내', '대형평수', '방네개이상', '화장실두개']",남동향,11146435.261501573
경기도,오산시,원동,오산원동힐스테이트,매매,106동,3/19,420000000,133.46,DOC,"40,방3 확장 지역난방 입주협의",25.04.15,"['25년이내', '대형평수', '방네개이상', '화장실두개']",남동향,10403339.577401469
경기도,오산시,원동,오산원동힐스테이트,매매,104동,15/19,430000000,133.46,DOCV2,급매 주인거주 관리잘된 깨끗한집 협의입주가능,25.04.10,"['25년이내', '급매', '대형평수', '방네개이상']",남동향,10651038.13876817
경기도,오산시,원동,오산원동힐스테이트,매매,104동,13/19,430000000,133.46,DOC,"확장형 수납최고,팬트리 주인거주",25.04.11,"['25년이내', '대형평수', '방네개이상', '화장실두개']",남동향,10651038.13876817
경기도,오산시,원동,오산원동힐스테이트,매매,106동,5/19,400000000,133.46,DOC,"40,방4 확장 지역난방 주인거주 관리잘된 깨끗한집 이사협의",25.04.10,"['25년이내', '대형평수', '방네개이상', '화장실두개']",남동향,9907942.454668066
경기도,오산시,원동,오산원동힐스테이트,매매,104동,9/19,430000000,133.46,DOC,남향 방4 지역난방 거실만확장 ,25.04.05,"['25년이내', '대형평수', '방네개이상', '화장실두개']",남향,10651038.13876817
경기도,오산시,원동,오산원동힐스테이트,매매,104동,14/19,410000000,133.46,DOC,남향 방4  로얄층 지역난방 빠른입주 가능,25.04.02,"['25년이내', '대형평수', '방네개이상', '화장실두개']",남향,10155641.016034767
경기도,오산시,원동,오산원동힐스테이트,매매,104동,2/19,400000000,133.46,DOCV2,아이들키우기 좋은집 일조량 풍부 아주 깨끗 이사협의,25.03.26,"['25년이내', '필로티', '대형평수', '방네개이상']",남동향,9907942.454668066
경기도,오산시,원동,오산원동힐스테이트,매매,106동,8/19,440000000,133.46,DOC,40지역난방 관리잘된집 주인거주,25.03.27,"['25년이내', '대형평수', '방네개이상', '화장실두개']",남동향,10898736.700134872
경기도,오산시,원동,오산원동힐스테이트,매매,106동,12/19,450000000,132.61,DOC,남향 로얄층 싱크대교체 인덕션 후드교체 주인거주  이사협의,25.04.15,"['25년이내', '주방교체', '대형평수', '방네개이상']",남향,11217881.381494608
경기도,오산시,원동,오산원동힐스테이트,매매,106동,7/19,430000000,132.61,OWNER,"40, 입주협의, 높지도 낮지도 않은 로얄층, 남향, 집보러오세요",25.03.24,"['25년이내', '대형평수', '방네개이상', '화장실두개']",남향,10719308.875650402
경기도,오산시,원동,오산원동힐스테이트,매매,101동,2/19,348000000,118.4,DOC,남향 확장형 수납많고 주차최고,25.04.19,"['25년이내', '필로티', '방세개', '화장실두개']",남향,9716327.533783784
경기도,오산시,원동,오산원동힐스테이트,매매,103동,중/18,365000000,118.4,DOC,"급매 전망좋은로얄동 올확장및수납공간넉넉 ,전실 주차장도여유있어요",25.04.19,"['25년이내', '급매', '방세개', '화장실두개']",남향,10190975.717905406
경기도,오산시,원동,오산원동힐스테이트,매매,102동,2/19,390000000,118.4,DOC,"35,남향 확장 지역난방 주인거주 협의입주",25.04.07,"['25년이내', '방세개', '화장실두개', '세대당1대']",남향,10888987.753378378
경기도,오산시,원동,오산원동힐스테이트,매매,101동,4/19,370000000,118.4,DOC,올확장 전망굿 열병합 지하2층까지주차장넉넉 도서관및산책로,25.04.07,"['25년이내', '방세개', '화장실두개', '세대당1대']",남향,10330578.125
경기도,오산시,원동,오산원동힐스테이트,월세,101동,3/19,"1,000/120",118.4,DOC,"35,싱크대 LED등 3년전교체 입주협의",25.03.24,"['25년이내', '방세개', '화장실두개', '세대당1대']",남향,
경기도,오산시,원동,오산원동힐스테이트,매매,101동,저/19,348000000,118.4,DOC,"급매 올확장 전실,펜트리,붙박이장등 수납공간넉넉하고 주차장도넓어요",25.03.24,"['25년이내', '급매', '방세개', '화장실두개']",남향,9716327.533783784
경기도,오산시,원동,우경싸이트빌(주상복합),월세,1동,중/15,"1,000/70",71.94,OWNER,,25.04.16,"['25년이내', '화장실두개', '방두개', '중층']",동향,
경기도,오산시,원동,우경싸이트빌(주상복합),월세,1동,3/15,"1,000/62",71.94,DOC,청소후 즉시입주가능,25.04.17,"['25년이내', '필로티', '방두개', '화장실한개']",동향,
경기도,오산시,원동,우경싸이트빌(주상복합),전세,1동,14/15,135000000,71.94,DOC,즉시입주가능   수리되어 깨끗함,25.04.04,"['25년이내', '방두개', '화장실한개', '고층']",동향,6203516.472060051
경기도,오산시,원동,우경싸이트빌(주상복합),월세,1동,고/15,500/50,46,DOC,역 도보 7분거리 주차편리 소형아파트,25.04.17,"['25년이내', '소형평수', '방한개', '화장실한개']",서향,
경기도,오산시,원동,우경싸이트빌(주상복합),매매,1동,고/15,880000000000,46,DOC,역 도보 7분거리 주차편리 소형아파트,25.04.17,"['25년이내', '소형평수', '방한개', '화장실한개']",서향,63241104347.826096
경기도,오산시,원동,우주마루(주상복합),매매,103동,고/9,190000000,78.47,DOC,아파트.남향.방3욕실2.관리잘된집.이마트맞은편.,25.03.31,"['15년이내', '방세개', '화장실두개', '고층']",남향,8004322.033898306
경기도,오산시,원동,우주마루(주상복합),매매,101동,고/9,170000000,71.73,DOCV2,방3 욕실2 주인거주 정상입주,25.04.19,"['15년이내', '방세개', '화장실두개', '고층']",동향,7834705.841349505
경기도,오산시,원동,우주마루(주상복합),매매,102동,6/9,170000000,67.02,DOC,남향 주인거주하는 깨끗하고 잘관리된집 오피스텔아니고아파트입니다,25.04.07,"['15년이내', '방두개', '화장실한개', '중층']",남향,8385309.60907192
경기도,오산시,원동,우주마루(주상복합),매매,102동,저/9,169000000,62.76,DOC,아파트.남향.준신축.입주협의.이마트맞은편.,25.04.14,"['15년이내', '소형평수', '방두개', '화장실한개']",남향,8901811.105799872
경기도,오산시,원동,운암청구,매매,101동,15/21,550000000,197.54,DOC,예전수리로 집끗 입주는 협의 합니다,25.04.14,"['25년이내', '대형평수', '방네개이상', '화장실두개']",남향,9204119.41885188
경기도,오산시,원동,운암청구,매매,101동,고/21,430000000,197.54,DOC,"방5,화2, 세안고 저렴한 매매",25.04.11,"['25년이내', '대형평수', '방네개이상', '화장실두개']",남향,7195947.909284197
경기도,오산시,원동,운암청구,전세,101동,저/21,350000000,197.54,DOC,"올수리후첫입주 생활인프라굿 오산ic,오산역,오산시청근거리 초중고인접",25.04.10,"['25년이내', '올수리', '대형평수', '방네개이상']",남향,5857166.902905742
경기도,오산시,원동,운암청구,매매,101동,14/21,520000000,197.54,DOC,기본이지만 깨끗 입주는 협의 합니다,25.03.31,"['25년이내', '대형평수', '방네개이상', '화장실두개']",남향,8702076.541459959
경기도,오산시,원동,운암청구,매매,101동,9/21,550000000,197.54,DOCV2,냠향 로얄층올수리 전망 채광굿 깨끗,25.03.24,"['25년이내', '올수리', '대형평수', '방네개이상']",남향,9204119.41885188
경기도,오산시,원동,운암청구,매매,101동,13/21,680000000,197.54,DOC,최근 완전 올수리 올확장,25.03.24,"['25년이내', '올수리', '대형평수', '방네개이상']",남향,11379638.554216867
경기도,오산시,원동,운암청구,전세,101동,14/21,300000000,197.54,DOC,기본이지만 깨끗 입주는 협의,25.03.24,"['25년이내', '대형평수', '방네개이상', '화장실두개']",남향,5020428.773919206
경기도,오산시,원동,운암청구,매매,104동,20/21,450000000,156.75,DOC,전면동으로 일조권 전망권 완전굿 부분 수리로 집깨끗 합니다,25.04.15,"['25년이내', '대형평수', '방네개이상', '화장실두개']",남향,9490291.866028707
경기도,오산시,원동,운암청구,매매,104동,21/21,430000000,156.75,DOC,현공실 비번있음. 인프라 최고 시청 학교 도서관 광역교통 마트,25.04.14,"['25년이내', '대형평수', '탑층', '방네개이상']",남향,9068501.116427433
경기도,오산시,원동,운암청구,매매,104동,19/21,500000000,156.75,DOC,전면동으로 수리되어 있고 입주는 협의 합니다,25.04.14,"['25년이내', '대형평수', '방네개이상', '화장실두개']",남향,10544768.740031898
경기도,오산시,원동,운암청구,매매,104동,15/21,450000000,156.75,DOC,전면동에 부분수리로 집깨끗 입주는 협의 합니다,25.04.14,"['25년이내', '대형평수', '방네개이상', '화장실두개']",남향,9490291.866028707
경기도,오산시,원동,운암청구,매매,102동,14/17,440000000,156.75,DOC,기본 로얄층 언제든지 입주가능합니다,25.04.14,"['25년이내', '대형평수', '방네개이상', '화장실두개']",남향,9279396.49122807
경기도,오산시,원동,운암청구,매매,104동,1/21,405000000,156.75,DOC,수리되어 있고 현재 공실로 언제든지 입주가능합니다,25.04.02,"['25년이내', '1층', '대형평수', '방네개이상']",남향,8541262.67942584
경기도,오산시,원동,운암청구,매매,102동,14/17,480000000,156.75,DOC,올수리 되어 있고 입주는 협의 합니다,25.03.24,"['25년이내', '올수리', '대형평수', '방네개이상']",남향,10122977.990430623
경기도,오산시,원동,운암청구,매매,103동,6/20,400000000,118.62,DOC,현공실로 언제든지 입주가능합니다,25.04.14,"['25년이내', '방세개', '화장실두개', '세대당 1.5대이상']",남향,11147479.34581015
경기도,오산시,원동,운암청구,매매,103동,5/20,450000000,118.62,DOC,올수리 되어 있고 세안고 매매 입니다,25.04.14,"['25년이내', '올수리', '방세개', '화장실두개']",남향,12540914.264036419
경기도,오산시,원동,운암청구,월세,103동,1/20,"5,000/110",118.62,OWNER,최상의 입지조건으로 저렴한 매물입니다,25.04.01,"['25년이내', '1층', '방세개', '화장실두개']",남향,
경기도,오산시,원동,운암청구,매매,103동,10/20,420000000,118.62,DOC,올수리 올확장 수리 되어 있고 세안고 매매 입니다,25.04.07,"['25년이내', '올수리', '방세개', '화장실두개']",남향,11704853.313100658
경기도,오산시,원동,운암청구,매매,103동,14/20,390000000,118.62,DOC,올샷시 교체로  세안고 매매,25.03.24,"['25년이내', '방세개', '화장실두개', '고층']",남향,10868792.362164896
경기도,오산시,원동,운암청구,매매,103동,20/20,400000000,118.62,DOC,세안고  탑층으로 일조권 완전굿 수리되어 깨끗 ,25.03.24,"['25년이내', '탑층', '방세개', '화장실두개']",남향,11147479.34581015
경기도,오산시,원동,운암청구,매매,103동,10/20,420000000,118.62,NONE,,25.04.15,"['25년이내', '방세개', '화장실두개', '중층']",남향,11704853.313100658
경기도,오산시,원동,"원동두산,동아",매매,105동,17/17,270000000,110.44,DOCV2,,25.04.16,"['25년이상', '탑층', '방세개', '화장실두개']",남향,8081872.057225644
경기도,오산시,원동,"원동두산,동아",매매,104동,17/17,270000000,110.44,DOCV2,탁트인전망 층간소음없는 탑층 로얄동호수,25.04.07,"['25년이상', '탑층', '방세개', '화장실두개']",남향,8081872.057225644
경기도,오산시,원동,"원동두산,동아",매매,104동,고/17,270000000,110.44,DOC,,25.04.18,"['25년이상', '방세개', '화장실두개', '고층']",남향,8081872.057225644
경기도,오산시,원동,"원동두산,동아",매매,101동,7/15,300000000,110.44,DOC,초대박 쌋시까지 리모델링 올수리 방2개확장 중문,25.04.07,"['25년이상', '올수리', '방두개', '화장실두개']",남향,8979857.841361826
경기도,오산시,원동,"원동두산,동아",매매,102동,10/15,280000000,110.44,DOC,전면동 부분수리 주인거주로 집완전 깨끗,25.04.05,"['25년이상', '방세개', '화장실두개', '중층']",남향,8381200.651937704
경기도,오산시,원동,"원동두산,동아",매매,105동,2/17,250000000,110.44,DOC,급매 조용한로얄동 저층이지반 일조량풍부 전망도나옴 초품아,25.03.27,"['25년이상', '급매', '방세개', '화장실두개']",남향,7483214.867801522
경기도,오산시,원동,"원동두산,동아",매매,108동,고/15,265000000,93.19,NDOC2,확장형으로  완젼  깔금  넓게  쓰실수  잇어용,25.04.18,"['25년이상', '방세개', '화장실두개', '고층']",남향,9400504.614228996
경기도,오산시,원동,"원동두산,동아",매매,107동,6/15,245000000,93.19,DOCV2,주인거주 관리잘된집 작은방확장  입주협의가능,25.04.10,"['25년이상', '방세개', '화장실두개', '중층']",남향,8691032.56787209
경기도,오산시,원동,"원동두산,동아",매매,107동,13/15,265000000,93.19,DOC,귀한물건 2년전샷시제외 올수리 계약임박매물,25.04.14,"['25년이상', '올수리', '방세개', '화장실두개']",남향,9400504.614228996
경기도,오산시,원동,"원동두산,동아",매매,108동,14/15,265000000,93.19,NDOC2,빠른입주가능  샷시까지 수리된  따뜻한 집입니다,25.03.25,"['25년이상', '방세개', '화장실두개', '고층']",남향,9400504.614228996
경기도,오산시,원동,원동청구,월세,104동,12/15,"2,000/80",108.2,NDOC2,빠른입주 가능  저렴한 매물 입니다,25.04.18,"['25년이상', '방세개', '화장실두개', '고층']",남향,
경기도,오산시,원동,원동청구,월세,104동,3/15,"3,000/100",108.2,DOCV2,,25.04.14,"['25년이상', '방세개', '화장실두개', '저층']",남향,
경기도,오산시,원동,원동청구,매매,104동,고/15,250000000,108.2,NDOC2,빤듯빤듯  햇살좋은  남향집   선호동으로  주변 입지 좋아요,25.04.18,"['25년이상', '방세개', '화장실두개', '고층']",남향,7638135.3974122
경기도,오산시,원동,원동청구,매매,104동,4/15,238000000,108.2,DOC,급매 화장실2개올수리 주인거주 입주협의가능,25.04.14,"['25년이상', '올수리', '급매', '방세개']",남향,7271504.898336415
경기도,오산시,원동,원동청구,매매,101동,중/15,270000000,108.2,NDOC2,,25.04.11,"['25년이상', '방세개', '화장실두개', '중층']",남향,8249186.229205176
경기도,오산시,원동,원동청구,월세,104동,8/15,"1억 4,000/30",108.2,DOC,리모델링된 깨끗한집 애완견X 7월말이내 협의입주,25.04.07,"['25년이상', '융자금없는', '방세개', '화장실두개']",남향,
경기도,오산시,원동,원동청구,매매,104동,중/15,238000000,108.2,DOC,가격절충가능 계약후입주10일 깨끗함,25.04.11,"['25년이상', '방세개', '화장실두개', '중층']",남향,7271504.898336415
경기도,오산시,원동,원동청구,매매,104동,2/15,250000000,108.2,DOC,,25.03.27,"['25년이상', '방세개', '화장실두개', '저층']",남향,7638135.3974122
경기도,오산시,원동,원동청구,매매,104동,고/15,250000000,108.2,DOC,급매 즉시입주가능 계약후인테리어가능 초품아및오산역세권단지,25.03.25,"['25년이상', '급매', '방세개', '화장실두개']",남향,7638135.3974122
경기도,오산시,원동,원리주공,매매,205동,3/5,190000000,52.83,NDOC1,,25.04.18,"['25년이상', '소형평수', '방두개', '화장실한개']",남향,11889062.085936023
경기도,오산시,원동,원리주공,월세,202동,4/5,"1,000/60",52.83,DOC,즉시입주 방3 욕실1 앞베란다확장 도배 장판 해 드려요,25.04.17,"['25년이상', '융자금적은', '확장형', '소형평수']",남향,
경기도,오산시,원동,원리주공,매매,202동,5/5,170000000,52.83,DOC,남향 방3화1 8월만만기 실입주가능 저렴한가격,25.04.17,"['25년이상', '소형평수', '탑층', '방세개']",남향,10637581.86636381
경기도,오산시,원동,원리주공,전세,201동,5/5,120000000,52.83,MOBL,이마트인근o부분리모델링o에어컨.냉장고.세탁기.가스렌지.전자렌지옵션다수,25.04.03,"['25년이상', '융자금없는', '화장실한개', '소형평수']",남향,7508881.317433277
경기도,오산시,원동,원리주공,매매,203동,3/5,175000000,52.83,DOC,세안고매매 샤시 포함 최근올수리 투자굿,25.04.07,"['25년이상', '올수리', '소형평수', '방세개']",남향,10950451.921256863
경기도,오산시,원동,원리주공,매매,205동,저/5,180000000,52.83,DOC,"보일러교체,샷시교체,올수리,주인거주",25.04.04,"['25년이상', '올수리', '보일러교체', '소형평수']",남향,11263321.976149917
경기도,오산시,원동,원리주공,매매,205동,1/5,170000000,52.83,DOC,씽크대 욕실수리 앞베란다샤시 주인거주,25.03.25,"['25년이상', '1층', '욕실수리', '소형평수']",남향,10637581.86636381
경기도,오산시,원동,원리주공,전세,205동,1/5,100000000,52.83,DOC,1층 전세 씽크대 욕실수리  융자상환조건 ,25.03.25,"['25년이상', '1층', '욕실수리', '소형평수']",북향,6257401.097861065
경기도,오산시,원동,원리주공,전세,201동,5/5,120000000,52.83,NONE,"리모델링된세대,",25.04.11,"['25년이상', '융자금없는', '소형평수', '탑층']",남향,7508881.317433277
경기도,오산시,원동,원리주공,매매,205동,1/5,180000000,52.83,NONE,"리모델링된세대,세안고,",25.04.11,"['25년이상', '1층', '소형평수', '방세개']",남향,11263321.976149917
경기도,오산시,원동,원리주공,매매,205동,1/5,170000000,52.83,NONE,편의시설좋음.,25.04.10,"['25년이상', '1층', '소형평수', '방세개']",남향,10637581.86636381
경기도,오산시,원동,원리주공,월세,202동,4/5,"1,000/60",52.83,NONE,예전에 리모델링된집.즉시입주.,25.04.10,"['25년이상', '융자금없는', '소형평수', '방세개']",남향,
경기도,오산시,원동,원리주공,매매,206동,1/5,155000000,45.12,OWNER,초급매.이마트.오산IC.한국병원인근.도배장판수리됨.협의입주,25.04.16,"['25년이상', '1층', '급매', '소형평수']",남향,11356309.28634752
경기도,오산시,원동,원리주공,전세,208동,5/5,110000000,45.12,OWNER,이마트인근o가격좋은귀한전세o깨끗한방o주방샷시o매.물.접.수.받.아.요,25.04.14,"['25년이상', '융자금없는', '소형평수', '탑층']",남향,8059316.267730497
경기도,오산시,원동,원리주공,매매,206동,4/5,165000000,45.12,DOC,즉시입주 씽크대 도배 장판교체,25.04.18,"['25년이상', '소형평수', '방두개', '화장실한개']",남향,12088974.401595745
경기도,오산시,원동,원리주공,전세,208동,5/5,900000000000,45.12,NDOC1,도배장판 새로해주는 조건입니다,25.04.07,"['25년이상', '융자금없는', '소형평수', '탑층']",남향,65939860372.34043
경기도,오산시,원동,원리주공,월세,204동,5/5,500/55,45.12,DOC,욕실수리 세탁기 냉장고 에어컨 가스렌지 빠른입주가능,25.04.16,"['25년이상', '융자금없는', '욕실수리', '화장실한개']",남향,
경기도,오산시,원동,원리주공,매매,206동,4/5,170000000,45.12,DOC,"8월실입주가능 화장실,싱크대,보일러교체 남향",25.04.07,"['25년이상', '보일러교체', '소형평수', '방두개']",남향,12455306.95921986
경기도,오산시,원동,원리주공,월세,204동,3/5,500/55,45.12,TEL,"주거환경 최고지역, 에어컨제공, 상태깨끗",25.04.03,"['25년이상', '소형평수', '방두개', '화장실한개']",남향,
경기도,오산시,원동,원리주공,전세,208동,1/5,100000000,45.12,DOC,1층 기본집 남향 방2 거실 앞뒤베란다 입주협의,25.03.28,"['25년이상', '융자금없는', '1층', '소형평수']",남향,7326651.15248227
경기도,오산시,원동,원리주공,전세,206동,2/5,900000000000,45.12,DOC,즉시입주 올수리 2층 전세 융자무 전세자금대출불가,25.03.24,"['25년이상', '융자금없는', '올수리', '소형평수']",남향,65939860372.34043
경기도,오산시,원동,원리주공,매매,206동,1/5,155000000,45.12,NONE,【급매】재건축 예정으로 투자용 또는 투자실거주용 급매,25.04.18,"['25년이상', '1층', '급매', '소형평수']",남향,11356309.28634752
경기도,오산시,원동,원리주공,월세,204동,3/5,500/55,45.12,NONE,"도배완료,벽걸이에어컨2대.",25.04.10,"['25년이상', '융자금없는', '소형평수', '방두개']",남향,
경기도,오산시,원동,원리주공,월세,207동,1/5,500/50,45.12,NONE,1층으로 편리함.이마트건편위치함.,25.04.10,"['25년이상', '융자금없는', '1층', '소형평수']",남향,
경기도,오산시,원동,원리주공,전세,208동,5/5,110000000,45.12,NONE,편의시설좋음.,25.04.10,"['25년이상', '소형평수', '탑층', '방두개']",남향,8059316.267730497
경기도,오산시,원동,원리주공,매매,207동,3/5,170000000,45.12,NONE,예전에 리모델링된집,25.03.25,"['25년이상', '소형평수', '방두개', '화장실한개']",남향,12455306.95921986
경기도,오산시,원동,케렌시아,매매,1동,8/10,400000000,98.44,DOC,생활권 편리한 아파트 세련된 내부 입주협의,25.04.04,"['4년이내', '방세개', '화장실두개', '고층']",동향,13432689.963429501
경기도,오산시,원동,태영,매매,103동,6/17,250000000,108.34,DOC,"남향, 중문, 작은방 확장, 보일러교체 2년 ",25.04.14,"['25년이상', '보일러교체', '방세개', '화장실두개']",남향,7628265.183681005
경기도,오산시,원동,태영,매매,102동,17/20,240000000,108.34,DOC,씽크대교체.작은방붙밖이장설치.다용도실.입주협의,25.04.12,"['25년이상', '방세개', '화장실두개', '고층']",동향,7323134.576333765
경기도,오산시,원동,태영,매매,103동,2/17,265000000,108.34,DOC,남향 주인거주 씽크대등일부수리된집 거실 방1확장 가격조정가,25.04.10,"['25년이상', '방세개', '화장실두개', '저층']",남향,8085961.094701865
경기도,오산시,원동,태영,매매,102동,16/20,240000000,108.34,DOC,수리되어 깨끗한집 집상태최상 정상입주,25.04.10,"['25년이상', '방세개', '화장실두개', '고층']",동향,7323134.576333765
경기도,오산시,원동,태영,매매,103동,7/17,240000000,108.34,DOC,"급매, 주인거주 협의입주",25.04.07,"['25년이상', '급매', '방세개', '화장실두개']",남향,7323134.576333765
경기도,오산시,원동,태영,매매,103동,1/17,220000000,108.34,DOC,"급매 남향 거실,방1확장 보일러,인터폰교체 아이들뛰어놀기좋은1층 날짜협의",25.04.07,"['25년이상', '1층', '급매', '방세개']",남향,6712873.361639284
경기도,오산시,원동,태영,매매,103동,7/17,250000000,108.34,DOC,"전세안고, 씽크대, 도배 깨끗한집",25.03.28,"['25년이상', '방세개', '화장실두개', '중층']",남향,7628265.183681005
경기도,오산시,원동,태영,매매,102동,6/20,265000000,108.34,DOC,정상입주가 주인거주 화장실 씽크대등 올수리된 깨끗한집 가격조정가,25.03.27,"['25년이상', '올수리', '방세개', '화장실두개']",동향,8085961.094701865
경기도,오산시,원동,태영,매매,103동,3/17,265000000,108.34,NONE,남향 붙박이장도 넣고 한번올수리하고 사는신혼집 ,25.04.17,"['25년이상', '올수리', '방세개', '화장실두개']",남향,8085961.094701865
경기도,오산시,원동,태영,매매,102동,6/20,265000000,108.34,NONE,화장실 싱크대등 올수리하고 주인거주하는 집 가격조금조정가,25.04.17,"['25년이상', '올수리', '방세개', '화장실두개']",동향,8085961.094701865
경기도,오산시,원동,태영,매매,104동,4/20,155000000,80.23,DOC,주인거주하는 기본집 정상입주가  가격조금조정가,25.04.17,"['25년이상', '방세개', '화장실한개', '저층']",동향,6386596.971207778
경기도,오산시,원동,태영,월세,105동,20/20,"2,000/70",80.23,DOC,"수리된 깨끗한 탑층, 층간소음 싫어하시는분 추천",25.04.15,"['25년이상', '탑층', '방세개', '화장실한개']",남향,
경기도,오산시,원동,태영,매매,104동,20/20,163000000,80.23,DOC,"화장실,씽크대 교체됨, 깨끗해요, 층간 소음 없는 탑층, 확트인 전경",25.04.07,"['25년이상', '탑층', '방세개', '화장실한개']",동향,6716227.782624953
경기도,오산시,원동,태영,매매,105동,1/20,170000000,80.23,DOC,"중문설치, 깨긋하게 수리된집, 아이키우기 좋아요",25.04.07,"['25년이상', '1층', '방세개', '화장실한개']",남향,7004654.742614983
경기도,오산시,원동,태영,매매,104동,4/20,175000000,80.23,DOC,부분수리됨,25.03.27,"['25년이상', '방세개', '화장실한개', '저층']",동향,7210673.999750717
경기도,오산시,원동,태영,매매,104동,17/20,180000000,80.23,DOC,"주인거주, 화장실 수리, 마등산보이는 뻥 뷰",25.03.27,"['25년이상', '욕실수리', '방세개', '화장실한개']",동향,7416693.256886452
경기도,오산시,원동,태영,매매,104동,3/20,170000000,80.23,DOC,월세받으면서 사두실분 1000에80 씽크대 화장실포합 올수리 ,25.03.24,"['25년이상', '올수리', '방세개', '화장실한개']",동향,7004654.742614983
경기도,오산시,원동,태영,매매,104동,4/20,155000000,80.23,NONE,기본집 동향 가격조금조정가,25.04.17,"['25년이상', '방세개', '화장실한개', '관리비20만원이하']",동향,6386596.971207778
경기도,오산시,원동,태영,매매,105동,1/20,170000000,80.23,NONE,정남향 층간소음걱정없는 1층 중문까지 한번리모델링한집 ,25.04.07,"['25년이상', '1층', '방세개', '화장실한개']",남향,7004654.742614983
경기도,오산시,원동,한양수자인,매매,104동,13/25,470000000,111,OWNER,남향으로 확트인 전망 로얄동 로얄층 세안고매매,25.04.08,"['10년이내', '방세개', '화장실두개', '중층']",남향,13997468.018018018
경기도,오산시,원동,한양수자인,매매,104동,15/25,440000000,110.96,OWNER,전망이 확트인 집으로 채광이 좋아 겨울에도 따듯해요 수변공원뷰를 내품안에,25.04.19,"['10년이내', '방세개', '화장실두개', '중층']",남향,13108736.481614998
경기도,오산시,원동,한양수자인,매매,104동,21/25,435000000,110.96,OWNER,"전망아주좋은동,단지앞 초교,공원,병원,학원등 있어 아이키우기 좋아요",25.04.17,"['10년이내', '방세개', '화장실두개', '고층']",남동향,12959773.56705119
경기도,오산시,원동,한양수자인,매매,104동,저/25,400000000,110.96,MOBL,,25.04.18,"['10년이내', '방세개', '화장실두개', '세대당1대']",남향,11917033.165104544
경기도,오산시,원동,한양수자인,매매,104동,고/25,430000000,110.96,OWNER,전면동힐링힐링  환한집  집주인거주로 상태최상  입주협의,25.04.19,"['10년이내', '방세개', '화장실두개', '고층']",남동향,12810810.652487384
경기도,오산시,원동,한양수자인,매매,104동,고/25,425000000,110.96,MOBL,급매물 로얄동로얄층 매물로 층간소음 없는 최고층 엄청난뷰 맛집,25.04.09,"['10년이내', '급매', '방세개', '화장실두개']",남향,12661847.737923577
경기도,오산시,원동,한양수자인,매매,104동,4/25,420000000,110.96,OWNER,,25.04.04,"['10년이내', '방세개', '화장실두개', '세대당1대']",남향,12512884.82335977
경기도,오산시,원동,한양수자인,매매,104동,고/25,420000000,110.96,DOC,"한양수자인 최고의로얄동로얄층 내부상태최상 매물 마등산,원당초바로옆동",25.04.11,"['10년이내', '방세개', '화장실두개', '고층']",남향,12512884.82335977
경기도,오산시,원동,한양수자인,매매,104동,중/25,420000000,110.96,DOC,전망굿,25.04.01,"['10년이내', '방세개', '화장실두개', '중층']",남동향,12512884.82335977
경기도,오산시,원동,한양수자인,매매,104동,17/25,430000000,110.96,NONE,조용한 로얄동로얄층 인테리어된 수변공원뷰 주인거주 협의입주,25.04.05,"['10년이내', '방세개', '화장실두개', '고층']",남동향,12810810.652487384
경기도,오산시,원동,한양수자인,매매,101동,22/25,400000000,100.87,MOBL,인테리어 된집 확장된집 뷰도 이뻐요,25.04.19,"['10년이내', '방세개', '화장실두개', '고층']",남향,13109090.90909091
경기도,오산시,원동,한양수자인,매매,103동,24/25,370000000,100.87,OWNER,,25.04.15,"['10년이내', '방세개', '화장실두개', '고층']",남향,12125909.090909092
경기도,오산시,원동,한양수자인,매매,103동,저/25,350000000,100.87,MOBL,급매물정남향 A타입 최고의로얄동  매물 집주인 직접거주로 내부상태최상,25.04.16,"['10년이내', '급매', '방세개', '화장실두개']",남향,11470454.545454545
경기도,오산시,원동,한양수자인,매매,103동,6/25,370000000,100.87,OWNER,"넓은 동간거리 시원한 뷰, 정남향으로 일조량 풍부,관리 잘되어 있는 집",25.04.09,"['10년이내', '방세개', '화장실두개', '세대당1대']",남향,12125909.090909092
경기도,오산시,원동,한양수자인,월세,102동,13/25,"2,000/110",100.87,DOC,,25.04.17,"['10년이내', '방세개', '화장실두개', '중층']",남향,
경기도,오산시,원동,한양수자인,매매,103동,19/25,390000000,100.87,OWNER,"관리잘된집, 중문, 식기세척기 등 옵션 다양해요",25.04.07,"['10년이내', '방세개', '화장실두개', '고층']",남향,12781363.636363637
경기도,오산시,원동,한양수자인,매매,103동,고/25,375000000,100.87,DOCV2,한양수자인 최고의 로얄동로얄층 내부상태 최상  수변공원호수앞동,25.04.15,"['10년이내', '방세개', '화장실두개', '고층']",남향,12289772.727272727
경기도,오산시,원동,한양수자인,매매,103동,저/25,370000000,100.87,MOBL,정남향 A타입 최고의로얄동 로얄층 매물 집내부상태최상,25.04.07,"['10년이내', '방세개', '화장실두개', '세대당1대']",남향,12125909.090909092
경기도,오산시,원동,한양수자인,매매,101동,고/25,392000000,100.87,DOC,깨끗한집 협의입주가능,25.04.18,"['10년이내', '방세개', '화장실두개', '고층']",남향,12846909.090909092
경기도,오산시,원동,한양수자인,매매,101동,고/25,400000000,100.87,DOC,5년차 신축급 올확장 및 선호도 좋은 Atype 아파트 장만하세요.,25.04.14,"['10년이내', '방두개', '화장실두개', '고층']",남향,13109090.90909091
경기도,오산시,원동,한양수자인,매매,101동,16/25,390000000,100.87,DOC,남향 뷰 최고 선호타입 이사협의,25.04.07,"['10년이내', '방세개', '화장실두개', '중층']",남향,12781363.636363637
경기도,오산시,원동,한양수자인,매매,102동,12/25,359000000,100.4,MOBL,뻥뷰 집주인거주로 관리잘되어 있는집 도배해드려요,25.04.19,"['10년이내', '방세개', '화장실두개', '중층']",남향,11820486.205179283
경기도,오산시,원동,한양수자인,매매,103동,16/25,420000000,100.4,MOBL,인테리어o너무너무예쁜집o호수뷰oIC근접o매.물.접.수.받.아.요,25.04.19,"['10년이내', '방세개', '화장실두개', '중층']",남향,13828981.075697212
경기도,오산시,원동,한양수자인,매매,101동,5/25,360000000,100.4,MOBL,"급매물  내부상태 최상 원당초,성호중고 도보10분 초학세권",25.04.18,"['10년이내', '급매', '방세개', '화장실두개']",남향,11853412.35059761
경기도,오산시,원동,한양수자인,매매,101동,4/25,400000000,100.4,NDOC1,"월세안고 매매, 따박따박 월세 받다가 입주하세요 ",25.04.15,"['10년이내', '방세개', '화장실두개', '세대당1대']",남향,13170458.167330677
경기도,오산시,원동,한양수자인,매매,103동,7/25,370000000,100.4,DOCV2,가격조율가능,25.04.15,"['10년이내', '방세개', '화장실두개', '세대당1대']",남동향,12182673.804780876
경기도,오산시,원동,한양수자인,매매,102동,저/25,330000000,100.4,MOBL,,25.04.11,"['10년이내', '방세개', '화장실두개', '세대당1대']",남향,10865627.988047808
경기도,오산시,원동,한양수자인,매매,102동,중/25,400000000,100.4,OWNER,,25.03.28,"['10년이내', '방세개', '화장실두개', '중층']",남향,13170458.167330677
경기도,오산시,원동,한양수자인,매매,101동,고/25,390000000,100.4,DOC,깨끗한집 빠른입주가능,25.04.07,"['10년이내', '방세개', '화장실두개', '고층']",남동향,12841196.713147411
경기도,오산시,원동,한양수자인,매매,102동,12/25,359000000,100.4,NONE,주인거주협의입주 남향뻥뷰로얄층 매매시 도배새로해드려요,25.04.05,"['10년이내', '방세개', '화장실두개', '중층']",남향,11820486.205179283
경기도,오산시,원동,한양수자인,매매,102동,16/25,325000000,81.92,MOBL,"식세기,인덕션,중문,주인실거주로관리잘된집o매.물.접.수.받.아.요",25.04.19,"['10년이내', '방세개', '화장실두개', '중층']",남향,13114991.760253906
경기도,오산시,원동,한양수자인,매매,102동,21/25,350000000,81.92,MOBL,방2o거실크고예뻐요o호수뷰oIC근접o매.물.접.수.받.아.요,25.04.16,"['10년이내', '방세개', '화장실두개', '고층']",남향,14123837.280273438
경기도,오산시,원동,한양수자인,매매,102동,고/25,330000000,81.92,MOBL,로얄층 환상적인 산뷰가 너무 멋져요 집 구경하세요,25.04.19,"['10년이내', '방세개', '화장실두개', '고층']",동향,13316760.864257812
경기도,오산시,원동,한양수자인,매매,102동,11/25,340000000,81.92,OWNER,해 잘들고 역말저수지 뷰  방2  원동초  주인거주로 깔금 판상형,25.03.31,"['10년이내', '방두개', '화장실두개', '중층']",동향,13720299.072265625
경기도,오산시,원동,한양수자인,매매,103동,저/25,325000000,81.92,DOC,세안고 매매나 25.7월입주가능 주줄입구 편리한 동선 인프라확장중,25.03.24,"['10년이내', '방세개', '화장실두개', '세대당1대']",남향,13114991.760253906
경기도,오산시,원동,한양수자인,매매,102동,5/25,325000000,81.92,NONE,"가장선호하는동, 관리잘되어깔끔한집. 조망권좋음. 입구에서가까움.",25.04.03,"['10년이내', '방세개', '화장실두개', '세대당1대']",남동향,13114991.760253906
경기도,오산시,원동,한양수자인,매매,104동,5/25,335000000,81.33,OWNER,공실로 뷰가 이쁘게 나오는 집 학교랑 가까워서 좋아요,25.04.17,"['10년이내', '방세개', '화장실두개', '세대당1대']",동향,13616598.733554656
경기도,오산시,원동,한양수자인,매매,104동,10/25,330000000,81.33,OWNER,"확트인 전망좋은동,단지앞 초교,병원,학원,마트등 위치,광역버스다니는 단지",25.04.16,"['10년이내', '방세개', '화장실두개', '중층']",남동향,13413365.916635929
경기도,오산시,원동,한양수자인,매매,104동,저/25,315000000,81.33,MOBL,,25.03.26,"['10년이내', '방세개', '화장실두개', '세대당1대']",동향,12803667.465879751
경기도,오산시,원동,한주,매매,101동,15/15,300000000,153.44,DOC,남향 방4화2 3년전 샤시포함 올인테리어된집 층간소음걱정없는 탑층,25.04.10,"['25년이상', '대형평수', '탑층', '방네개이상']",남향,6463343.97810219
경기도,오산시,원동,한주,매매,101동,저/15,310000000,153.44,DOC,한주아파트 저층 세안고 매매,25.04.08,"['25년이상', '대형평수', '방네개이상', '화장실두개']",남향,6678788.777372263
경기도,오산시,원동,한주,매매,101동,고/15,260000000,153.44,DOC, 급매 남향 씽크대 욕실 부분수리 방4 욕실2   ,25.04.07,"['25년이상', '급매', '대형평수', '방네개이상']",남향,5601564.781021898
경기도,오산시,원동,한주,매매,101동,1/15,250000000,153.44,DOC,샤시 중문포함 최근올인테리어한샘 1층 아이들 뛰어놀기좋음 날짜협의,25.03.27,"['25년이상', '1층', '화장실두개', '대형평수']",남향,5386119.981751825
경기도,오산시,원동,한주,매매,101동,중/15,280000000,153.44,NONE,남향 방4화2 샤시되어있고  일부인테리어 주인거주 날짜협의,25.04.01,"['25년이상', '대형평수', '방네개이상', '화장실두개']",동향,6032454.3795620445
경기도,오산시,원동,한주,매매,101동,9/15,280000000,153.44,NONE,남향 방4화2 주인거주 수리잘되고 깔끔합니다. 로얄층 ,25.04.01,"['25년이상', '대형평수', '방네개이상', '화장실두개']",남향,6032454.3795620445
경기도,오산시,원동,한주,월세,101동,저/15,"3,000/100",153.44,NONE,"방4화2 샤시포함 특올인테리어잘된집 에어컨,붙박이장옵션 4월이후입주 ",25.04.01,"['25년이상', '대형평수', '방네개이상', '화장실두개']",남향,
경기도,오산시,원동,한주,전세,102동,9/15,190000000,132.03,OWNER,"로얄층,방4개,즉시입주가능,수리되어 있어 깨끗 합니다.",25.04.18,"['25년이상', '대형평수', '방네개이상', '화장실두개']",동향,4757245.701734454
경기도,오산시,원동,한주,매매,102동,9/15,250000000,132.03,OWNER,"로얄층,방4개,즉시입주가능,수리되어 있어 깨끗 합니다.",25.04.11,"['25년이상', '대형평수', '방네개이상', '화장실두개']",동향,6259533.81807165
경기도,오산시,원동,한주,매매,102동,3/15,220000000,132.03,DOC,예전 리모델링 주인거주로 집깨끗해요,25.04.08,"['25년이상', '대형평수', '방네개이상', '화장실두개']",동향,5508389.759903053
경기도,오산시,원동,한주,매매,102동,15/15,230000000,132.03,DOC,방4화2 층간소음걱정없는 탑층 주인거주 날짜협의 ,25.03.25,"['25년이상', '대형평수', '탑층', '방네개이상']",동향,5758771.112625918
경기도,오산시,원동,한주,매매,102동,고/15,230000000,132.03,NONE,방4화2 남향 중문 샤시포함 예전 부분수리 ,25.04.01,"['25년이상', '대형평수', '방네개이상', '화장실두개']",동향,5758771.112625918
경기도,오산시,원동,한주,매매,103동,10/15,260000000,104.57,OWNER,"한샘 주방싱크대, 거실, 화장실 리모델링, 입주 협의 가능",25.04.17,"['25년이상', '방세개', '화장실두개', '중층']",남향,8219413.789805873
경기도,오산시,원동,한주,전세,103동,10/15,200000000,104.57,OWNER,,25.04.15,"['25년이상', '융자금없는', '방세개', '화장실두개']",남향,6322625.992158364
경기도,오산시,원동,한주,월세,103동,10/15,"3,000/100",104.57,OWNER,,25.04.15,"['25년이상', '융자금없는', '방세개', '화장실두개']",남향,
경기도,오산시,원동,한주,매매,105동,7/15,220000000,104.57,OWNER,"탁트인 정남향,3년전 씽크대 제외 샷시포함 올수리,주인거주 완전 깨끗",25.04.08,"['25년이상', '올수리', '방세개', '화장실두개']",남향,6954888.5913742
경기도,오산시,원동,한주,월세,103동,4/15,"3,500/75",104.57,DOC,"내외부샤시 문교체,도배,장판,거실욕실수리 채광조망좋음 ",25.04.11,"['25년이상', '욕실수리', '방세개', '화장실두개']",남향,
경기도,오산시,원동,한주,월세,105동,고/15,"2,000/100",104.57,DOC,샤시포함 최근 올인테리어 에어컨포함한 풀옵션  조망좋음 빠른입주가능,25.04.17,"['25년이상', '화장실두개', '방세개', '고층']",동향,
경기도,오산시,원동,한주,매매,103동,고/15,200000000,104.57,DOC,,25.04.11,"['25년이상', '방세개', '화장실두개', '고층']",남향,6322625.992158364
경기도,오산시,원동,한주,매매,105동,중/15,205000000,104.57,DOC,수리한집.샷시교체함.협의입주,25.04.07,"['25년이상', '방세개', '화장실두개', '중층']",동향,6480691.641962322
경기도,오산시,원동,한주,매매,103동,고/15,190000000,104.57,DOC,남향.로얄층.입주협의,25.04.07,"['25년이상', '방세개', '화장실두개', '고층']",남향,6006494.692550446
경기도,오산시,원동,한주,매매,103동,13/15,280000000,104.57,DOC,올인테리어한집.협의입주.남향,25.03.27,"['25년이상', '방세개', '화장실두개', '고층']",남향,8851676.38902171
경기도,오산시,원동,한주,매매,103동,10/15,260000000,104.57,NONE,빠른입주가 씽크대 화장실1 내부몰딩등수리된집 ,25.04.07,"['25년이상', '방세개', '화장실두개', '중층']",남향,8219413.789805873
경기도,오산시,원동,한주,월세,105동,8/15,"4,000/60",104.57,NONE,방3화2 샤시포함 수리잘된집 저렴한월세 5월협의입주 ,25.04.01,"['25년이상', '방세개', '화장실두개', '중층']",동향,
경기도,오산시,원동,한주,매매,103동,14/15,175000000,104.57,NONE,초급매 남향 방3화2 빠른입주가능 기본형 채광좋음,25.04.01,"['25년이상', '급매', '방세개', '화장실두개']",남향,5532297.7431385685
경기도,오산시,원동,한주,매매,103동,14/15,200000000,104.57,NONE,정상입주가능 기본집 가격조정가능합나다,25.03.27,"['25년이상', '방세개', '화장실두개', '고층']",남향,6322625.992158364
경기도,오산시,은계동,리버빌,매매,101동,14/20,278000000,100.03,OWNER,화장실 씽크대 붙박이장 중문 등 재래시장 보건소 스포츠센터  오산천 산책,25.04.11,"['25년이내', '방세개', '화장실두개', '고층']",남서향,9187326.10216935
경기도,오산시,은계동,리버빌,매매,101동,18/20,275000000,100.03,DOC,"정상입주, 전체 한샘인테리어, 전망좋은 집 매매입니다",25.04.19,"['25년이내', '화장실두개', '방세개', '고층']",남서향,9088182.295311406
경기도,오산시,은계동,리버빌,매매,101동,6/20,270000000,100.03,DOC,"깨끗해요, 오산천 전망, 산책등오색시장도보로 가능함. 주변여검좋아요",25.04.19,"['25년이내', '방세개', '화장실두개', '세대당1대']",남향,8922942.617214836
경기도,오산시,은계동,리버빌,월세,101동,2/20,"1,000/75",75.74,DOC,집상태깨끗 주차편리 오산천공원 스포츠센터 재래시장도보 생활권편리합니다,25.04.17,"['25년이내', '융자금없는', '방세개', '화장실한개']",서향,
경기도,오산시,은계동,리버빌,매매,101동,2/20,168000000,75.74,DOC,상태깨끗 가격저렴 오산천공원 재래시장 보건소 공공시설 도보 생황권편리,25.04.01,"['25년이내', '방세개', '화장실한개', '세대당1대']",서향,7332609.981515712
경기도,오산시,은계동,영산그린맨션,매매,라동,4/5,150000000,70.85,OWNER,"오산대역도보10분거리, 1번국도변 재건축진행중",25.04.11,"['25년이상', '방세개', '화장실한개', '고층']",남동향,6998839.096683134
경기도,오산시,은계동,영산그린맨션,매매,나동,4/5,140000000,64.68,NONE,"재건축 잠시 보류됨,올수리한집으로 착한가격으로 내집 장만 기회",25.04.01,"['25년이상', '올수리', '방두개', '화장실한개']",남향,7155378.787878788
경기도,오산시,은계동,은계주공,매매,105동,4/5,270000000,52.65,OWNER,"전세 1억 끼고 매매, 올수리된 집, 산책하기 좋은 오산천 도보권",25.04.16,"['25년이상', '올수리', '소형평수', '방세개']",남서향,16952743.58974359
경기도,오산시,은계동,은계주공,매매,104동,5/5,235000000,52.65,MOBL,올인테리어o중층o학교주변o매.물.접.수.받.아.요,25.04.14,"['25년이상', '소형평수', '탑층', '방두개']",남향,14755165.716999052
경기도,오산시,은계동,은계주공,매매,102동,1/5,224000000,52.65,OWNER,재건축추진중 리모델링된 1층 세끼고 투자,25.04.14,"['25년이상', '1층', '소형평수', '방세개']",남향,14064498.385565056
경기도,오산시,은계동,은계주공,매매,102동,5/5,225000000,52.65,OWNER,,25.04.14,"['25년이상', '소형평수', '탑층', '방세개']",남향,14127286.324786328
경기도,오산시,은계동,은계주공,매매,107동,5/5,230000000,52.65,NDOC2,전세끼고매매o입주협의가능o매.물.접.수.받.아.요,25.04.18,"['25년이상', '소형평수', '탑층', '방두개']",남향,14441226.020892689
경기도,오산시,은계동,은계주공,매매,102동,5/5,210000000,52.65,OWNER,협의 실입주가능 매매 넓은단지 주차용이함 생활권편리 가격조정가능,25.04.11,"['25년이상', '소형평수', '탑층', '방세개']",남향,13185467.236467237
경기도,오산시,은계동,은계주공,매매,105동,3/5,270000000,52.65,DOC,재건축아파트 안전진단통과 올수리함  소액투자적합 입지조전좋은 아파트 ,25.04.17,"['25년이상', '올수리', '소형평수', '방세개']",남서향,16952743.58974359
경기도,오산시,은계동,은계주공,매매,104동,5/5,250000000,52.65,DOC,전세끼고 매매가능한집 ,25.04.16,"['25년이상', '소형평수', '탑층', '방두개']",남향,15696984.80531814
경기도,오산시,은계동,은계주공,월세,102동,5/5,500/40,52.65,DOC,"층간소음 없고 채광, 수납공간 좋은 집 월세입니다.",25.04.11,"['25년이상', '화장실한개', '소형평수', '탑층']",남서향,
경기도,오산시,은계동,은계주공,전세,104동,3/5,110000000,52.65,DOC,입주일협의가능합니다,25.04.08,"['25년이상', '소형평수', '방세개', '화장실한개']",남서향,6906673.314339981
경기도,오산시,은계동,은계주공,매매,109동,1/5,225000000,52.65,OWNER,"급매,재건축추진단지,전세끼고,집상태깨끗",25.03.25,"['25년이상', '1층', '급매', '소형평수']",남서향,14127286.324786328
경기도,오산시,은계동,은계주공,월세,109동,4/5,500/50,52.65,DOC,수리되어 깨끗해요 ,25.03.24,"['25년이상', '소형평수', '방두개', '화장실한개']",남향,
경기도,오산시,은계동,은계주공,매매,109동,1/5,225000000,52.65,NONE,25.8.25전세만기,25.04.09,"['25년이상', '1층', '소형평수', '방두개']",남서향,14127286.324786328
경기도,오산시,은계동,은계주공,전세,102동,5/5,100000000,52.65,NONE,채광좋은 남서향 집 전세입니다.,25.03.24,"['25년이상', '소형평수', '탑층', '방두개']",남서향,6278793.922127256
경기도,오산시,은계동,은계주공,매매,103동,4/5,200000000,43.92,OWNER,올수리됨  보증금 500에 월세45만원 막 계약됨.세 안고 투자.넓은단지,25.04.14,"['25년이상', '올수리', '소형평수', '방두개']",남향,15053665.755919855
경기도,오산시,은계동,은계주공,매매,101동,2/5,180000000,43.92,OWNER,넓은 단지. 생활권편리함.필봉산자락 맑은공기. 작년에수리함.월세안고매도,25.04.11,"['25년이상', '소형평수', '방두개', '화장실한개']",남향,13548299.180327868
경기도,오산시,은계동,은계주공,매매,106동,4/5,160000000,43.92,OWNER,"샷시교체,화장실수리,에어컨 재견축추진중,입주협의",25.04.11,"['25년이상', '욕실수리', '소형평수', '방두개']",남향,12042932.604735885
경기도,오산시,은계동,은계주공,매매,106동,4/5,160000000,43.92,OWNER,전세7500안고 투자 넓은 단지 생활권 편리 필봉산 자락 맑은 공기,25.04.11,"['25년이상', '소형평수', '방두개', '화장실한개']",남동향,12042932.604735885
경기도,오산시,은계동,은계주공,매매,112동,3/5,160000000,43.92,MOBL,급매.월세500에40안고 매매  단지넓고 생활권 편리 주차용이함,25.04.07,"['25년이상', '급매', '소형평수', '방두개']",남향,12042932.604735885
경기도,오산시,은계동,은계주공,매매,110동,1/5,200000000,43.92,OWNER,"전세안고,놀이터앞,재견축추진중,일조량풍부해요",25.04.08,"['25년이상', '1층', '소형평수', '방두개']",남서향,15053665.755919855
경기도,오산시,은계동,은계주공,매매,111동,1/5,180000000,43.92,DOC,월세안고 매매,25.04.14,"['25년이상', '1층', '소형평수', '방두개']",남동향,13548299.180327868
경기도,오산시,은계동,은계주공,매매,103동,5/5,165000000,43.92,OWNER,,25.04.02,"['25년이상', '소형평수', '탑층', '방두개']",남향,12419274.24863388
경기도,오산시,은계동,은계주공,매매,111동,4/5,230000000,43.92,DOC,"전세1억 안고,샷시 화장실 씽크대 문짝등등 전체 올수리",25.04.12,"['25년이상', '올수리', '화장실한개', '소형평수']",남향,17311715.61930783
경기도,오산시,은계동,은계주공,월세,108동,3/5,500/40,43.92,DOC,3월초 입주,25.04.11,"['25년이상', '소형평수', '방두개', '화장실한개']",남서향,
경기도,오산시,은계동,은계주공,매매,108동,2/5,163000000,43.92,DOC,"투자, 실거주 가능 내부 인테리어된 로얄층 매매입니다.",25.04.11,"['25년이상', '소형평수', '방두개', '화장실한개']",남서향,12268737.59107468
경기도,오산시,은계동,은계주공,매매,106동,3/5,200000000,43.92,DOC,"재건축 E등급, 올리모델, 재건축 추진 중, 전세안고 투자.",25.04.04,"['25년이상', '화장실한개', '소형평수', '방두개']",서향,15053665.755919855
경기도,오산시,은계동,은계주공,매매,111동,1/5,200000000,43.92,DOC,"재건축 추진 중, 실거주, 전월세 투자가능한 매매입니다.",25.04.04,"['25년이상', '1층', '화장실한개', '소형평수']",남향,15053665.755919855
경기도,오산시,은계동,은계주공,월세,101동,5/5,500/40,43.92,DOC,빠른입주가능하며 깨끗합니다,25.03.28,"['25년이상', '소형평수', '탑층', '방두개']",남서향,
경기도,오산시,은계동,은계주공,매매,108동,3/5,170000000,43.92,DOC,6월경입주가능,25.03.25,"['25년이상', '소형평수', '방두개', '화장실한개']",남서향,12795615.892531877
경기도,오산시,은계동,은계주공,매매,103동,4/5,200000000,43.92,NONE,,25.04.09,"['25년이상', '소형평수', '방두개', '화장실한개']",남서향,15053665.755919855
경기도,오산시,은계동,은계주공,매매,108동,3/5,170000000,43.92,NONE,빠른입주가능,25.04.01,"['25년이상', '소형평수', '방두개', '화장실한개']",남서향,12795615.892531877
경기도,오산시,은계동,현대1차,매매,1동,4/6,120000000,70.92,NONE,빠른입주,25.04.01,"['25년이상', '방세개', '화장실한개', '중층']",남향,5593544.8392555
경기도,오산시,은계동,현대2차,매매,101동,8/18,270000000,104.7,DOC,"수리되어있음,  5월만기,  2동탄바로옆, 주변여건편리함,  조망권 좋아",25.03.28,"['25년이상', '방세개', '화장실두개', '중층']",남향,8524946.991404012
경기도,오산시,은계동,현대2차,매매,101동,2/18,230000000,104.7,DOC,기본상태,25.03.25,"['25년이상', '방세개', '화장실두개', '저층']",남향,7261991.88156638
경기도,오산시,은계동,현대2차,매매,101동,2/18,230000000,104.7,NONE,즉시입주가,25.04.01,"['25년이상', '방세개', '화장실두개', '관리비20만원이하']",남향,7261991.88156638
경기도,오산시,은계동,현대2차,매매,101동,15/18,225000000,97.08,OWNER,"급매, 생활환경 최상,  오산천 뷰, 산책로, 운동장, 스포츠센터, 시장",25.04.16,"['25년이상', '급매', '방세개', '화장실두개']",남향,7661739.029666256
경기도,오산시,은계동,현대2차,매매,101동,5/18,220000000,97.08,OWNER,확장  중문 안방 작은방 붙박이장  중문  오산천 수변산책로 이용 편리,25.04.11,"['25년이상', '방세개', '화장실두개', '붙박이장']",남동향,7491478.162340339
경기도,오산시,은계동,현대2차,매매,101동,17/18,220000000,77.22,DOC,즉시입주,25.04.16,"['25년이상', '방세개', '화장실한개', '고층']",남향,9418190.883190883
경기도,오산시,은계동,현대2차,매매,101동,17/18,220000000,77.22,NONE,올수리됨 ,25.04.03,"['25년이상', '올수리', '방세개', '화장실한개']",남향,9418190.883190883
경기도,오산시,지곶동,오산세교e편한세상,매매,110동,9/24,355000000,113.45,OWNER,l 풀인테리어 l 중문 l 안방 붙박이 l  냉장고 수납장 l 정남향 l,25.04.17,"['10년이내', '대단지', '방세개', '화장실두개']",남향,10344236.888497137
경기도,오산시,지곶동,오산세교e편한세상,매매,111동,20/24,400000000,113.45,OWNER,"입주협의,  정남향,  투인원에어컨, 중문, 줄눈, 안방붙박이장",25.04.17,"['10년이내', '대단지', '방세개', '화장실두개']",남향,11655478.184222125
경기도,오산시,지곶동,오산세교e편한세상,매매,113동,저/25,370000000,113.45,OWNER,"입주협의, 정남향, 중문, 주인거주, 막힘없는 낮은 산 뷰",25.04.18,"['10년이내', '대단지', '방세개', '화장실두개']",남향,10781317.320405465
경기도,오산시,지곶동,오산세교e편한세상,매매,114동,고/24,370000000,113.45,OWNER,고층전망굿 풀옵션 시스템에어컨 빌트인 냉 김냉 중문 상가편의시설이용편리,25.04.16,"['10년이내', '대단지', '방세개', '화장실두개']",남향,10781317.320405465
경기도,오산시,지곶동,오산세교e편한세상,매매,114동,2/24,350000000,113.45,OWNER,34타입 최저가 시에3 중문 김냉 방범창 선호하는 정남향집,25.04.09,"['10년이내', '대단지', '필로티', '방세개']",남향,10198543.411194358
경기도,오산시,지곶동,오산세교e편한세상,매매,112동,중/23,370000000,113.45,OWNER,밝고 환한 남향집 투인원에어컨 중문 집주인거주 입주협의,25.04.15,"['10년이내', '대단지', '방세개', '화장실두개']",남향,10781317.320405465
경기도,오산시,지곶동,오산세교e편한세상,매매,113동,8/25,370000000,113.45,OWNER,"입주협의, 정남향, 막힘없는 낮은 산 뷰, 상가이용편리",25.04.08,"['10년이내', '대단지', '방세개', '화장실두개']",남향,10781317.320405465
경기도,오산시,지곶동,오산세교e편한세상,매매,112동,12/23,380000000,113.45,OWNER,단.지.중앙 o 시에어컨2 중문 o 코.너.조은집 o 햇님만땅 정남향 o,25.04.08,"['10년이내', '대단지', '방세개', '화장실두개']",남향,11072704.275011018
경기도,오산시,지곶동,오산세교e편한세상,매매,113동,고/25,370000000,113.45,OWNER,"입주협의, 금액조정 가능,  정남향, 막힘없는 고층 뷰",25.04.14,"['10년이내', '대단지', '방세개', '화장실두개']",남향,10781317.320405465
경기도,오산시,지곶동,오산세교e편한세상,매매,112동,20/23,360000000,113.45,OWNER,정남향 고층이라 환한집 트인뷰 타워형의 개방감 깨끗 중문있음 ,25.04.07,"['10년이내', '대단지', '방세개', '화장실두개']",남향,10489930.365799913
경기도,오산시,지곶동,오산세교e편한세상,매매,114동,20/24,370000000,113.45,OWNER,초고층정남향 환한집 뷰예뻐 중문 붙박이 거실장식장,25.04.07,"['10년이내', '대단지', '방세개', '화장실두개']",남향,10781317.320405465
경기도,오산시,지곶동,오산세교e편한세상,매매,114동,6/24,360000000,113.45,DOC,눈.이. 맑.아.지.는 숲.세.권 전.면.동 o 에2 김냉 인테리어 o,25.04.17,"['10년이내', '대단지', '방세개', '화장실두개']",남향,10489930.365799913
경기도,오산시,지곶동,오산세교e편한세상,매매,111동,저/24,380000000,113.45,OWNER,시에4 화이트톤도배새로 붙박이장방마다 조명 실링팬 음식물분쇄기,25.04.12,"['10년이내', '대단지', '방세개', '화장실두개']",남향,11072704.275011018
경기도,오산시,지곶동,오산세교e편한세상,매매,111동,6/24,365000000,113.45,DOC,산뷰로 산책로인접 시에3 중문 깨끗한공실 빠른입주가능 ,25.04.15,"['10년이내', '대단지', '방세개', '화장실두개']",남향,10635623.84310269
경기도,오산시,지곶동,오산세교e편한세상,매매,110동,저/24,365000000,113.45,OWNER,"정남향, 입주협의, 중문, 투인원 에어컨, 막힘없는  산 뷰",25.04.11,"['10년이내', '대단지', '방세개', '화장실두개']",남향,10635623.84310269
경기도,오산시,지곶동,오산세교e편한세상,매매,114동,중/24,350000000,113.45,DOC,"입주협의, 인기동, 상가이용 편리, 집 상태 깔끔, 막힘 없는 고층",25.04.18,"['10년이내', '대단지', '방세개', '화장실두개']",남향,10198543.411194358
경기도,오산시,지곶동,오산세교e편한세상,월세,113동,5/25,"3,000/120",113.45,OWNER,"입주협의, 중문, 인기동, 상가이용 편리, 낮은 산책로 뷰",25.04.01,"['10년이내', '대단지', '방세개', '화장실두개']",남향,
경기도,오산시,지곶동,오산세교e편한세상,매매,110동,고/24,390000000,113.45,OWNER,플옵션 조.정.가능 I 시에4 중문 쿡탑 김냉등 I 머무르고 싶은 남향,25.04.07,"['10년이내', '대단지', '방세개', '화장실두개']",남향,11364091.229616571
경기도,오산시,지곶동,오산세교e편한세상,매매,114동,저/24,350000000,113.45,OWNER,낮지않은층 관리상태최상 중앙동으로 상가편의시설이용편리,25.04.05,"['10년이내', '대단지', '방세개', '화장실두개']",남향,10198543.411194358
경기도,오산시,지곶동,오산세교e편한세상,월세,110동,중/24,"3,000/120",113.45,OWNER,안.전.한.무.융.자 I 산.뷰 I 2in1에어컨 I 관리비저렴 I,25.03.28,"['10년이내', '융자금없는', '대단지', '방세개']",남향,
경기도,오산시,지곶동,오산세교e편한세상,매매,110동,고/24,350000000,113.45,OWNER,정남향 트인 고층뷰 중문 도배새로함 깨끗하게 관리된집 잔금 길어요,25.03.28,"['10년이내', '대단지', '방세개', '화장실두개']",남향,10198543.411194358
경기도,오산시,지곶동,오산세교e편한세상,매매,110동,고/24,370000000,113.45,OWNER,탁.트.인 전면동 고.층매매 힐링하세요,25.03.25,"['10년이내', '대단지', '방세개', '화장실두개']",남향,10781317.320405465
경기도,오산시,지곶동,오산세교e편한세상,매매,114동,중/24,400000000,113.45,OWNER,햇.님.만.땅 남.향 o 시에 중문 김냉 o 깨끗깔끔 o,25.03.25,"['10년이내', '대단지', '방세개', '화장실두개']",남향,11655478.184222125
경기도,오산시,지곶동,오산세교e편한세상,월세,113동,저/25,"3,000/120",113.45,OWNER,산.뷰 I 즉.시.입.주 I 단지중앙 I 상가 커뮤니티 가까움 I,25.03.24,"['10년이내', '대단지', '방세개', '화장실두개']",남향,
경기도,오산시,지곶동,오산세교e편한세상,매매,111동,6/24,365000000,113.45,NONE,,25.04.15,"['10년이내', '대단지', '방세개', '화장실두개']",남동향,10635623.84310269
경기도,오산시,지곶동,오산세교e편한세상,매매,109동,7/25,380000000,112.89,OWNER,조정가 풀옵션 시에4 냉 김냉 식세기 안방붙박이장 팬트리 쿡탑등 가득,25.04.19,"['10년이내', '대단지', '방세개', '화장실두개']",남동향,11127631.322526352
경기도,오산시,지곶동,오산세교e편한세상,매매,111동,9/24,375000000,112.89,OWNER,"빠른입주가능, 중문, 시스템 에어컨, 막힘없는  고층 뷰",25.04.19,"['10년이내', '대단지', '방세개', '화장실두개']",남동향,10981215.120914165
경기도,오산시,지곶동,오산세교e편한세상,매매,105동,12/25,355000000,112.89,OWNER,저렴매매 잔디광장앞 입주협의 집주인거주,25.04.19,"['10년이내', '대단지', '방세개', '화장실두개']",남동향,10395550.31446541
경기도,오산시,지곶동,오산세교e편한세상,매매,116동,21/24,370000000,112.89,OWNER,고층매매 트인뷰 중문 팬트리 주인이 신경써서 관리한 집,25.04.19,"['10년이내', '대단지', '방세개', '화장실두개']",남동향,10834798.919301976
경기도,오산시,지곶동,오산세교e편한세상,매매,109동,22/25,390000000,112.89,OWNER,어.머. 산뷰 o 에2 중문 펜트리 김냉 o 초품아아파트 o,25.04.19,"['10년이내', '대단지', '방세개', '화장실두개']",남동향,11420463.725750731
경기도,오산시,지곶동,오산세교e편한세상,매매,104동,15/25,395000000,112.89,OWNER,소유주 거주하고 있는 I 중문 펜트리 I 단 지 중 앙 I 조.은.집 I,25.04.18,"['10년이내', '대단지', '방세개', '화장실두개']",남동향,11566879.92736292
경기도,오산시,지곶동,오산세교e편한세상,매매,109동,2/25,360000000,112.89,OWNER,급매 l 중문 김냉 팬트리 l 빠른입주 가능 l 숲속뷰 l 깔끔한집 l,25.04.18,"['10년이내', '대단지', '급매', '방세개']",남동향,10541966.516077599
경기도,오산시,지곶동,오산세교e편한세상,매매,104동,20/25,370000000,112.89,OWNER,"세마초,마트근접,시스템에어컨4대,중문,냉장고,인덕션,주인거주",25.04.18,"['10년이내', '대단지', '방세개', '화장실두개']",남동향,10834798.919301976
경기도,오산시,지곶동,오산세교e편한세상,매매,116동,3/24,370000000,112.89,OWNER,풀옵션 시에4 중문 빌트인냉장고 김치냉장고 숲속뷰 깨끗,25.04.17,"['10년이내', '대단지', '방세개', '화장실두개']",남동향,10834798.919301976
경기도,오산시,지곶동,오산세교e편한세상,매매,109동,1/25,360000000,112.89,OWNER,o시스템에어컨4대o 풀인테리어 깨끗 깔끔한집 층간소음 걱정없는 1층,25.04.17,"['10년이내', '대단지', '1층', '방세개']",남동향,10541966.516077599
경기도,오산시,지곶동,오산세교e편한세상,매매,118동,17/25,370000000,112.89,OWNER,풀옵션 시에2 빌트인냉  김냉 팬트리중문수납장다수  세련된인테리어 보셔요,25.04.17,"['10년이내', '대단지', '방세개', '화장실두개']",남동향,10834798.919301976
경기도,오산시,지곶동,오산세교e편한세상,매매,121동,9/25,370000000,112.89,OWNER,남동향 시스템에어컨 중문 안정적인 단지정원뷰 후문쪽 ,25.04.15,"['10년이내', '대단지', '방세개', '화장실두개']",남동향,10834798.919301976
경기도,오산시,지곶동,오산세교e편한세상,매매,118동,6/25,380000000,112.89,OWNER,인기있는 4bay 주차여유있는 후문 쪽 깨끗하게 관리된집,25.04.15,"['10년이내', '대단지', '방세개', '화장실두개']",남동향,11127631.322526352
경기도,오산시,지곶동,오산세교e편한세상,매매,105동,22/25,375000000,112.89,OWNER,고층뷰 빌트인냉 김냉 안방붙박이장 LED교체 매트시공 중문 ,25.04.14,"['10년이내', '대단지', '방세개', '화장실두개']",남동향,10981215.120914165
경기도,오산시,지곶동,오산세교e편한세상,매매,109동,5/25,400000000,112.89,OWNER,"입주협의, 금액조정가능, 중문, 시스템에어컨4, 인덕션등, 낮은 산 뷰",25.04.14,"['10년이내', '대단지', '방세개', '화장실두개']",남동향,11713296.128975108
경기도,오산시,지곶동,오산세교e편한세상,매매,118동,20/25,380000000,112.89,OWNER,학.교 정.류.장이 제일 가까운동으로 중문이 설치되어있는 세대입니다,25.04.14,"['10년이내', '대단지', '방세개', '화장실두개']",남동향,11127631.322526352
경기도,오산시,지곶동,오산세교e편한세상,전세,116동,저/24,260000000,112.89,OWNER,중문 식세기 인덕션 I 꿀 전 세 I 상가 커뮤니티 가까워요 I,25.04.19,"['10년이내', '대단지', '방세개', '화장실두개']",남동향,7613642.483833821
경기도,오산시,지곶동,오산세교e편한세상,매매,116동,저/24,370000000,112.89,OWNER,맑은공기 숲세권 I 정.문.올.라.오.면.보.이.는. 부 I 동.산 I,25.04.19,"['10년이내', '대단지', '방세개', '화장실두개']",남동향,10834798.919301976
경기도,오산시,지곶동,오산세교e편한세상,매매,118동,14/25,380000000,112.89,OWNER,"입주협의, 중문, 거실 리모델링, 주인거주, 주차편리",25.04.12,"['10년이내', '대단지', '방세개', '화장실두개']",남동향,11127631.322526352
경기도,오산시,지곶동,오산세교e편한세상,매매,121동,8/25,360000000,112.89,OWNER,l 빌트인 김냉 중문 l 예쁜 단지뷰 l 학교 가까운동 l 입주협의 l,25.04.12,"['10년이내', '대단지', '방세개', '화장실두개']",남동향,10541966.516077599
경기도,오산시,지곶동,오산세교e편한세상,매매,121동,중/25,380000000,112.89,OWNER,ㄷ자주방으로 동간거리 넓은 동입니다. 중문설치 깨끗한집,25.04.18,"['10년이내', '대단지', '방세개', '화장실두개']",남동향,11127631.322526352
경기도,오산시,지곶동,오산세교e편한세상,매매,116동,중/24,375000000,112.89,OWNER,전면막힘없는뻥뷰 조용한동 에어컨 팬트리 중문 입주협의,25.04.18,"['10년이내', '대단지', '방세개', '화장실두개']",남동향,10981215.120914165
경기도,오산시,지곶동,오산세교e편한세상,매매,114동,고/24,400000000,112.89,OWNER,고층 전면동 빌트인김냉 팬트리설치 8월입주 잘관리된 집,25.04.18,"['10년이내', '대단지', '방세개', '화장실두개']",남동향,11713296.128975108
경기도,오산시,지곶동,오산세교e편한세상,매매,105동,중/25,385000000,112.89,OWNER,네고가능 중문 알파룸 수납 아기자기단지뷰 깨끗한 집,25.04.18,"['10년이내', '대단지', '방세개', '화장실두개']",남동향,11274047.524138542
경기도,오산시,지곶동,오산세교e편한세상,매매,118동,중/25,370000000,112.89,OWNER,"빠른입주환영, 중문, 시스템에어컨4, 펜트리, 초등학교 가까운 동",25.04.17,"['10년이내', '대단지', '방세개', '화장실두개']",남동향,10834798.919301976
경기도,오산시,지곶동,오산세교e편한세상,전세,118동,중/25,260000000,112.89,OWNER,"입주협의, 중문,  시스템에어컨 4,  초등학교 가까운 동",25.04.17,"['10년이내', '융자금없는', '대단지', '방세개']",남동향,7613642.483833821
경기도,오산시,지곶동,오산세교e편한세상,매매,110동,중/24,380000000,112.89,OWNER,"입주협의, 금액조정가능, 중문, 시스템에어컨3, 막힘없는 산 뷰",25.04.17,"['10년이내', '대단지', '방세개', '화장실두개']",남동향,11127631.322526352
경기도,오산시,지곶동,오산세교e편한세상,매매,109동,고/25,370000000,112.89,OWNER,"입주협의, 금액조정가능, 기본 알파룸, 막힘없는 고층 뷰",25.04.17,"['10년이내', '대단지', '방세개', '화장실두개']",남동향,10834798.919301976
경기도,오산시,지곶동,오산세교e편한세상,매매,110동,고/24,400000000,112.89,OWNER,새.소.리. 힐링뷰 I 중문 인덕션 식세기 I 살고싶은 초품아 I,25.04.17,"['10년이내', '대단지', '방세개', '화장실두개']",남동향,11713296.128975108
경기도,오산시,지곶동,오산세교e편한세상,매매,113동,24/25,400000000,112.89,OWNER,고층 트인뷰 투인원 에어컨 중문 식세기,25.04.09,"['10년이내', '대단지', '방세개', '화장실두개']",남동향,11713296.128975108
경기도,오산시,지곶동,오산세교e편한세상,매매,110동,중/24,400000000,112.89,OWNER,R동 R층 I 힐. 링. 산. 뷰 I 중문 시에 인덕션 I,25.04.14,"['10년이내', '대단지', '방세개', '화장실두개']",남동향,11713296.128975108
경기도,오산시,지곶동,오산세교e편한세상,매매,111동,저/24,380000000,112.89,OWNER,맑.은.공.기 숲.세.권 I 에어컨이 방마다 되어있어요 I,25.04.14,"['10년이내', '대단지', '방세개', '화장실두개']",남동향,11127631.322526352
경기도,오산시,지곶동,오산세교e편한세상,매매,121동,고/25,380000000,112.89,OWNER,초고층 남동향 4베이 판상형  26년 초 입주 미리 잡으실 분,25.04.14,"['10년이내', '대단지', '방세개', '화장실두개']",남동향,11127631.322526352
경기도,오산시,지곶동,오산세교e편한세상,월세,111동,17/24,"2,000/130",112.89,DOC,4베이 에어컨 세탁기 냉장고등가전 가구 있음 1년도 가능 전면동,25.04.17,"['10년이내', '대단지', '방세개', '화장실두개']",남동향,
경기도,오산시,지곶동,오산세교e편한세상,월세,109동,23/25,"3,000/120",112.89,OWNER,시스템에어컨 고층 트인뷰 붙박이 중문 빠른 입주 가능,25.04.05,"['10년이내', '대단지', '방세개', '화장실두개']",북동향,
경기도,오산시,지곶동,오산세교e편한세상,매매,118동,저/25,375000000,112.89,OWNER,학.교 버.스 정류장 3.분.컷으로 바.로 이사가능합니다 김냉 펜트리  ,25.04.11,"['10년이내', '대단지', '방세개', '화장실두개']",남동향,10981215.120914165
경기도,오산시,지곶동,오산세교e편한세상,매매,111동,중/24,400000000,112.89,OWNER,초품아.세끼고매매.아트월.조명.부분인테리어.대단지,25.04.11,"['10년이내', '대단지', '방세개', '화장실두개']",남동향,11713296.128975108
경기도,오산시,지곶동,오산세교e편한세상,매매,111동,저/24,360000000,112.89,OWNER,"급매, 입주협의, 중문, 시스템에어컨, 낮은 산 뷰, 1층아님",25.04.10,"['10년이내', '대단지', '급매', '방세개']",남동향,10541966.516077599
경기도,오산시,지곶동,오산세교e편한세상,매매,114동,저/24,380000000,112.89,OWNER,단.지.중.앙 o 2in1에어컨 블라인드 줄눈 o  ,25.04.09,"['10년이내', '대단지', '방세개', '화장실두개']",남동향,11127631.322526352
경기도,오산시,지곶동,오산세교e편한세상,매매,116동,중/24,400000000,112.89,OWNER,시에3 중문 펜트리 o 학.교 5.분.컷 o 깨끗해요 o,25.04.09,"['10년이내', '대단지', '방세개', '화장실두개']",남동향,11713296.128975108
경기도,오산시,지곶동,오산세교e편한세상,매매,116동,고/24,370000000,112.89,OWNER,중문되어있는 학.교 버.스정류장 5.분.컷으로 빠른이사 가능합니다,25.04.09,"['10년이내', '대단지', '방세개', '화장실두개']",남동향,10834798.919301976
경기도,오산시,지곶동,오산세교e편한세상,매매,116동,저/24,370000000,112.89,OWNER,B.E.S.T 깨.끗.하.게. 관.리.한 예.쁜.집 ,25.04.08,"['10년이내', '대단지', '방세개', '화장실두개']",남동향,10834798.919301976
경기도,오산시,지곶동,오산세교e편한세상,매매,118동,중/25,380000000,112.89,OWNER,4베이 남동향 중층 후문 상가가까운곳 주인거주 관리된 집 ,25.04.07,"['10년이내', '대단지', '방세개', '화장실두개']",남동향,11127631.322526352
경기도,오산시,지곶동,오산세교e편한세상,매매,105동,저/25,370000000,112.89,OWNER,벚.꽃.뷰 o 세.상.저렴 o 화.이.트로 리모델링 깨끗 깔끔 단지중앙,25.04.05,"['10년이내', '대단지', '방세개', '화장실두개']",남동향,10834798.919301976
경기도,오산시,지곶동,오산세교e편한세상,매매,121동,중/25,400000000,112.89,OWNER,동.간.거.리 넓.은.동 I 중문있는 에쁜집 I,25.04.04,"['10년이내', '대단지', '방세개', '화장실두개']",남동향,11713296.128975108
경기도,오산시,지곶동,오산세교e편한세상,월세,109동,중/25,"2,000/120",112.89,OWNER,인기타입 ㄷ자 주방 아늑한 뷰 남동향 관리된 집 즉시입주,25.04.02,"['10년이내', '융자금없는', '대단지', '방세개']",남동향,
경기도,오산시,지곶동,오산세교e편한세상,월세,121동,8/25,"3,000/120",112.89,OWNER,월세 조.정.가.능 I 중문 김치냉장고｜,25.03.26,"['10년이내', '대단지', '방세개', '화장실두개']",남동향,
경기도,오산시,지곶동,오산세교e편한세상,매매,112동,고/23,380000000,112.89,OWNER,중문 o R동 R층 o 단지중앙 o 빠른선점 하세요 o,25.04.01,"['10년이내', '대단지', '방세개', '화장실두개']",남동향,11127631.322526352
경기도,오산시,지곶동,오산세교e편한세상,매매,109동,19/25,370000000,112.89,OWNER,햇살좋은 4bay 고층매매 확트인뷰 관리된 집 조용한 동,25.03.25,"['10년이내', '대단지', '방세개', '화장실두개']",남동향,10834798.919301976
경기도,오산시,지곶동,오산세교e편한세상,월세,111동,중/24,"3,000/120",112.89,OWNER,산조망권 빠른입주가능 에어컨 냉장고설치,25.03.28,"['10년이내', '대단지', '방세개', '화장실두개']",남동향,
경기도,오산시,지곶동,오산세교e편한세상,매매,110동,저/24,360000000,112.89,OWNER,l 정원같은 숲속 뷰 l 중문있어요 l 주인거주 l 입주협의 l,25.03.28,"['10년이내', '마당', '대단지', '방세개']",남동향,10541966.516077599
경기도,오산시,지곶동,오산세교e편한세상,매매,116동,중/24,370000000,112.89,OWNER,o초록 숲 파란하늘 뷰가 예쁜 집o 깔끔한 내부 에어컨 있어요 입주협의,25.03.28,"['10년이내', '대단지', '방세개', '화장실두개']",남동향,10834798.919301976
경기도,오산시,지곶동,오산세교e편한세상,매매,109동,중/25,370000000,112.89,OWNER,조용한 숲속에 안긴집. 전망 트임 깨끗하게 관리되고 착한 매매가 보세요,25.03.28,"['10년이내', '대단지', '방세개', '화장실두개']",남동향,10834798.919301976
경기도,오산시,지곶동,오산세교e편한세상,매매,114동,고/24,400000000,112.89,OWNER,새.소.리.로. 아.침.맞.이 o 중문 펜트리 o,25.03.27,"['10년이내', '대단지', '방세개', '화장실두개']",남동향,11713296.128975108
경기도,오산시,지곶동,오산세교e편한세상,매매,102동,저/18,380000000,112.89,OWNER,B.E.S.T  4bay  l 소유주거주중 l,25.03.25,"['10년이내', '대단지', '방세개', '화장실두개']",남동향,11127631.322526352
경기도,오산시,지곶동,오산세교e편한세상,월세,110동,저/24,"2,000/130",112.89,OWNER,즉.시.입.주 I 관.리.비.저.렴 I 초.등.학.교. 5.분.컷｜,25.03.24,"['10년이내', '대단지', '방세개', '화장실두개']",남동향,
경기도,오산시,지곶동,오산세교e편한세상,매매,105동,1/25,320000000,99.53,OWNER,조.정.가능 I 귀.한 1층 I 시에2 중문 붙박이 정남향 I,25.04.18,"['10년이내', '대단지', '1층', '방세개']",남향,10628465.789209284
경기도,오산시,지곶동,오산세교e편한세상,매매,101동,고/25,400000000,99.53,OWNER,리.모.델.링 인.테.리.어 I 소유주거주중 I 깨끗 깔끔 I,25.04.19,"['10년이내', '대단지', '방세개', '화장실두개']",남향,13285582.236511605
경기도,오산시,지곶동,오산세교e편한세상,매매,106동,고/25,330000000,99.53,OWNER,정남향 고층 빌트인 냉장고 빌트인 김냉 중문 깨끗 주인관리된 집,25.04.17,"['10년이내', '대단지', '방세개', '화장실두개']",남향,10960605.345122075
경기도,오산시,지곶동,오산세교e편한세상,매매,101동,중/25,340000000,99.53,OWNER,"정남향, 입주협의, 금액조정 가능,  중문, 엘베2개 동, 마트 가까움",25.04.17,"['10년이내', '대단지', '방세개', '화장실두개']",남향,11292744.901034864
경기도,오산시,지곶동,오산세교e편한세상,매매,101동,14/25,335000000,99.53,OWNER,"정남향, 긴 잔금,  중문, 주인거주,  엘레베이터 2개 동",25.04.10,"['10년이내', '대단지', '방세개', '화장실두개']",남향,11126675.12307847
경기도,오산시,지곶동,오산세교e편한세상,매매,105동,저/25,340000000,99.53,OWNER,중문 냉 김냉있는 햇.살.품.은 남.향으로  어린이집 가까워요,25.04.15,"['10년이내', '대단지', '방세개', '화장실두개']",남향,11292744.901034864
경기도,오산시,지곶동,오산세교e편한세상,매매,106동,5/25,340000000,99.53,OWNER,"입주협의, 정남향, 중문, 시스템에어컨2, 예쁜 단지 뷰",25.04.08,"['10년이내', '대단지', '방세개', '화장실두개']",남향,11292744.901034864
경기도,오산시,지곶동,오산세교e편한세상,매매,101동,고/25,350000000,99.53,OWNER,조정가 초등학교와마트 편의시설인접 엘베2대사용 중문,25.04.14,"['10년이내', '대단지', '방세개', '화장실두개']",남향,11624884.456947654
경기도,오산시,지곶동,오산세교e편한세상,매매,104동,18/25,330000000,99.53,OWNER,고층 풀인테리어 중문 언제든 집보기 환영 ,25.04.04,"['10년이내', '대단지', '방세개', '화장실두개']",남향,10960605.345122075
경기도,오산시,지곶동,오산세교e편한세상,매매,105동,6/25,350000000,99.53,OWNER,잔디광장앞 시스템에어컨2 중문 집주인거주 입주협의,25.04.03,"['10년이내', '대단지', '방세개', '화장실두개']",남향,11624884.456947654
경기도,오산시,지곶동,오산세교e편한세상,매매,106동,고/25,350000000,99.53,OWNER,완죤깨끗 고층뷰 시스템에어컨3 쿡탑 LED 중문 입주협의 집주인거주,25.04.08,"['10년이내', '대단지', '방세개', '화장실두개']",남향,11624884.456947654
경기도,오산시,지곶동,오산세교e편한세상,매매,105동,고/25,350000000,99.53,OWNER,시에4 식세기 여름시원 겨울따스한 정남향집 고층 풀옵션,25.04.08,"['10년이내', '대단지', '방세개', '화장실두개']",남향,11624884.456947654
경기도,오산시,지곶동,오산세교e편한세상,매매,104동,25/25,340000000,99.53,OWNER,귀. 한. 탑층 o 햇살품은 남향 o 소유주거주중 o,25.03.27,"['10년이내', '대단지', '탑층', '방세개']",남향,11292744.901034864
경기도,오산시,지곶동,오산세교e편한세상,매매,105동,중/25,340000000,99.53,OWNER,정남향 착한매매가 중문 있고 깨끗하게 관리된집 밝은 집,25.03.24,"['10년이내', '대단지', '방세개', '화장실두개']",남향,11292744.901034864
경기도,오산시,지곶동,오산세교e편한세상,매매,108동,20/25,330000000,85.12,OWNER,조정가 전망굿 고층뷰 투인원에어컨 식세기 안방붙박이장 입주협의,25.04.19,"['10년이내', '대단지', '방세개', '화장실두개']",남서향,12816130.756578948
경기도,오산시,지곶동,오산세교e편한세상,매매,122동,2/25,280000000,85.12,OWNER,"입주 협의, 기본, 조용한 단지 뷰 , 집상태 깨끗",25.04.19,"['10년이내', '대단지', '방세개', '화장실두개']",남동향,10874292.763157895
경기도,오산시,지곶동,오산세교e편한세상,매매,119동,2/25,290000000,85.12,OWNER,"입주협의, 금액 조정 가능, 주차 용이한 동, 막힘없는 정원 뷰",25.04.19,"['10년이내', '대단지', '방세개', '화장실두개']",남동향,11262660.361842105
경기도,오산시,지곶동,오산세교e편한세상,매매,101동,25/25,310000000,85.12,OWNER,탑층 정문인접동 초등학교 마트이용편리 중문 입주협의,25.04.19,"['10년이내', '대단지', '탑층', '방세개']",남동향,12039395.559210528
경기도,오산시,지곶동,오산세교e편한세상,매매,103동,3/25,310000000,85.12,OWNER,트인뷰 I 단.지.내. 조은집 I 시에2 중문 미세방충망 I,25.04.17,"['10년이내', '대단지', '방세개', '화장실두개']",남서향,12039395.559210528
경기도,오산시,지곶동,오산세교e편한세상,매매,119동,24/25,350000000,85.12,OWNER,전망굿 옵션가득 시에4 빌트인냉 김냉 입주협의 집주인거주,25.04.14,"['10년이내', '대단지', '방세개', '화장실두개']",남동향,13592865.953947369
경기도,오산시,지곶동,오산세교e편한세상,매매,123동,18/24,350000000,85.12,OWNER,"입주협의,  주인거주로 집 상태 깨끗하고  막힘없는 뷰",25.04.14,"['10년이내', '대단지', '방세개', '화장실두개']",남서향,13592865.953947369
경기도,오산시,지곶동,오산세교e편한세상,매매,107동,중/25,310000000,85.12,OWNER,남동향의 테마가든뷰로 중문 탄성 줄눈 도배새로한 깨끗깔끔한집입니다.,25.04.19,"['10년이내', '대단지', '방세개', '화장실두개']",남동향,12039395.559210528
경기도,오산시,지곶동,오산세교e편한세상,매매,120동,고/25,310000000,85.12,OWNER,투 자 하 실 분 l 단.지.내. 조은집 l 고 층 매매 l,25.04.18,"['10년이내', '대단지', '방세개', '화장실두개']",남서향,12039395.559210528
경기도,오산시,지곶동,오산세교e편한세상,월세,122동,저/25,"3,000/100",85.12,OWNER,임대인분 좋아요 o 안.전.한 무.융.자 o 조용한 위치에 있는세대 o,25.04.18,"['10년이내', '융자금없는', '대단지', '방세개']",남동향,
경기도,오산시,지곶동,오산세교e편한세상,월세,108동,중/25,"5,000/85",85.12,OWNER,,25.04.18,"['10년이내', '대단지', '방세개', '화장실두개']",남서향,
경기도,오산시,지곶동,오산세교e편한세상,매매,115동,23/25,320000000,85.12,OWNER,저.수.지.뷰 I 중문 식세기 I 단.지.중.앙 I R.동.R.층 I,25.04.11,"['10년이내', '대단지', '방세개', '화장실두개']",남서향,12427763.157894738
경기도,오산시,지곶동,오산세교e편한세상,월세,115동,고/25,"2,000/110",85.12,OWNER,트인 뷰 중문 있는 에쁜 집 입주 협의 상가가깝고 주차여유,25.04.17,"['10년이내', '대단지', '방세개', '화장실두개']",남서향,
경기도,오산시,지곶동,오산세교e편한세상,매매,103동,중/25,320000000,85.12,OWNER,깨.끗 o 시에2 김냉  o 정.문 부.I 동.산 o ,25.04.17,"['10년이내', '대단지', '방세개', '화장실두개']",남서향,12427763.157894738
경기도,오산시,지곶동,오산세교e편한세상,월세,108동,중/25,"2,000/110",85.12,OWNER,시스템에어컨있는 고.층.월.세 로 산.뷰 힐링 I 임대인분 조아요 I ,25.04.17,"['10년이내', '대단지', '방세개', '화장실두개']",남서향,
경기도,오산시,지곶동,오산세교e편한세상,매매,103동,고/25,350000000,85.12,OWNER,고.층.매.매 I 중문있어요 I 깨끗깔끔 I,25.04.16,"['10년이내', '대단지', '방세개', '화장실두개']",남서향,13592865.953947369
경기도,오산시,지곶동,오산세교e편한세상,매매,108동,고/25,310000000,85.12,OWNER,초고층 트인뷰 조용한 동 깨끗한 집 7월 입주,25.04.16,"['10년이내', '대단지', '방세개', '화장실두개']",남서향,12039395.559210528
경기도,오산시,지곶동,오산세교e편한세상,매매,115동,저/25,300000000,85.12,OWNER,전세끼고 매매 중문설치 깨끗하게 관리된집 ,25.04.15,"['10년이내', '대단지', '방세개', '화장실두개']",남서향,11651027.960526315
경기도,오산시,지곶동,오산세교e편한세상,매매,115동,중/25,320000000,85.12,OWNER,단지 중앙쪽 위치한 세대로 커뮤 및 상가등 이용 편리함 o 전세인수 o,25.04.15,"['10년이내', '대단지', '방세개', '화장실두개']",남서향,12427763.157894738
경기도,오산시,지곶동,오산세교e편한세상,전세,123동,11/24,230000000,85.12,OWNER,"입주협의, 중문, 인기동, 막힘없는 서랑 저수지 뷰",25.04.08,"['10년이내', '대단지', '방세개', '화장실두개']",남서향,8932454.769736843
경기도,오산시,지곶동,오산세교e편한세상,매매,101동,1/25,310000000,85.12,OWNER,"입주협의,  귀한 1층,  주방 새로 인테리어함,  마트이용 편리",25.04.08,"['10년이내', '대단지', '1층', '방세개']",남동향,12039395.559210528
경기도,오산시,지곶동,오산세교e편한세상,매매,107동,3/25,300000000,85.12,OWNER,소.유.주 거주하고있는 I 깨.끗.깔.끔 I 중문,25.04.08,"['10년이내', '대단지', '방세개', '화장실두개']",남동향,11651027.960526315
경기도,오산시,지곶동,오산세교e편한세상,매매,119동,고/25,300000000,85.12,OWNER,남동향 고층 중문 빌트인냉장고 붙박이 설치된 세대 깨끗 주인관리,25.04.14,"['10년이내', '대단지', '방세개', '화장실두개']",남동향,11651027.960526315
경기도,오산시,지곶동,오산세교e편한세상,매매,101동,저/25,305000000,85.12,OWNER,"입주협의, 금액조정가능, 마트이용 편리, 5층보다 높아요",25.04.14,"['10년이내', '대단지', '방세개', '화장실두개']",남서향,11845211.75986842
경기도,오산시,지곶동,오산세교e편한세상,매매,103동,고/25,330000000,85.12,OWNER,고.층 산뷰로 관리잘된 깨.끗하고 시에2 있는 예쁜집 보러오세요,25.04.14,"['10년이내', '대단지', '방세개', '화장실두개']",남서향,12816130.756578948
경기도,오산시,지곶동,오산세교e편한세상,매매,103동,7/25,310000000,85.12,DOC,입주가능하고 상태양호 ,25.04.18,"['10년이내', '대단지', '방세개', '화장실두개']",남서향,12039395.559210528
경기도,오산시,지곶동,오산세교e편한세상,매매,101동,고/25,310000000,85.12,OWNER,고.층 깨.끗 o 안.정.적. 단.지.뷰. o 구경오세요 o,25.04.12,"['10년이내', '대단지', '방세개', '화장실두개']",남동향,12039395.559210528
경기도,오산시,지곶동,오산세교e편한세상,월세,103동,중/25,"2,000/110",85.12,OWNER,뷰.실.사.진 I 안.전.한.무.융.자.월.세 I 임대인분 조아요 I,25.04.12,"['10년이내', '융자금없는', '대단지', '방세개']",남서향,
경기도,오산시,지곶동,오산세교e편한세상,매매,107동,중/25,300000000,85.12,OWNER,남동향으로 단지바라보이는 안정적인뷰로 월세받아서 투자하실분 찾아요,25.04.11,"['10년이내', '대단지', '방세개', '화장실두개']",남동향,11651027.960526315
경기도,오산시,지곶동,오산세교e편한세상,매매,103동,고/25,310000000,85.12,OWNER,확트인 고층뷰 인기동 중문식세기 투인원에어컨 ,25.04.11,"['10년이내', '대단지', '방세개', '화장실두개']",남서향,12039395.559210528
경기도,오산시,지곶동,오산세교e편한세상,매매,107동,고/25,305000000,85.12,OWNER,"입주협의, 중문, 시스템에어컨2, 단지 고층 뷰, 주인거주",25.04.10,"['10년이내', '대단지', '방세개', '화장실두개']",남동향,11845211.75986842
경기도,오산시,지곶동,오산세교e편한세상,매매,122동,고/25,310000000,85.12,OWNER,고층 시스템에어컨 3 후문 주차 여유 주인거주 잘 관리된집,25.04.08,"['10년이내', '대단지', '방세개', '화장실두개']",남동향,12039395.559210528
경기도,오산시,지곶동,오산세교e편한세상,매매,108동,고/25,305000000,85.12,OWNER,뷰맛집 왕깨끗 관리된집 중문 고층매매 입주맞춰줌,25.04.07,"['10년이내', '대단지', '방세개', '화장실두개']",남서향,11845211.75986842
경기도,오산시,지곶동,오산세교e편한세상,매매,103동,저/25,300000000,85.12,OWNER,산뷰 도배새로함 깨끗하게관리 집주인거주 중문,25.04.07,"['10년이내', '대단지', '방세개', '화장실두개']",남서향,11651027.960526315
경기도,오산시,지곶동,오산세교e편한세상,매매,108동,고/25,320000000,85.12,OWNER,모o든o창o문o이 산o뷰 I 초.품.아.아.파.트 ,25.04.07,"['10년이내', '대단지', '방세개', '화장실두개']",남서향,12427763.157894738
경기도,오산시,지곶동,오산세교e편한세상,매매,107동,중/25,315000000,85.12,OWNER,단.지.뷰. 조은집 I 중문 붙박이있는 깨끗깔끔 I초.품.아.아.파.트,25.04.07,"['10년이내', '대단지', '방세개', '화장실두개']",남동향,12233579.358552631
경기도,오산시,지곶동,오산세교e편한세상,매매,107동,12/25,330000000,85.12,OWNER,중문 냉장고수납장 o 안정적 단지뷰 o,25.03.29,"['10년이내', '대단지', '방세개', '화장실두개']",남동향,12816130.756578948
경기도,오산시,지곶동,오산세교e편한세상,매매,119동,저/25,320000000,85.12,OWNER,산책로인접 개인정원뷰 주차여유 입주협의,25.04.04,"['10년이내', '대단지', '방세개', '화장실두개']",남동향,12427763.157894738
경기도,오산시,지곶동,오산세교e편한세상,매매,122동,7/25,310000000,85.12,OWNER,조 정 가 능 o 중문있지요 o 빠른이사도 가능 o,25.03.28,"['10년이내', '대단지', '방세개', '화장실두개']",남동향,12039395.559210528
경기도,오산시,지곶동,오산세교e편한세상,매매,117동,저/25,300000000,85.12,OWNER,단.지.내. 조은집 o시립어린이집 가까워요 o,25.04.03,"['10년이내', '대단지', '방세개', '화장실두개']",남서향,11651027.960526315
경기도,오산시,지곶동,오산세교e편한세상,매매,107동,22/25,330000000,85.12,OWNER,"금액조정가능,  중문,  블라인드 , 안전방충망,  전세끼고 매매도가능",25.03.27,"['10년이내', '대단지', '방세개', '화장실두개']",남동향,12816130.756578948
경기도,오산시,지곶동,오산세교e편한세상,매매,115동,고/25,310000000,85.12,OWNER,인기동 고층 집 뷰맛집 후문쪽 중문 있고 왕깨끗하고 관리된 집,25.04.02,"['10년이내', '대단지', '방세개', '화장실두개']",남서향,12039395.559210528
경기도,오산시,지곶동,오산세교e편한세상,전세,108동,고/25,235000000,85.12,OWNER,남서향 초고층 트인뷰 7월 입주 깨끗한 집,25.04.01,"['10년이내', '대단지', '방세개', '화장실두개']",남서향,9126638.569078946
경기도,오산시,지곶동,오산세교e편한세상,전세,107동,중/25,230000000,85.12,OWNER,테마가든뷰 I 중문 안방붙박이 미세방충망 I 대.단.지 초.품.아,25.04.01,"['10년이내', '대단지', '방세개', '화장실두개']",남동향,8932454.769736843
경기도,오산시,지곶동,오산세교e편한세상,월세,117동,고/25,"2,000/105",85.12,OWNER,정.문.앞. 부I 동.산. I 중문 식세기있어요 l 5월초이사 I,25.04.01,"['10년이내', '대단지', '방세개', '화장실두개']",남서향,
경기도,오산시,지곶동,오산세교e편한세상,매매,108동,고/25,320000000,85.12,OWNER,고.층.산. 뷰. o R동R층 o 시에 김냉 중문 식세기 인덕션등등 o,25.03.31,"['10년이내', '대단지', '방세개', '화장실두개']",남서향,12427763.157894738
경기도,오산시,지곶동,오산세교e편한세상,매매,117동,중/25,310000000,85.12,OWNER,조.정.가.능 I 작은방 트인집 구경오세요 I,25.03.29,"['10년이내', '대단지', '방세개', '화장실두개']",남동향,12039395.559210528
경기도,오산시,지곶동,오산세교e편한세상,매매,106동,저/25,300000000,85.12,OWNER,즉시입주가능 중문 에어컨 협의 남동향 깨끗하게 관리된 집,25.03.27,"['10년이내', '대단지', '방세개', '화장실두개']",남동향,11651027.960526315
경기도,오산시,지곶동,오산세교e편한세상,매매,123동,저/24,310000000,85.12,OWNER,"입주협의, 기본, 금액조정가능, 인기동, 주차 용이",25.03.27,"['10년이내', '대단지', '방세개', '화장실두개']",남서향,12039395.559210528
경기도,오산시,지곶동,오산세교e편한세상,매매,119동,중/25,330000000,85.12,OWNER,R.동 R.층 l 깔.끔 l 남.동.향 l 중.문되어있는 트.인.뷰 l,25.03.27,"['10년이내', '대단지', '방세개', '화장실두개']",남동향,12816130.756578948
경기도,오산시,지곶동,오산세교e편한세상,매매,101동,저/25,310000000,85.12,OWNER,깨끗합니다 o 중문 2.in1에어컨 냉장고 필요시놓고감 o,25.03.27,"['10년이내', '대단지', '방세개', '화장실두개']",남동향,12039395.559210528
경기도,오산시,지곶동,오산세교e편한세상,매매,122동,고/25,320000000,85.12,OWNER,초고층 남동향 트인뷰 해잘드는 깨끗한 집 중문,25.03.24,"['10년이내', '대단지', '방세개', '화장실두개']",남동향,12427763.157894738
경기도,오산시,지곶동,오산세교e편한세상,매매,106동,중/25,300000000,85.12,OWNER,"단지중앙, 편안한 중층 어린이집 인근 정원뷰 깨끗한 집",25.03.24,"['10년이내', '대단지', '방세개', '화장실두개']",남동향,11651027.960526315
경기도,오산시,지곶동,오산세교e편한세상,전세,122동,고/25,220000000,85.12,DOC,고.층. 꿀. 전. 세 l 빠른이사가능 l 관리비저렴 초품아 아파트 l,25.03.28,"['10년이내', '융자금적은', '대단지', '방세개']",남동향,8544087.171052633
경기도,오산시,청호동,LG,매매,203동,4/5,110000000,62.9,OWNER,"매매가 저렴, 세끼고 매매, 전면동",25.04.14,"['25년이상', '방두개', '화장실한개', '고층']",남향,5781182.034976154
경기도,오산시,청호동,LG,매매,205동,4/5,110000000,62.9,DOC,전망굿 수리되어 깨끗한집 정상입주,25.04.17,"['25년이상', '방두개', '화장실한개', '고층']",남향,5781182.034976154
경기도,오산시,청호동,LG,매매,203동,4/5,120000000,62.9,MOBL,세끼고매매o가격좋아요.매.물.접.수.받.아.요,25.04.03,"['25년이상', '방두개', '화장실한개', '고층']",남향,6306744.038155803
경기도,오산시,청호동,LG,매매,204동,4/5,150000000,62.9,DOC,올인테리어 화이트톤 이쁜집 남향 깔끔하고 관리잘된집 주인거주 ,25.04.12,"['25년이상', '방두개', '화장실한개', '고층']",남향,7883430.047694755
경기도,오산시,청호동,LG,매매,202동,3/5,120000000,62.9,DOC,정상 입주 관리 잘된 집입니다.,25.04.11,"['25년이상', '방두개', '화장실한개', '중층']",남향,6306744.038155803
경기도,오산시,청호동,LG,월세,201동,4/5,500/50,62.9,DOC,올수리 및 보일러 교체 되어 상태좋고 깨끗한집,25.04.11,"['25년이상', '올수리', '보일러교체', '방두개']",남향,
경기도,오산시,청호동,LG,매매,204동,3/5,120000000,62.9,DOC,수리되어 매우깨끗 입주가능,25.04.10,"['25년이상', '방두개', '화장실한개', '중층']",남향,6306744.038155803
경기도,오산시,청호동,LG,매매,202동,2/5,110000000,62.9,DOC,생활이 편리한 2층 공원 바로 앞 매우 깨끗하게 관리 된 집,25.04.10,"['25년이상', '방두개', '화장실한개', '중층']",남향,5781182.034976154
경기도,오산시,청호동,LG,월세,201동,중/5,500/45,62.9,DOCV2,시세보다 저렴 베란다 샷시까지 수리되어 깨끗한집,25.04.11,"['25년이상', '융자금없는', '방두개', '화장실한개']",남향,
경기도,오산시,청호동,LG,매매,201동,3/5,135000000,62.9,DOCV2,올수리 남향 일조권좋음 공원가까운 로얄동,25.04.04,"['25년이상', '올수리', '방두개', '화장실한개']",남향,7095087.042925279
경기도,오산시,청호동,LG,매매,203동,3/5,110000000,62.9,DOC,선호층으로 입주 가능한 깨끗한집 입니다,25.04.07,"['25년이상', '방두개', '화장실한개', '중층']",남향,5781182.034976154
경기도,오산시,청호동,LG,매매,204동,1/5,120000000,62.9,DOC,깨끗한집 협의입주가능,25.04.05,"['25년이상', '1층', '방두개', '화장실한개']",남향,6306744.038155803
경기도,오산시,청호동,LG,매매,203동,4/5,100000000,62.9,DOCV2,급매 화장실수리 주인거주로 집상태깨끗,25.03.29,"['25년이상', '욕실수리', '급매', '방두개']",남향,5255620.031796503
경기도,오산시,청호동,LG,매매,203동,3/5,110000000,62.9,DOCV2,샷시 씽크대 화장실 도배.장판수리됨 주인거주로집상태깨긋,25.03.29,"['25년이상', '방두개', '화장실한개', '중층']",남향,5781182.034976154
경기도,오산시,청호동,LG,월세,203동,4/5,200/50,62.9,DOCV2,시세보다저렴 관리잘된 깨끗한집,25.03.29,"['25년이상', '방두개', '화장실한개', '고층']",남향,
경기도,오산시,청호동,LG,월세,205동,2/5,500/50,62.9,DOCV2,전면동 남향으로 일조권 좋음 매우깨끗,25.03.27,"['25년이상', '융자금적은', '방두개', '화장실한개']",남향,
경기도,오산시,청호동,오산자이,매매,112동,12/15,400000000,150.83,DOC,공실로즉시입주 방4개 기본형 해잘들어요,25.04.19,"['25년이내', '대단지', '대형평수', '방네개이상']",남동향,8766916.395942451
경기도,오산시,청호동,오산자이,매매,113동,15/15,430000000,150.83,DOC,전망조망 좋은 탑층 올확장 상태최상 깨끗한집,25.04.18,"['25년이내', '대단지', '대형평수', '탑층']",남동향,9424435.125638137
경기도,오산시,청호동,오산자이,전세,113동,1/15,280000000,150.83,DOC,"올확장,스트레스없이 아이키울 수 있는 곳",25.04.18,"['25년이내', '대단지', '1층', '대형평수']",남동향,6136841.477159716
경기도,오산시,청호동,오산자이,매매,112동,12/15,400000000,150.83,DOC,깨끗하게 관리 잘된 집 즉시 입주 가능합니다.,25.04.17,"['25년이내', '대단지', '대형평수', '방네개이상']",남동향,8766916.395942451
경기도,오산시,청호동,오산자이,매매,114동,2/15,390000000,150.83,DOC,"급매추천, 탁트인조망, 채광좋아 밝고환한집, 관리잘된집, 입주협의",25.04.17,"['25년이내', '대단지', '급매', '대형평수']",남동향,8547743.486043891
경기도,오산시,청호동,오산자이,매매,112동,14/15,410000000,150.83,DOC,주인거주 발코니넓은기본형 해잘들어요,25.04.11,"['25년이내', '대단지', '대형평수', '방네개이상']",남동향,8986089.305841014
경기도,오산시,청호동,오산자이,월세,113동,8/15,"2,000/120",150.83,DOC,공실 즉시 입주 가능한 집입니다.,25.04.11,"['25년이내', '대단지', '대형평수', '방네개이상']",남동향,
경기도,오산시,청호동,오산자이,매매,114동,저/15,400000000,150.83,DOC,조용한동 방4개 관리좋은확장형 정상이사,25.04.14,"['25년이내', '대단지', '대형평수', '방네개이상']",남동향,8766916.395942451
경기도,오산시,청호동,오산자이,매매,114동,2/15,470000000,150.83,DOC,풀확장 화이트톤올리모델링 저층이라도 환하고밝음,25.04.04,"['25년이내', '대단지', '대형평수', '방네개이상']",남동향,10301126.76523238
경기도,오산시,청호동,오산자이,매매,113동,저/15,390000000,150.83,NDOC1,급 저층이라도밝고 환함 집상태최상,25.03.31,"['25년이내', '대단지', '대형평수', '방네개이상']",남동향,8547743.486043891
경기도,오산시,청호동,오산자이,전세,113동,1/15,280000000,150.83,DOC,빠른입주가능 아주깨끗한확장형,25.04.02,"['25년이내', '대단지', '1층', '대형평수']",남동향,6136841.477159716
경기도,오산시,청호동,오산자이,매매,114동,15/15,410000000,150.83,DOC,탑층 전망 좋은 동 입니다.,25.03.27,"['25년이내', '대단지', '대형평수', '탑층']",남동향,8986089.305841014
경기도,오산시,청호동,오산자이,매매,112동,15/15,450000000,150.83,DOC,거실층고높은탑층 인테리어된집 주인거주로집관리좋아요,25.03.27,"['25년이내', '대단지', '대형평수', '탑층']",남동향,9862780.945435258
경기도,오산시,청호동,오산자이,매매,113동,중/15,420000000,150.83,DOC,방4개 확장형 관리잘된 깨끗한집 빠른입주가,25.03.31,"['25년이내', '대단지', '대형평수', '방네개이상']",남동향,9205262.215739574
경기도,오산시,청호동,오산자이,매매,112동,11/15,420000000,150.83,DOC,해잘들어따뜻 집관리매우좋습니다,25.03.24,"['25년이내', '대단지', '대형평수', '방네개이상']",남동향,9205262.215739574
경기도,오산시,청호동,오산자이,매매,114동,3/15,420000000,150.83,DOC,정상입주 조용한동 집상태좋아요,25.03.24,"['25년이내', '대단지', '대형평수', '방네개이상']",남동향,9205262.215739574
경기도,오산시,청호동,오산자이,전세,110동,15/15,260000000,129.05,MOBL,공실o올수리o깨끗한집o가격대비귀한평수o매.물.접.수.받.아.요o,25.04.17,"['25년이내', '올수리', '대단지', '탑층']",남향,6660240.991863619
경기도,오산시,청호동,오산자이,매매,110동,2/15,350000000,129.05,MOBL,,25.04.09,"['25년이내', '대단지', '필로티', '방세개']",남향,8965709.027508717
경기도,오산시,청호동,오산자이,매매,110동,4/15,320000000,129.05,DOCV2,공실 베란다활용도좋아요 밝고환함 관리잘된깨끗한집,25.04.15,"['25년이내', '대단지', '방세개', '화장실두개']",남동향,8197219.682293684
경기도,오산시,청호동,오산자이,전세,111동,2/15,230000000,129.05,DOC,빠른 입주 가능한 무융자 집입니다.,25.04.18,"['25년이내', '융자금없는', '대단지', '방세개']",남동향,5891751.646648586
경기도,오산시,청호동,오산자이,매매,111동,7/15,350000000,129.05,DOC,화장실수리 집주인거주 전면뷰도트임 집상태최상,25.04.17,"['25년이내', '대단지', '욕실수리', '방세개']",남동향,8965709.027508717
경기도,오산시,청호동,오산자이,매매,110동,13/15,360000000,129.05,NDOC1,풀확장 바닥교체등부분수리 주인거주 집상태굿,25.04.05,"['25년이내', '대단지', '방세개', '화장실두개']",남동향,9221872.142580396
경기도,오산시,청호동,오산자이,매매,110동,10/15,370000000,129.05,DOC,협의 입주 깨끗한 집입니다.,25.04.15,"['25년이내', '대단지', '방세개', '화장실두개']",남동향,9478035.257652072
경기도,오산시,청호동,오산자이,매매,111동,13/15,360000000,129.05,DOC,부분인테리어 일조권좋음 집상태최상 주인거주,25.04.15,"['25년이내', '대단지', '방세개', '화장실두개']",남동향,9221872.142580396
경기도,오산시,청호동,오산자이,매매,110동,6/15,320000000,129.05,DOC,빠른입주가능 저렴 올확장형 주인거주,25.04.15,"['25년이내', '대단지', '방세개', '화장실두개']",남동향,8197219.682293684
경기도,오산시,청호동,오산자이,매매,110동,15/15,370000000,129.05,NDOC1,탑층 층고높아 개방감있어요 전망좋구 선호하는구조 공실,25.04.04,"['25년이내', '대단지', '탑층', '방세개']",남동향,9478035.257652072
경기도,오산시,청호동,오산자이,매매,111동,11/15,360000000,129.05,DOC,로얄동 전망굿 확장형 깨끗한집 정상입주,25.04.14,"['25년이내', '대단지', '방세개', '화장실두개']",남동향,9221872.142580396
경기도,오산시,청호동,오산자이,매매,110동,중/15,320000000,129.05,DOC,주인거주 관리좋은확장입니다,25.04.11,"['25년이내', '대단지', '방세개', '화장실두개']",남동향,8197219.682293684
경기도,오산시,청호동,오산자이,매매,110동,12/15,380000000,129.05,DOC,"39,리모델링 아주깨끗해요 주인거주 이사협의",25.04.05,"['25년이내', '대단지', '방세개', '화장실두개']",남향,9734198.37272375
경기도,오산시,청호동,오산자이,매매,111동,중/15,350000000,129.05,DOC,"로얄동 도배,탄성코트되어 깨끗한집 잔금전 인테리어 가능",25.04.07,"['25년이내', '대단지', '방세개', '화장실두개']",남동향,8965709.027508717
경기도,오산시,청호동,오산자이,매매,111동,9/15,350000000,129.05,DOC,공실 잔금 전 수리 가능한 깨끗한 집입니다.,25.03.28,"['25년이내', '대단지', '방세개', '화장실두개']",남동향,8965709.027508717
경기도,오산시,청호동,오산자이,매매,110동,2/15,340000000,129.05,DOC,화이트톤 수리된 집입니다.,25.03.27,"['25년이내', '대단지', '방세개', '화장실두개']",남동향,8709545.91243704
경기도,오산시,청호동,오산자이,매매,110동,저/15,320000000,129.05,DOC,주인 거주 빠른 입주도 가능한 집입니다.,25.03.31,"['25년이내', '대단지', '방세개', '화장실두개']",남동향,8197219.682293684
경기도,오산시,청호동,오산자이,매매,103동,5/15,350000000,109.35,DOCV2,인테리어 잘된 예쁘고 환한집 입주협의,25.04.18,"['25년이내', '대단지', '방세개', '화장실두개']",남동향,10580930.498399636
경기도,오산시,청호동,오산자이,매매,104동,1/15,320000000,109.35,OWNER,"아이들키우기 좋은1층, 확장,아트월인테리어,주인거주로관리잘된집.",25.04.12,"['25년이내', '대단지', '1층', '방세개']",남서향,9673993.59853681
경기도,오산시,청호동,오산자이,매매,102동,9/20,330000000,109.35,DOCV2,공실 주출입구 상가이용편리 관리잘된 깨끗한집,25.04.15,"['25년이내', '대단지', '방세개', '화장실두개']",남동향,9976305.898491085
경기도,오산시,청호동,오산자이,매매,104동,13/15,325000000,109.35,DOC,확장형 씽크대 보일러 led교체 일조권최상  주인거주,25.04.19,"['25년이내', '대단지', '방세개', '화장실두개']",남동향,9825149.748513946
경기도,오산시,청호동,오산자이,매매,105동,16/20,325000000,109.35,DOC,주인거주 관리좋은확장형 선호하는중앙동,25.04.19,"['25년이내', '대단지', '방세개', '화장실두개']",남동향,9825149.748513946
경기도,오산시,청호동,오산자이,매매,107동,4/15,305000000,109.35,DOC,전체 확장형 깔끔한 집입니다.,25.04.18,"['25년이내', '대단지', '방세개', '화장실두개']",남동향,9220525.148605395
경기도,오산시,청호동,오산자이,매매,109동,20/20,350000000,109.35,DOC,최상층 전망 좋은 집입니다.,25.04.18,"['25년이내', '대단지', '탑층', '방세개']",남동향,10580930.498399636
경기도,오산시,청호동,오산자이,매매,104동,8/15,320000000,109.35,DOC,공실 아주 깨끗하고 좋아요  가운데라인 하루종일 일조량 풍부,25.04.18,"['25년이내', '대단지', '방세개', '화장실두개']",남동향,9673993.59853681
경기도,오산시,청호동,오산자이,매매,106동,14/15,320000000,109.35,DOC,조용한동 거실확장 깨끗하게 관리잘된집 정상입주,25.04.17,"['25년이내', '대단지', '방세개', '화장실두개']",남동향,9673993.59853681
경기도,오산시,청호동,오산자이,월세,109동,20/20,"2,000/120",109.35,DOC,탑층 로얄동 올확장 깨끗한집 빠른입주가,25.04.17,"['25년이내', '대단지', '탑층', '방세개']",남동향,
경기도,오산시,청호동,오산자이,월세,105동,8/20,"2,000/120",109.35,DOC,수리된 집 조용한 동입니다.,25.04.17,"['25년이내', '대단지', '방세개', '화장실두개']",남동향,
경기도,오산시,청호동,오산자이,매매,104동,8/15,315000000,109.35,DOC,공실 잔금 전 수리 가능한 집 빠른 입주 가능합니다.,25.04.17,"['25년이내', '대단지', '방세개', '화장실두개']",남동향,9522837.448559672
경기도,오산시,청호동,오산자이,전세,109동,1/20,220000000,109.35,DOC,아이 키우기 좋은 집입니다.,25.04.15,"['25년이내', '대단지', '1층', '방세개']",남동향,6650870.598994057
경기도,오산시,청호동,오산자이,매매,102동,12/20,330000000,109.35,DOC,상가이용 편리한동 확장형 전체 리모델링 빠른입주가,25.04.14,"['25년이내', '대단지', '방세개', '화장실두개']",남동향,9976305.898491085
경기도,오산시,청호동,오산자이,매매,107동,10/15,330000000,109.35,DOC,전망좋고 깨끗한 주인세대로 정상입주 가능 합니다.,25.04.14,"['25년이내', '대단지', '방세개', '화장실두개']",남동향,9976305.898491085
경기도,오산시,청호동,오산자이,매매,103동,중/15,305000000,109.35,DOC,깨끗하게 관리 잘된 집입니다.,25.04.18,"['25년이내', '대단지', '방세개', '화장실두개']",남동향,9220525.148605395
경기도,오산시,청호동,오산자이,매매,104동,저/15,300000000,109.35,DOC,씽크대교체 되어 깨끗한집 정상입주,25.04.17,"['25년이내', '대단지', '방세개', '화장실두개']",남동향,9069368.998628259
경기도,오산시,청호동,오산자이,매매,107동,9/15,320000000,109.35,DOC,풀확장 최근에전체올수리 월세끼고매매 예쁘고환한집,25.04.10,"['25년이내', '올수리', '대단지', '방세개']",남동향,9673993.59853681
경기도,오산시,청호동,오산자이,매매,107동,12/15,360000000,109.35,DOC,올리모델링 집상태최상 전망좋은집 정상입주,25.04.08,"['25년이내', '대단지', '방세개', '화장실두개']",남동향,10883242.79835391
경기도,오산시,청호동,오산자이,매매,105동,1/20,270000000,109.35,DOC,"전세안고 매매, 지대높은 1층",25.04.07,"['25년이내', '대단지', '1층', '방세개']",남동향,8162432.098765432
경기도,오산시,청호동,오산자이,매매,103동,8/15,320000000,109.35,DOC,상가이용 편리한동 확장형 깨끗한집 정상입주,25.04.07,"['25년이내', '대단지', '방세개', '화장실두개']",남동향,9673993.59853681
경기도,오산시,청호동,오산자이,매매,104동,8/15,315000000,109.35,DOC,급 공실 부분수리  잔금전수리가능 관리잘된깨끗한집,25.04.04,"['25년이내', '대단지', '방세개', '화장실두개']",남동향,9522837.448559672
경기도,오산시,청호동,오산자이,매매,102동,8/20,315000000,109.35,DOC,깨끗한 집 편리한 동 입니다.,25.04.03,"['25년이내', '대단지', '방세개', '화장실두개']",남동향,9522837.448559672
경기도,오산시,청호동,오산자이,매매,102동,18/20,330000000,109.35,DOC,도배등부분인테리어 집관리상태최상 주인거주,25.04.01,"['25년이내', '대단지', '방세개', '화장실두개']",남동향,9976305.898491085
경기도,오산시,청호동,오산자이,매매,102동,5/20,315000000,109.35,DOCV2,입주기간 맞춰드림 정문상가이용 편리한 로얄동,25.03.24,"['25년이내', '대단지', '방세개', '화장실두개']",남동향,9522837.448559672
경기도,오산시,청호동,오산자이,매매,108동,중/15,330000000,109.35,DOC,확장형 전망 좋은 깨끗한 집입니다.,25.04.03,"['25년이내', '대단지', '방세개', '화장실두개']",남동향,9976305.898491085
경기도,오산시,청호동,오산자이,매매,101동,9/15,330000000,109.35,DOC,편리한동 베란다 넓고 전망 좋은 집입니다.,25.03.27,"['25년이내', '대단지', '방세개', '화장실두개']",남동향,9976305.898491085
경기도,오산시,청호동,오산자이,매매,104동,9/15,325000000,109.35,DOC,도배 씽크대 등 보일러교체 일조권좋아따뜻 관리굿,25.03.27,"['25년이내', '대단지', '보일러교체', '방세개']",남동향,9825149.748513946
경기도,오산시,청호동,오산자이,매매,105동,2/20,340000000,109.35,DOC,"귀한 필로티, 광장뷰, 올확장, 전체 리모델링, 빠른입주가",25.03.26,"['25년이내', '대단지', '필로티', '방세개']",남동향,10278618.19844536
경기도,오산시,청호동,오산자이,매매,105동,9/20,320000000,109.35,DOC,편리한동 베란다 넓은 집입니다.,25.03.25,"['25년이내', '대단지', '방세개', '화장실두개']",남동향,9673993.59853681
경기도,오산시,청호동,오산자이,매매,103동,7/15,290000000,109.35,DOC,"전세안고 매매, 올확장 깨끗한집",25.03.24,"['25년이내', '대단지', '방세개', '화장실두개']",남동향,8767056.698673984
경기도,오산시,청호동,오산자이,매매,109동,중/20,310000000,109.35,DOC,선호하는중앙동 해잘들어따뜻해요,25.03.28,"['25년이내', '대단지', '방세개', '화장실두개']",남동향,9371681.298582535
경기도,오산시,청호동,오산청호엘리시아,매매,102동,9/15,380000000,161.01,DOC,정남향으로일조권굿  방4개 집관리좋습니다,25.04.17,"['25년이내', '대형평수', '방네개이상', '화장실두개']",남향,7801989.317433701
경기도,오산시,청호동,오산청호엘리시아,매매,102동,15/15,500000000,161.01,NDOC1,탑복층 테라스다락방있는 전원주택같은집 최근에올인테리어 조정가능,25.04.05,"['25년이내', '테라스', '복층', '대형평수']",남향,10265775.417675922
경기도,오산시,청호동,오산청호엘리시아,매매,103동,12/15,380000000,161.01,DOC,정남향 전망 채광 좋은 집입니다.,25.04.15,"['25년이내', '대형평수', '방네개이상', '화장실두개']",남향,7801989.317433701
경기도,오산시,청호동,오산청호엘리시아,월세,103동,1/15,"3,000/150",161.01,NDOC1,공실 1층 저층이라도밝고환함  아이들 키우기 좋아요 기숙사가능,25.04.04,"['25년이내', '1층', '대형평수', '방네개이상']",남향,
경기도,오산시,청호동,오산청호엘리시아,매매,103동,13/15,360000000,161.01,DOC,탁트인남향 올확장 집상태최상 빠른입주가,25.04.14,"['25년이내', '대형평수', '방네개이상', '화장실두개']",남향,7391358.300726664
경기도,오산시,청호동,오산청호엘리시아,매매,103동,10/15,400000000,161.01,DOC,정 남향 주인 거주 관리 잘되고 전망 좋은집입니다.,25.04.11,"['25년이내', '대형평수', '방네개이상', '화장실두개']",남향,8212620.334140737
경기도,오산시,청호동,오산청호엘리시아,매매,101동,11/15,365000000,161.01,DOC,남향으로해잘들고 집관리최상 뷰최상 주인거주,25.04.11,"['25년이내', '대형평수', '방네개이상', '화장실두개']",남향,7494016.054903423
경기도,오산시,청호동,오산청호엘리시아,매매,102동,중/15,360000000,161.01,DOC,주인거주 정 남향 전망 좋은 집입니다.,25.04.17,"['25년이내', '대형평수', '방네개이상', '화장실두개']",남향,7391358.300726664
경기도,오산시,청호동,오산청호엘리시아,매매,103동,7/15,390000000,161.01,DOC,주인거주 정남향 전면확트임 수납좋음,25.04.10,"['25년이내', '대형평수', '방네개이상', '화장실두개']",남향,8007304.825787219
경기도,오산시,청호동,오산청호엘리시아,매매,102동,5/15,380000000,161.01,DOC,남향 전망조망굿 부분수리되어 깨끗한집 정상입주,25.04.07,"['25년이내', '대형평수', '방네개이상', '화장실두개']",남향,7801989.317433701
경기도,오산시,청호동,오산청호엘리시아,매매,101동,저/15,350000000,161.01,DOC,로얄동 남향 올확장 전망좋은 깨끗한집,25.04.12,"['25년이내', '대형평수', '방네개이상', '화장실두개']",남향,7186042.792373145
경기도,오산시,청호동,오산청호엘리시아,매매,103동,고/15,360000000,161.01,DOC,초급매 풀확장 정남향 관리잘된깨끗한집,25.04.08,"['25년이내', '급매', '대형평수', '방네개이상']",남향,7391358.300726664
경기도,오산시,청호동,오산청호엘리시아,매매,101동,10/15,380000000,161.01,DOC,올확장 전망조망 좋은동 깨끗한게 관리잘된집,25.03.25,"['15년이내', '대형평수', '방네개이상', '화장실두개']",남향,7801989.317433701
경기도,오산시,청호동,오산청호엘리시아,매매,103동,저/15,380000000,161.01,DOC,남향 올확장 방4개 뷰좋은 깨끗한집 정상입주,25.03.25,"['15년이내', '대형평수', '방네개이상', '화장실두개']",남향,7801989.317433701
경기도,오산시,청호동,오산청호엘리시아,매매,101동,6/15,350000000,139.06,DOCV2,풀확장 시스템에어컨4 씽크대 화장실수리등 부분수리된집,25.04.18,"['25년이내', '욕실수리', '대형평수', '방세개']",남서향,8320327.556450454
경기도,오산시,청호동,오산청호엘리시아,매매,102동,8/15,350000000,139.06,DOC,깨끗한화이트톤 수납넉넉,25.04.17,"['25년이내', '대형평수', '방세개', '화장실두개']",북서향,8320327.556450454
경기도,오산시,청호동,오산청호엘리시아,매매,103동,3/15,370000000,139.06,NDOC1,풀확장 최근에올수리 인테리어잘된예쁘고 밝고환한집,25.04.04,"['25년이내', '올수리', '대형평수', '방세개']",남서향,8795774.84539048
경기도,오산시,청호동,오산청호엘리시아,매매,103동,11/15,340000000,139.06,DOC,관리 잘된 깨끗한 집입니다.,25.04.14,"['25년이내', '대형평수', '방세개', '화장실두개']",남서향,8082603.91198044
경기도,오산시,청호동,오산청호엘리시아,매매,103동,3/15,370000000,139.06,DOC,내부올수리돼집관리좋아요 정상이사,25.04.10,"['25년이내', '올수리', '대형평수', '방세개']",남서향,8795774.84539048
경기도,오산시,청호동,오산청호엘리시아,매매,102동,4/15,370000000,139.06,DOC,올확장 수납많고 구조좋은 깨끗한집 정상입주,25.04.08,"['25년이내', '대형평수', '방세개', '화장실두개']",남서향,8795774.84539048
경기도,오산시,청호동,오산청호엘리시아,매매,101동,15/15,450000000,139.06,DOC,복층구조의탑층 개인전용옥상사용 확트인시야 집상태최상,25.04.07,"['25년이내', '복층', '대형평수', '탑층']",남서향,10697564.001150584
경기도,오산시,청호동,오산청호엘리시아,매매,105동,13/15,340000000,114.5,DOC,풀확장 관리잘된 깨끗한집 협의입주,25.04.07,"['25년이내', '방세개', '화장실두개', '고층']",남동향,9816304.80349345
경기도,오산시,탑동,오산세교한신더휴,전세,2206동,4/22,350000000,129.06,NDOC1,"커뮤니티가까운동,에어컨6대,뻥뷰,전.자.계.약.권장",25.04.19,"['2년이내', '융자금없는', '방네개이상', '화장실두개']",남동향,8965014.334418101
경기도,오산시,탑동,오산세교한신더휴,월세,2208동,20/25,"3,000/120",129.06,NDOC1,"탁트인뷰, 에어컨6대,전.자.계.약. 권장",25.04.19,"['2년이내', '방네개이상', '화장실두개', '고층']",남서향,
경기도,오산시,탑동,오산세교한신더휴,매매,2210동,2/25,539570000,129.06,NDOC1,"모든편의시설 가까운 로얄동,필로티 해.방 전.자.계.약.권장",25.04.19,"['2년이내', '방네개이상', '화장실두개', '세대당1대']",남동향,13820722.24120564
경기도,오산시,탑동,오산세교한신더휴,전세,2207동,12/25,300000000,129.06,NDOC1,"휴정원 커뮤니티 근접동,내집앞정원,전.자.계.약.권장",25.04.19,"['2년이내', '마당', '방네개이상', '화장실두개']",남서향,7684298.000929801
경기도,오산시,탑동,오산세교한신더휴,전세,2204동,15/25,280000000,129.06,NDOC1,"에어컨6대,중문,침실1,2붙박이장 설치예정.전.자.계.약.권장",25.04.19,"['2년이내', '융자금없는', '방네개이상', '화장실두개']",남동향,7172011.467534481
경기도,오산시,탑동,오산세교한신더휴,전세,2206동,19/22,300000000,129.06,NDOC1,"에어컨6대,조정가능,키즈클럽 근접동 육아 만점,전.자.계.약.권장",25.04.19,"['2년이내', '방네개이상', '화장실두개', '고층']",남동향,7684298.000929801
경기도,오산시,탑동,오산세교한신더휴,월세,2202동,16/25,"3,000/130",129.06,NDOC1,"반전세,조정가능,버스정류장3분컷,전.자.계.약.권장",25.04.19,"['2년이내', '방네개이상', '화장실두개', '중층']",남동향,
경기도,오산시,탑동,오산세교한신더휴,전세,2210동,6/25,290000000,129.06,NDOC1,휴정원뷰  커뮤니티 이용편리 정문근접동 시에5대,25.04.19,"['2년이내', '융자금없는', '방네개이상', '화장실두개']",남동향,7428154.73423214
경기도,오산시,탑동,오산세교한신더휴,월세,2208동,3/25,"3,000/135",129.06,NDOC1,후문근접동  엘베2대. 정원뷰 공부방강추.에어컨6대. 애완동물x,25.04.19,"['2년이내', '방네개이상', '화장실두개', '세대당1대']",남서향,
경기도,오산시,탑동,오산세교한신더휴,전세,2203동,4/25,320000000,129.06,NDOC1,"뻥뷰,풀옵에어컨,신축 깨끗하고 포근한집,현장 앞.매.물.접수",25.04.19,"['2년이내', '융자금없는', '방네개이상', '화장실두개']",남동향,8196584.534325121
경기도,오산시,탑동,오산세교한신더휴,전세,2202동,5/25,330000000,129.06,NDOC1,"뻥뷰,로얄동,풀에어컨,신축 깨끗하고 포근한집,현장 매.물.접수",25.04.19,"['2년이내', '융자금없는', '방세개', '화장실두개']",남동향,8452727.801022781
경기도,오산시,탑동,오산세교한신더휴,매매,2207동,19/25,620000000,129.06,NDOC1,"빠른거래시 조정가능 ,신축,로얄동,로얄층,휴정원뷰,현장 앞.매.물.접수",25.04.19,"['2년이내', '방네개이상', '화장실두개', '고층']",남서향,15880882.53525492
경기도,오산시,탑동,오산세교한신더휴,매매,2208동,10/25,562000000,129.06,NDOC1,"빠른선점,무피,풀에어컨,마실정원뷰,아늑한분위기",25.04.19,"['2년이내', '방네개이상', '화장실두개', '중층']",남서향,14395251.588408494
경기도,오산시,탑동,오산세교한신더휴,매매,2203동,19/25,573680000,129.06,NDOC1,시원한 고층뷰.로얄동로얄층.시에6대. 실거주 강.추,25.04.19,"['2년이내', '방네개이상', '화장실두개', '고층']",남동향,14694426.923911361
경기도,오산시,탑동,오산세교한신더휴,월세,2209동,25/25,"3,000/130",129.06,NDOC1,"1년단기,에어컨FULL,시원한뷰,4베이판상형,매.물.접.수.받.아.",25.04.19,"['2년이내', '탑층', '방세개', '화장실두개']",남향,
경기도,오산시,탑동,오산세교한신더휴,전세,2207동,5/25,300000000,129.06,NDOC1,가격착한 전세.안정적인 정원뷰.에어컨6대.서두르세요.매.물.접.수,25.04.19,"['2년이내', '방네개이상', '화장실두개', '세대당1대']",남서향,7684298.000929801
경기도,오산시,탑동,오산세교한신더휴,전세,2204동,3/25,350000000,129.06,NDOC1,"매.물.접.수.환.영,시에6,막힘없는트인뷰,기본옵션다수",25.04.19,"['2년이내', '방세개', '화장실두개', '세대당1대']",남동향,8965014.334418101
경기도,오산시,탑동,오산세교한신더휴,매매,2204동,3/25,566370000,129.06,NDOC1,"매.물.접.수.환.영,시에6,막힘없는트인뷰,기본옵션다수",25.04.19,"['2년이내', '방세개', '화장실두개', '세대당1대']",남동향,14507186.19595537
경기도,오산시,탑동,오산세교한신더휴,전세,2205동,3/25,320000000,129.06,NDOC1,"필로티2개층 위, 시스템에어컨FULL, 뻥뷰, 방 4개, 폭넓은 거실",25.04.19,"['2년이내', '융자금없는', '화장실두개', '방네개이상']",남동향,8196584.534325121
경기도,오산시,탑동,오산세교한신더휴,전세,2206동,18/22,330000000,129.06,NDOC1,"에어컨FULL,방4,뻥뷰,매.물.접.수.받.아.요",25.04.19,"['2년이내', '방세개', '화장실두개', '고층']",남서향,8452727.801022781
경기도,오산시,탑동,오산세교한신더휴,전세,2207동,15/25,310000000,129.06,NDOC1,"4룸,에어컨풀,뷰가너무좋아요,매.물.접.수.받.아.요",25.04.19,"['2년이내', '융자금없는', '방세개', '화장실두개']",남서향,7940441.26762746
경기도,오산시,탑동,오산세교한신더휴,전세,2206동,8/22,300000000,129.06,NDOC1,"에어컨FULL,방4,뻥뷰,매.물.접.수.받.아.요",25.04.19,"['2년이내', '방세개', '화장실두개', '중층']",남서향,7684298.000929801
경기도,오산시,탑동,오산세교한신더휴,전세,2207동,6/25,300000000,129.06,NDOC1,"에어컨6대,4룸,뷰가너무좋아요,구경오세요,매.물.접.수.받.아.요",25.04.19,"['2년이내', '방세개', '화장실두개', '세대당1대']",남서향,7684298.000929801
경기도,오산시,탑동,오산세교한신더휴,전세,2202동,16/25,300000000,129.06,NDOC1,"뷰끝내줘요,에어컨FULL,뻥뷰,매.물.접.수.받.아.요",25.04.19,"['2년이내', '방세개', '화장실두개', '중층']",남동향,7684298.000929801
경기도,오산시,탑동,오산세교한신더휴,매매,2202동,6/25,562590000,129.06,NDOC1,"등기후매매,무피,에어컨FULL,뻥뷰,매.물.접.수.받.아.요",25.04.19,"['2년이내', '방세개', '화장실두개', '세대당1대']",남동향,14410364.041143656
경기도,오산시,탑동,오산세교한신더휴,월세,2210동,19/25,"3,000/150",129.06,NDOC1,"에어컨6대,뻥뷰,커뮤니티근접동,전.자.계.약.권장",25.04.18,"['2년이내', '방네개이상', '화장실두개', '고층']",남동향,
경기도,오산시,탑동,오산세교한신더휴,월세,2208동,24/25,"5,000/150",129.06,NDOC1,동간거리넓은 맞통풍  FULL에어컨 조정가능,25.04.18,"['2년이내', '방네개이상', '화장실두개', '고층']",남서향,
경기도,오산시,탑동,오산세교한신더휴,전세,2208동,7/25,300000000,129.06,NDOC1,동간거리 넓고 채광 좋은집 풀 에어컨 발코니 확장,25.04.18,"['2년이내', '확장형', '방네개이상', '화장실두개']",남서향,7684298.000929801
경기도,오산시,탑동,오산세교한신더휴,전세,2204동,3/25,300000000,129.06,NDOC1,"Mint, 뻥뷰 전면동 찾는다면, 시스템에어컨, 안정적인  뷰",25.04.18,"['2년이내', '방네개이상', '화장실두개', '세대당1대']",남서향,7684298.000929801
경기도,오산시,탑동,오산세교한신더휴,매매,2206동,4/22,571770000,129.06,NDOC1,아늑한뷰나와요 시스템에어컨6대,25.04.18,"['2년이내', '방네개이상', '화장실두개', '세대당1대']",남서향,14645503.559972107
경기도,오산시,탑동,오산세교한신더휴,매매,2203동,5/25,572780000,129.06,NDOC1,"막힘없는 뷰, 수납 좋은 집",25.04.18,"['2년이내', '방네개이상', '화장실두개', '세대당1대']",남동향,14671374.029908571
경기도,오산시,탑동,오산세교한신더휴,전세,2210동,19/25,350000000,129.06,NDOC1,"에어컨FULL,뻥뷰,너무좋아요,매.물.접.수.받.아.요",25.04.18,"['2년이내', '방세개', '화장실두개', '고층']",남동향,8965014.334418101
경기도,오산시,탑동,오산세교한신더휴,매매,2208동,7/25,563000000,129.06,NDOC1,"에어컨6대,안정감있어요,방4,매.물.접.수.받.아.요",25.04.18,"['2년이내', '방세개', '화장실두개', '세대당1대']",남서향,14420865.915078258
경기도,오산시,탑동,오산세교한신더휴,전세,2207동,25/25,400000000,129.06,NDOC1,시스템에어콘완비.학세권 삶이편해요,25.04.18,"['2년이내', '탑층', '방네개이상', '화장실두개']",남서향,10245730.6679064
경기도,오산시,탑동,오산세교한신더휴,월세,2207동,21/25,1억/120,129.06,NDOC1,"풀옵션,풀인테리어,에6,쿡탑,식세기,오븐,현장 앞.매.물.접수",25.04.17,"['2년이내', '방네개이상', '화장실두개', '고층']",남서향,
경기도,오산시,탑동,오산세교한신더휴,전세,2204동,2/25,250000000,129.06,NDOC1,"반전세가능,탁트인뷰,에어컨6대,한신더휴 정문앞 접수.",25.04.17,"['2년이내', '방네개이상', '화장실두개', '세대당1대']",남동향,6403581.6674415
경기도,오산시,탑동,오산세교한신더휴,전세,2204동,12/25,350000000,129.06,NDOC1,,25.04.17,"['2년이내', '방네개이상', '화장실두개', '중층']",남동향,8965014.334418101
경기도,오산시,탑동,오산세교한신더휴,매매,2205동,6/25,562770000,129.06,NDOC1,조망좋은집 강추 로얄동,25.04.17,"['2년이내', '방네개이상', '화장실두개', '세대당1대']",남동향,14414974.619944211
경기도,오산시,탑동,오산세교한신더휴,월세,2202동,14/25,"3,000/130",129.06,NDOC1,"뷰끝내줘요,에어컨FULL,뻥뷰,매.물.접.수.받.아.요",25.04.17,"['2년이내', '방세개', '화장실두개', '중층']",남동향,
경기도,오산시,탑동,오산세교한신더휴,전세,2205동,5/25,300000000,129.06,NDOC1,에어컨6대o뻥뷰o주인분좋아요o방4o매.물.접.수.받.아.요,25.04.17,"['2년이내', '방세개', '화장실두개', '세대당1대']",남동향,7684298.000929801
경기도,오산시,탑동,오산세교한신더휴,전세,2203동,19/25,300000000,129.06,NDOC1,시스템에어컨 완벽설치 빠른입주가능,25.04.17,"['2년이내', '방네개이상', '화장실두개', '고층']",남동향,7684298.000929801
경기도,오산시,탑동,오산세교한신더휴,매매,2202동,11/25,561880000,129.06,NDOC1,"무피,에어컨5대,굿뷰, 신축 포근한집,현장 매.물.접수",25.04.16,"['2년이내', '방네개이상', '화장실두개', '중층']",남동향,14392177.869208122
경기도,오산시,탑동,오산세교한신더휴,매매,2202동,7/25,568770000,129.06,NDOC1,등기후매매 시에FULL6대.채광굿.정문인접동 매.물.접.수,25.04.16,"['2년이내', '방네개이상', '화장실두개', '세대당1대']",남동향,14568660.579962807
경기도,오산시,탑동,오산세교한신더휴,매매,2210동,22/25,572470000,129.06,NDOC1,"에어컨FULL,뻥뷰,너무좋아요,매.물.접.수.받.아.요",25.04.16,"['2년이내', '방세개', '화장실두개', '고층']",남동향,14663433.588640943
경기도,오산시,탑동,오산세교한신더휴,매매,2207동,12/25,556270000,129.06,NDOC1,"등기후매매,4룸,뷰가너무좋아요,강추,매.물.접.수.받.아.요",25.04.16,"['2년이내', '방세개', '화장실두개', '중층']",남서향,14248481.496590734
경기도,오산시,탑동,오산세교한신더휴,전세,2210동,11/25,300000000,129.06,NDOC1,"에어컨FULL,뻥뷰,너무좋아요,매.물.접.수.받.아.요",25.04.16,"['2년이내', '방세개', '화장실두개', '중층']",남동향,7684298.000929801
경기도,오산시,탑동,오산세교한신더휴,전세,2210동,25/25,350000000,129.06,NDOC1,"풀에,붙박이2개,중문,줄눈,탄성,장식장,중문,빠른입주조정가능",25.04.15,"['2년이내', '융자금없는', '탑층', '방네개이상']",남동향,8965014.334418101
경기도,오산시,탑동,오산세교한신더휴,전세,2204동,15/25,300000000,129.06,NDOC1,"에어컨FULL,방4,뻥뷰,매.물.접.수.받.아.요",25.04.15,"['2년이내', '방세개', '화장실두개', '중층']",남동향,7684298.000929801
경기도,오산시,탑동,오산세교한신더휴,전세,2210동,2/25,300000000,129.06,NDOC1,"필로티2층,급매,안정감있어요,너무좋아요,매.물.접.수.받.아.요",25.04.15,"['2년이내', '급매', '필로티', '방세개']",남동향,7684298.000929801
경기도,오산시,탑동,오산세교한신더휴,매매,2202동,2/25,541470000,129.06,NDOC1,귀한 매물입니다 가리는것 없는 전면뷰  시스템에어컨6대,25.04.15,"['2년이내', '방네개이상', '화장실두개', '세대당1대']",남동향,13869389.461878197
경기도,오산시,탑동,오산세교한신더휴,월세,2206동,6/22,"3,000/150",129.06,NDOC1,"에어컨6대,커뮤니티근접동,한신더휴 바로앞 접수.",25.04.14,"['2년이내', '방네개이상', '화장실두개', '세대당1대']",남서향,
경기도,오산시,탑동,오산세교한신더휴,월세,2210동,6/25,"3,000/130",129.06,NDOC1,정원뷰 FULL에어컨 동간거리 넓음,25.04.14,"['2년이내', '방네개이상', '화장실두개', '세대당1대']",남서향,
경기도,오산시,탑동,오산세교한신더휴,전세,2203동,19/25,300000000,129.06,NDOC1,"에어컨6,뷰가너무좋아요,구경오세요,매.물.접.수.받.아.요",25.04.14,"['2년이내', '방세개', '화장실두개', '고층']",남동향,7684298.000929801
경기도,오산시,탑동,오산세교한신더휴,월세,2205동,15/25,"5,000/130",129.06,NDOC1,에어컨5 쿡탑 오븐프라이팬서랍장 붙박이장1 팬트리방 중문 비데,25.04.12,"['2년이내', '방네개이상', '화장실두개', '중층']",남동향,
경기도,오산시,탑동,오산세교한신더휴,매매,2206동,15/22,592770000,129.06,NDOC1,"에어컨FULL,방4,뻥뷰,매.물.접.수.받.아.요",25.04.12,"['2년이내', '방세개', '화장실두개', '고층']",남서향,15183404.420037191
경기도,오산시,탑동,오산세교한신더휴,매매,2205동,10/25,572770000,129.06,NDOC1,"에어컨FULL,뷰가너무좋아요,매.물.접.수.받.아.요",25.04.12,"['2년이내', '방세개', '화장실두개', '중층']",남동향,14671117.886641873
경기도,오산시,탑동,오산세교한신더휴,매매,2208동,2/25,559670000,129.06,NDOC1,"필로티2층,옵션최상,에어컨풀,주방스타일업,쿡탑,매.물.접.수.받.아.",25.04.12,"['2년이내', '필로티', '방세개', '화장실두개']",남향,14335570.207267938
경기도,오산시,탑동,오산세교한신더휴,매매,2203동,12/25,579570000,129.06,NDOC1,"에어컨FULL,완벽뷰,주방스타일업,중문,매.물.접.수.받.아.요",25.04.12,"['2년이내', '방세개', '화장실두개', '중층']",남동향,14845295.307996282
경기도,오산시,탑동,오산세교한신더휴,매매,2204동,15/25,594800000,129.06,NDOC1,"에어컨FULL,방4,뻥뷰,매.물.접.수.받.아.요",25.04.12,"['2년이내', '방세개', '화장실두개', '중층']",남동향,15235401.503176818
경기도,오산시,탑동,오산세교한신더휴,매매,2206동,18/22,573670000,129.06,NDOC1,"에어컨FULL,방4,뻥뷰,매.물.접.수.받.아.요",25.04.12,"['2년이내', '방세개', '화장실두개', '고층']",남서향,14694170.780644663
경기도,오산시,탑동,오산세교한신더휴,전세,2210동,9/25,320000000,129.06,NDOC1,"에어컨FULL,중문,탄성,줄눈,뻥뷰,매.물.접.수.받.아.요",25.04.12,"['2년이내', '방세개', '화장실두개', '중층']",남동향,8196584.534325121
경기도,오산시,탑동,오산세교한신더휴,전세,2203동,21/25,300000000,129.06,NDOC1,"에어컨6,뷰가너무좋아요,조정가능해요,매.물.접.수.받.아.요",25.04.12,"['2년이내', '방세개', '화장실두개', '고층']",남동향,7684298.000929801
경기도,오산시,탑동,오산세교한신더휴,전세,2203동,15/25,350000000,129.06,NDOC1,"에어컨FULL,뷰가너무좋아요,매.물.접.수.받.아.요",25.04.12,"['2년이내', '방세개', '화장실두개', '중층']",남동향,8965014.334418101
경기도,오산시,탑동,오산세교한신더휴,전세,2208동,21/25,350000000,129.06,NDOC1,"에어컨6대,안정감있어요,방4,매.물.접.수.받.아.요",25.04.12,"['2년이내', '방세개', '화장실두개', '고층']",남서향,8965014.334418101
경기도,오산시,탑동,오산세교한신더휴,전세,2205동,7/25,350000000,129.06,NDOC1,"에어컨FULL,주방장식장,붙박이장,완벽뷰,매.물.접.수.받.아.요",25.04.12,"['2년이내', '방세개', '화장실두개', '세대당1대']",남동향,8965014.334418101
경기도,오산시,탑동,오산세교한신더휴,전세,2206동,11/22,320000000,129.06,NDOC1,"에어컨FULL,방4,뻥뷰,매.물.접.수.받.아.요",25.04.12,"['2년이내', '방세개', '화장실두개', '중층']",남서향,8196584.534325121
경기도,오산시,탑동,오산세교한신더휴,매매,2202동,중/25,582500000,129.06,NDOC1,"무피,에어컨5대,굿뷰, 신축 포근한집,현장 매.물.접수",25.04.17,"['2년이내', '방네개이상', '화장실두개', '중층']",남동향,14920345.285138695
경기도,오산시,탑동,오산세교한신더휴,매매,2205동,4/25,599170000,129.06,NDOC1,가리는것 없는 아늑한 뷰 커뮤니티 시설 가까워요 시스템에어컨3대,25.04.11,"['2년이내', '방세개', '화장실두개', '세대당1대']",남동향,15347336.110723695
경기도,오산시,탑동,오산세교한신더휴,전세,2204동,20/25,300000000,129.06,NDOC1,뷰좋은 로얄동로얄층  시스템에어컨 6대,25.04.11,"['2년이내', '융자금없는', '방네개이상', '화장실두개']",남동향,7684298.000929801
경기도,오산시,탑동,오산세교한신더휴,월세,2204동,21/25,"3,000/150",129.06,NDOC1,"시스템에어컨6대,중문,탄성,줄눈 진행예정,트인뷰로 시원함",25.04.11,"['2년이내', '방세개', '화장실두개', '고층']",남동향,
경기도,오산시,탑동,오산세교한신더휴,월세,2204동,20/25,"2,000/150",129.06,NDOC1,뷰좋은 로얄동로얄층  시스템에어컨 6대,25.04.10,"['2년이내', '융자금없는', '방네개이상', '화장실두개']",남동향,
경기도,오산시,탑동,오산세교한신더휴,전세,2207동,6/25,330000000,129.06,NDOC1,"에어컨 6대 확장 옵션 협의가능 ,로얄동 뷰 좋아요 매.물.접,수,",25.04.10,"['2년이내', '방세개', '화장실두개', '세대당1대']",남동향,8452727.801022781
경기도,오산시,탑동,오산세교한신더휴,매매,2205동,4/25,566300000,129.06,NDOC1,"에어컨 6대 확장,무피, 펜트리,아일랜드장,드레스룸",25.04.10,"['2년이내', '방세개', '화장실두개', '세대당1대']",남동향,14505393.193088485
경기도,오산시,탑동,오산세교한신더휴,매매,2202동,5/25,620000000,129.06,NDOC1,"협의가능,풀에어컨,굿뷰, 신축 포근한집,현장 매.물.접수",25.04.09,"['2년이내', '방네개이상', '화장실두개', '세대당1대']",남동향,15880882.53525492
경기도,오산시,탑동,오산세교한신더휴,전세,2208동,20/25,350000000,129.06,NDOC1,신축첫입주.방4개.큰평형.풀시스템에어컨.예쁜판상형,25.04.09,"['2년이내', '방세개', '화장실두개', '고층']",남서향,8965014.334418101
경기도,오산시,탑동,오산세교한신더휴,전세,2204동,22/25,300000000,129.06,NDOC1,"옵션최상,에어컨FULL,주방장식장,욕실비데,구경하는집,강추",25.04.09,"['2년이내', '방세개', '화장실두개', '고층']",남동향,7684298.000929801
경기도,오산시,탑동,오산세교한신더휴,전세,2204동,14/25,300000000,129.06,NDOC1,"탁트인뷰,에어컨6대,주방스타일업,중문,한신더휴 정문앞 접수.",25.04.08,"['2년이내', '융자금없는', '방네개이상', '화장실두개']",남동향,7684298.000929801
경기도,오산시,탑동,오산세교한신더휴,전세,2202동,18/25,350000000,129.06,NDOC1,"시스템에어컨 FULL, 드레스룸, 화장대, 시원한 뻥뷰, 방 4개",25.04.08,"['2년이내', '방네개이상', '화장실두개', '고층']",남동향,8965014.334418101
경기도,오산시,탑동,오산세교한신더휴,매매,2210동,24/25,564360000,129.06,NDOC1,"신축 84타입,로열층,남동, 즉시입주가능, 마이너스피 매매, 탁 트인",25.04.08,"['2년이내', '방세개', '화장실두개', '고층']",남동향,14455701.399349142
경기도,오산시,탑동,오산세교한신더휴,전세,2207동,5/25,330000000,129.06,NDOC1,"굿인테리어,알파룸 원목인테리어, 풀에어컨,중문,빠른입주 조정가능",25.04.07,"['2년이내', '융자금없는', '방네개이상', '화장실두개']",남서향,8452727.801022781
경기도,오산시,탑동,오산세교한신더휴,매매,2202동,8/25,547300000,129.06,DOC,"시스템엥콘완비,시원해서 좋아요.",25.04.18,"['2년이내', '방네개이상', '화장실두개', '세대당1대']",남동향,14018720.986362932
경기도,오산시,탑동,오산세교한신더휴,전세,2202동,8/25,300000000,129.06,DOC,시에6대.전면동으로 채광굿.금액조정가능. 매물.접수,25.04.17,"['2년이내', '방네개이상', '화장실두개', '세대당1대']",남동향,7684298.000929801
경기도,오산시,탑동,오산세교한신더휴,매매,2203동,19/25,582770000,129.06,NDOC1,"시스템에어컨 완벽설치 빠른입주가능, 엘베2대편리",25.04.07,"['2년이내', '방네개이상', '화장실두개', '고층']",남동향,14927261.153339533
경기도,오산시,탑동,오산세교한신더휴,전세,2207동,23/25,350000000,129.06,NDOC1,시에5대.동간거리 넓어 시원한 고층뷰  채광굿. 매.물.접.수,25.04.05,"['2년이내', '방네개이상', '화장실두개', '고층']",남서향,8965014.334418101
경기도,오산시,탑동,오산세교한신더휴,월세,2207동,23/25,"5,000/150",129.06,NDOC1,에어컨5대. 동간거리 넓은 고층 뻥뷰 .채광굿. 매.물.접수.,25.04.05,"['2년이내', '방네개이상', '화장실두개', '고층']",남동향,
경기도,오산시,탑동,오산세교한신더휴,월세,2202동,18/25,"3,000/150",129.06,NDOC1,"시스템에어컨 FULL, 드레스룸, 화장대, 시원한 뻥뷰, 방 4개",25.04.05,"['2년이내', '방네개이상', '화장실두개', '고층']",남동향,
경기도,오산시,탑동,오산세교한신더휴,매매,2206동,3/22,546380000,129.06,NDOC1,무피.등기후매매 시에6대  아늑하고 안정감있는층 실거주.추.천 선.점,25.04.02,"['2년이내', '방네개이상', '화장실두개', '세대당1대']",남서향,13995155.805826748
경기도,오산시,탑동,오산세교한신더휴,전세,2205동,6/25,400000000,129.06,NDOC1,중대형평형 확장형 넓은집,25.04.02,"['2년이내', '대형평수', '방네개이상', '화장실두개']",남동향,10245730.6679064
경기도,오산시,탑동,오산세교한신더휴,매매,2207동,16/25,589700000,129.06,NDOC1,"풀에어컨,조정가능,현장앞 방문 매.물.접수 연휴오픈",25.03.31,"['2년이내', '방네개이상', '화장실두개', '중층']",남서향,15104768.437161012
경기도,오산시,탑동,오산세교한신더휴,매매,2206동,9/22,547300000,129.06,NDOC1,마피 1500 급매 정원뷰 FULL에어컨 동간거리 넓음,25.03.31,"['2년이내', '급매', '방네개이상', '화장실두개']",남서향,14018720.986362932
경기도,오산시,탑동,오산세교한신더휴,전세,2208동,2/25,400000000,129.06,NDOC1,"단지중앙동, 커뮤니티 이용편리,시스템에어컨",25.03.31,"['2년이내', '방네개이상', '화장실두개', '세대당1대']",남서향,10245730.6679064
경기도,오산시,탑동,오산세교한신더휴,월세,2205동,14/25,"3,000/140",129.06,MOBL,"대박나는 뷰,선호동,풀에어컨,중문,전월세 협의가능",25.03.28,"['2년이내', '방네개이상', '화장실두개', '중층']",남동향,
경기도,오산시,탑동,오산세교한신더휴,월세,2206동,8/22,"3,000/140",129.06,NDOC1,"조용하고쾌적한동,풀에어컨,중문,빠른입주 조정가능,현장.앞. 매.물.접수",25.03.29,"['2년이내', '방네개이상', '화장실두개', '중층']",남서향,
경기도,오산시,탑동,오산세교한신더휴,매매,2207동,3/25,556380000,129.06,DOC,"급매,동간거리 굿,깨끗하고 아늑한집",25.04.07,"['2년이내', '급매', '방네개이상', '화장실두개']",남서향,14251299.072524408
경기도,오산시,탑동,오산세교한신더휴,전세,2208동,20/25,310000000,129.06,NDOC1,"빠른입주 파격조정, 마실정원뷰,풀에어컨,중문협의",25.03.27,"['2년이내', '방네개이상', '화장실두개', '고층']",남서향,7940441.26762746
경기도,오산시,탑동,오산세교한신더휴,월세,2207동,18/25,"3,000/130",129.06,DOC,"에어컨 6대, 펜트리,드레스룸,아일랜드장 ,뷰좋아요",25.04.07,"['2년이내', '방네개이상', '화장실두개', '고층']",남동향,
경기도,오산시,탑동,오산세교한신더휴,매매,2204동,14/25,582770000,129.06,NDOC1,"에어컨풀,뷰가너무좋아요,강추,선점하세요,매.물.접.수.받.아.요",25.03.27,"['2년이내', '방세개', '화장실두개', '중층']",남동향,14927261.153339533
경기도,오산시,탑동,오산세교한신더휴,매매,2208동,저/25,532770000,129.06,NDOC1,"특급매물,너무좋아요,뻥뷰,강추,집볼수있어요,매.물.접.수.받.아.요",25.04.02,"['2년이내', '급매', '방세개', '화장실두개']",남서향,13646544.819851233
경기도,오산시,탑동,오산세교한신더휴,전세,2206동,중/22,350000000,129.06,NDOC1,정원뷰 FULL에어컨 동간거리 넓음,25.03.31,"['2년이내', '방네개이상', '화장실두개', '중층']",남서향,8965014.334418101
경기도,오산시,탑동,오산세교한신더휴,전세,2208동,저/25,290000000,129.06,NDOC1,전원주택 같은 정원뷰 조용한 동 동간거리 아주넓음,25.03.31,"['2년이내', '방네개이상', '화장실두개', '세대당1대']",남서향,7428154.73423214
경기도,오산시,탑동,오산세교한신더휴,전세,2202동,12/25,350000000,129.06,NDOC1,로얄층 로얄동 쾌적한 넓은 평형 시스템에어컨6대,25.03.25,"['2년이내', '방세개', '화장실두개', '중층']",남동향,8965014.334418101
경기도,오산시,탑동,오산세교한신더휴,전세,2205동,22/25,350000000,129.06,NDOC1,전망끝내줌  발코니 확장 에어컨5대,25.03.24,"['2년이내', '확장형', '방네개이상', '화장실두개']",남동향,8965014.334418101
경기도,오산시,탑동,오산세교한신더휴,전세,2204동,고/25,330000000,129.06,DOC,,25.04.10,"['2년이내', '융자금없는', '방네개이상', '화장실두개']",남동향,8452727.801022781
경기도,오산시,탑동,오산세교한신더휴,월세,2208동,20/25,"3,000/135",129.06,NDOC1,,25.03.22,"['2년이내', '방네개이상', '화장실두개', '고층']",남서향,
경기도,오산시,탑동,오산세교한신더휴,전세,2207동,21/25,350000000,129.06,NDOC1,"모두 다 갖춘 풀 옵션, 고급 인테리어 최상의 컨디션 ,전 월세 조정가능",25.03.22,"['2년이내', '방네개이상', '화장실두개', '고층']",남서향,8965014.334418101
경기도,오산시,탑동,오산세교한신더휴,전세,2208동,8/25,350000000,129.06,NDOC1,동간거리넓은 맞통풍  FULL에어컨 조정가능,25.03.22,"['2년이내', '방네개이상', '화장실두개', '세대당1대']",남서향,8965014.334418101
경기도,오산시,탑동,오산세교한신더휴,월세,2202동,16/25,"3,000/150",129.06,NDOC1,"전면로얄동 시스템에어컨, 확트인뷰",25.03.22,"['2년이내', '방네개이상', '화장실두개', '중층']",남동향,
경기도,오산시,탑동,오산세교한신더휴,매매,2206동,16/22,573670000,129.06,DOC,고층 매매 강력추천,25.03.29,"['2년이내', '방네개이상', '화장실두개', '고층']",남서향,14694170.780644663
경기도,오산시,탑동,오산세교한신더휴,매매,2208동,중/25,583670000,129.06,DOC,무피 넓고 수납이 많아서 좋아요 로얄충,25.03.29,"['2년이내', '방네개이상', '화장실두개', '중층']",남향,14950314.047342323
경기도,오산시,탑동,오산세교한신더휴,전세,2210동,6/25,290000000,129.06,NONE,아늑한 정원뷰. 커뮤니티 이용편리 정문근접동 시에5대,25.04.20,"['2년이내', '방네개이상', '화장실두개', '세대당1대']",남동향,7428154.73423214
경기도,오산시,탑동,오산세교한신더휴,전세,2204동,15/25,280000000,129.06,NONE,저.렴.매물 로얄동로얄층.시에 6대. 중문 시원한 뻥뷰. 강.추,25.04.20,"['2년이내', '방네개이상', '화장실두개', '중층']",남동향,7172011.467534481
경기도,오산시,탑동,오산세교한신더휴,전세,2208동,21/25,350000000,129.06,NONE,실40 RR 뻥뷰 가든뷰 남서향 에어컨5대 금액협의가능,25.04.19,"['2년이내', '방네개이상', '화장실두개', '고층']",남서향,8965014.334418101
경기도,오산시,탑동,오산세교한신더휴,월세,2208동,18/25,"3,000/150",129.06,NONE,실40 RR 뻥뷰 가든뷰 남서향 에어컨5대 금액협의가능,25.04.19,"['2년이내', '방네개이상', '화장실두개', '고층']",남서향,
경기도,오산시,탑동,오산세교한신더휴,매매,2206동,중/22,532300000,129.06,NONE,,25.04.15,"['2년이내', '방네개이상', '화장실두개', '중층']",남서향,13634506.086316444
경기도,오산시,탑동,오산세교한신더휴,월세,2202동,16/25,1억/120,129.06,NONE,신축첫입주 방4 넓은집 월세 ,25.04.15,"['2년이내', '방네개이상', '화장실두개', '중층']",남동향,
경기도,오산시,탑동,오산세교한신더휴,월세,2207동,18/25,"5,000/120",129.06,NONE,실40 RR 뻥뷰 가든뷰 남서향 에어컨5대 금액협의가능,25.04.15,"['2년이내', '방네개이상', '화장실두개', '고층']",남서향,
경기도,오산시,탑동,오산세교한신더휴,전세,2203동,20/25,290000000,129.06,NONE,RR 뻥뷰 추천 시에6 풀옵션 신축 첫입주,25.04.15,"['2년이내', '방네개이상', '화장실두개', '고층']",남동향,7428154.73423214
경기도,오산시,탑동,오산세교한신더휴,전세,2203동,19/25,290000000,129.06,NONE,로얄동 로얄층 RR추천전세 추천매물 에어컨6대,25.04.15,"['2년이내', '방네개이상', '화장실두개', '고층']",남동향,7428154.73423214
경기도,오산시,탑동,오산세교한신더휴,전세,2206동,18/22,340000000,129.06,NONE,신축첫입주 방4 전세매물 연락주세요,25.04.15,"['2년이내', '방네개이상', '화장실두개', '고층']",남서향,8708871.067720441
경기도,오산시,탑동,오산세교한신더휴,월세,2204동,고/25,"2,000/150",129.06,NONE,방4 고층 제일저렴한 월세물건 연락주세요 ,25.04.15,"['2년이내', '방네개이상', '화장실두개', '고층']",남동향,
경기도,오산시,탑동,오산세교한신더휴,월세,2203동,저/25,"2,000/150",129.06,NONE,방4 고층 제일저렴한 월세물건 연락주세요 ,25.04.15,"['2년이내', '방네개이상', '화장실두개', '세대당1대']",남동향,
경기도,오산시,탑동,오산세교한신더휴,매매,2203동,저/25,510000000,129.06,NONE,신축첫입주 방4 제일저렴 분양가격 그대로 연락주세요,25.04.15,"['2년이내', '방세개', '화장실두개', '세대당1대']",남동향,13063306.60158066
경기도,오산시,탑동,오산세교한신더휴,월세,2203동,4/25,"1억 5,000/100",129.06,NONE,신축첫입주 방4 넓은집 월세 ,25.04.15,"['2년이내', '방세개', '화장실두개', '세대당1대']",남동향,
경기도,오산시,탑동,오산세교한신더휴,전세,2206동,4/22,340000000,129.06,NONE,신축첫입주 방4 넓은집 구경오세요,25.04.15,"['2년이내', '방네개이상', '화장실두개', '세대당1대']",남서향,8708871.067720441
경기도,오산시,탑동,오산세교한신더휴,전세,2202동,고/25,320000000,129.06,NONE,앞뒤 전망좋은 로얄동 풀 에어컨,25.04.10,"['2년이내', '방네개이상', '화장실두개', '고층']",남동향,8196584.534325121
경기도,오산시,탑동,오산세교한신더휴,월세,2202동,고/25,"3,000/130",129.06,NONE,앞뒤 전망좋은 로얄동 에어컨6대,25.04.10,"['2년이내', '방네개이상', '화장실두개', '고층']",남동향,
경기도,오산시,탑동,오산세교한신더휴,전세,2203동,저/25,320000000,129.06,NONE,"탁트인뷰, 아파트매매.전세.월세 구합니다. 신속처리",25.04.10,"['2년이내', '방세개', '화장실두개', '세대당1대']",남동향,8196584.534325121
경기도,오산시,탑동,오산세교한신더휴,월세,2206동,6/22,"3,000/150",129.06,NONE,풀 에어컨 동간거리 넓은 마당이 있는집,25.04.09,"['2년이내', '마당', '방네개이상', '화장실두개']",남서향,
경기도,오산시,탑동,오산세교한신더휴,전세,2208동,2/25,400000000,129.06,NONE,필로티2층 층간소음 무 에어컨 풀 냉장고 주방스타일업,25.04.08,"['2년이내', '필로티', '방네개이상', '화장실두개']",남서향,10245730.6679064
경기도,오산시,탑동,오산세교한신더휴,전세,2202동,5/25,330000000,129.06,NONE,앞뒤 전망좋은 로얄동 에어컨6대,25.04.01,"['2년이내', '방네개이상', '화장실두개', '세대당1대']",남동향,8452727.801022781
경기도,오산시,탑동,오산세교한신더휴,전세,2202동,저/25,300000000,129.06,NONE,시스템에어컨6대 베란닥 확장 뻥뷰입니다.,25.03.31,"['2년이내', '방세개', '화장실두개', '세대당1대']",남서향,7684298.000929801
경기도,오산시,탑동,오산세교한신더휴,매매,2205동,저/25,562770000,129.06,NONE,무피 추천매물,25.03.31,"['2년이내', '방네개이상', '화장실두개', '세대당1대']",남향,14414974.619944211
경기도,오산시,탑동,오산세교한신더휴,매매,2206동,고/22,573670000,129.06,NONE,무피 추천매물,25.03.31,"['2년이내', '방네개이상', '화장실두개', '고층']",남향,14694170.780644663
경기도,오산시,탑동,오산세교한신더휴,매매,2210동,고/25,571970000,129.06,NONE,마피1천 빌트인냉장고설치 붙박이장 별도설치,25.03.31,"['2년이내', '방네개이상', '화장실두개', '고층']",남향,14650626.425306058
경기도,오산시,탑동,오산세교한신더휴,전세,2202동,고/25,320000000,129.06,NONE,"로얄동 로얄층, 전망좋은 집",25.03.31,"['2년이내', '방네개이상', '화장실두개', '고층']",남향,8196584.534325121
경기도,오산시,탑동,오산세교한신더휴,전세,2206동,중/22,320000000,129.06,NONE,,25.03.31,"['2년이내', '방네개이상', '화장실두개', '중층']",남향,8196584.534325121
경기도,오산시,탑동,오산세교한신더휴,전세,2204동,고/25,300000000,129.06,NONE,,25.03.31,"['2년이내', '방네개이상', '화장실두개', '고층']",남향,7684298.000929801
경기도,오산시,탑동,오산세교한신더휴,전세,2202동,16/25,330000000,129.06,NONE,시에6대.시원한 뻥뷰 채광굿. 매.물.접.수,25.03.30,"['2년이내', '방네개이상', '화장실두개', '중층']",남동향,8452727.801022781
경기도,오산시,탑동,오산세교한신더휴,매매,2208동,7/25,563800000,129.06,NONE,4Bay판상형구조.채광좋아요.시에 6대,25.03.30,"['2년이내', '방네개이상', '화장실두개', '세대당1대']",남서향,14441357.376414074
경기도,오산시,탑동,오산세교한신더휴,매매,2202동,6/25,562780000,129.06,NONE,무피.등기후매매.시에6대.전면동으로 채광굿.,25.03.30,"['2년이내', '방네개이상', '화장실두개', '세대당1대']",남동향,14415230.763210911
경기도,오산시,탑동,오산세교한신더휴,매매,2207동,12/25,566270000,129.06,NONE,등기후매매.동간거리 굿 확장 고층뷰 선점하세요,25.03.30,"['2년이내', '방네개이상', '화장실두개', '중층']",남서향,14504624.763288395
경기도,오산시,탑동,오산세교한신더휴,전세,2206동,19/22,300000000,129.06,NONE,넓고 수납공간많은 99타입 개방감좋은 고층뷰.시스템에어컨6.중문.줄눈,25.03.29,"['2년이내', '방네개이상', '화장실두개', '고층']",남서향,7684298.000929801
경기도,오산시,탑동,오산세교한신더휴,전세,2210동,2/25,300000000,129.06,NONE,아이들키우기좋은 필로티.정원뷰.시에5대.주방스타일업.붙박이장1,25.03.29,"['2년이내', '방네개이상', '화장실두개', '세대당1대']",남동향,7684298.000929801
경기도,오산시,탑동,오산세교한신더휴,전세,2202동,12/25,340000000,129.06,NONE,,25.03.28,"['2년이내', '방세개', '화장실두개', '중층']",남동향,8708871.067720441
경기도,오산시,탑동,오산세교한신더휴,월세,2202동,16/25,1억/120,129.06,NONE,,25.03.28,"['2년이내', '방세개', '화장실두개', '중층']",남동향,
경기도,오산시,탑동,오산세교한신더휴,매매,2204동,저/25,556370000,129.06,NONE,앞뒤 전망좋은 로얄동 에어컨6대 ,25.03.27,"['2년이내', '방네개이상', '화장실두개', '세대당1대']",남동향,14251042.92925771
경기도,오산시,탑동,오산세교한신더휴,매매,2208동,10/25,562770000,129.06,NONE,조용한동 전망좋음 에어컨6대 발코니확장,25.03.27,"['2년이내', '확장형', '방네개이상', '화장실두개']",남서향,14414974.619944211
경기도,오산시,탑동,오산세교한신더휴,월세,2207동,고/25,"5,000/120",129.06,NONE,,25.03.26,"['2년이내', '방네개이상', '화장실두개', '고층']",남향,
경기도,오산시,탑동,오산세교한신더휴,전세,2203동,고/25,300000000,129.06,NONE,,25.03.26,"['2년이내', '방네개이상', '화장실두개', '고층']",남향,7684298.000929801
경기도,오산시,탑동,오산세교한신더휴,전세,2204동,중/25,300000000,129.06,NONE,,25.03.26,"['2년이내', '방네개이상', '화장실두개', '중층']",남향,7684298.000929801
경기도,오산시,탑동,오산세교한신더휴,전세,2208동,저/25,330000000,129.06,NONE,조용한동 전망좋음 에어컨6대,25.03.24,"['2년이내', '방네개이상', '화장실두개', '세대당1대']",남서향,8452727.801022781
경기도,오산시,탑동,오산세교한신더휴,매매,2208동,19/25,583680000,129.06,NONE,조용한동 전망좋음 에어컨6대,25.03.23,"['2년이내', '방네개이상', '화장실두개', '고층']",남서향,14950570.19060902
경기도,오산시,탑동,오산세교한신더휴,월세,2202동,22/25,1억/80,109.98,NDOC1,"융자없음,완벽사전점검,전망최고 뻥뷰,풀에어컨,중문,쿡탑,최고급탄성코트",25.04.19,"['2년이내', '융자금없는', '방세개', '화장실두개']",남서향,
경기도,오산시,탑동,오산세교한신더휴,전세,2202동,3/25,290000000,109.98,NDOC1,예쁜정원뷰.에5대.주방스타일업.중문.저층이라 아이들 키우기 좋아요,25.04.19,"['2년이내', '방세개', '화장실두개', '세대당1대']",남서향,8716836.242953265
경기도,오산시,탑동,오산세교한신더휴,전세,2202동,6/25,290000000,109.98,NDOC1,햇빛잘드는 집o정원뷰o시스템에어컨등 옵션o매.물.접.수.중.,25.04.19,"['2년이내', '방세개', '화장실두개', '세대당1대']",남서향,8716836.242953265
경기도,오산시,탑동,오산세교한신더휴,전세,2202동,22/25,300000000,109.98,NDOC1,에5대.막힘없는 시원한뷰.중문.입주청소해줌.서두르세요.매.물.접.수.,25.04.19,"['2년이내', '방세개', '화장실두개', '고층']",남서향,9017416.803055102
경기도,오산시,탑동,오산세교한신더휴,전세,2209동,17/25,300000000,109.98,NDOC1,"막힘없이 시야 확장,붙박이장, 중문,한신더휴 현장접수.",25.04.12,"['2년이내', '융자금없는', '방세개', '화장실두개']",남동향,9017416.803055102
경기도,오산시,탑동,오산세교한신더휴,전세,2201동,15/25,280000000,109.98,NDOC1,"눈부신집,로얄동,로얄층,현장방문 앞.매.물.접수,융자없음",25.04.09,"['2년이내', '융자금없는', '방세개', '화장실두개']",남서향,8416255.682851428
경기도,오산시,탑동,오산세교한신더휴,월세,2209동,20/25,"3,000/130",109.98,DOC,"시스템에어컨풀설치, 주방스타일업  전기오븐, 식기세척기, 비데 옵션",25.04.15,"['2년이내', '방세개', '화장실두개', '고층']",남동향,
경기도,오산시,탑동,오산세교한신더휴,월세,2202동,고/25,"3,000/130",109.98,DOC,"시스템에어컨5, 비데2, 귀한84a타입, 전망 좋음, 신축아파트 로얄층.",25.04.18,"['2년이내', '방세개', '화장실두개', '고층']",남서향,
경기도,오산시,탑동,오산세교한신더휴,월세,2209동,20/25,"3,000/130",109.98,DOC,"시스템에어컨5, 신축아파트로 로얄층, 전망 좋음, 귀한84a타입, ",25.04.10,"['2년이내', '방세개', '화장실두개', '고층']",남동향,
경기도,오산시,탑동,오산세교한신더휴,매매,2201동,19/25,580000000,109.98,NONE,"시스템 에어컨, 중문, 상판쿡탑, 식세기, 붙박이장, 협의가능",25.04.19,"['2년이내', '방세개', '화장실두개', '고층']",남동향,17433672.48590653
경기도,오산시,탑동,오산세교한신더휴,월세,2209동,20/25,"3,000/130",109.98,NONE,전망 굿 에어컨 풀 오븐 인덕션 식기세척기 붙박이장 주방스타일업,25.04.03,"['2년이내', '방세개', '화장실두개', '고층']",남서향,
경기도,오산시,탑동,오산세교한신더휴,전세,2209동,23/25,300000000,109.98,NONE,,25.03.28,"['2년이내', '방세개', '화장실두개', '고층']",남동향,9017416.803055102
경기도,오산시,탑동,오산세교한신더휴,전세,2202동,22/25,300000000,109.98,NONE,,25.03.28,"['2년이내', '방세개', '화장실두개', '고층']",남서향,9017416.803055102
경기도,오산시,탑동,오산세교한신더휴,전세,2202동,19/25,300000000,109.98,NONE,,25.03.28,"['2년이내', '방세개', '화장실두개', '고층']",남서향,9017416.803055102
경기도,오산시,탑동,오산세교한신더휴,전세,2202동,3/25,300000000,109.98,NONE,,25.03.28,"['2년이내', '방세개', '화장실두개', '세대당1대']",남서향,9017416.803055102
경기도,오산시,탑동,오산세교한신더휴,전세,2202동,저/25,300000000,109.98,NONE,전망나오는 환한 저층 강력추천,25.03.26,"['2년이내', '방세개', '화장실두개', '세대당1대']",남동향,9017416.803055102
경기도,오산시,탑동,오산세교한신더휴,전세,2205동,17/25,300000000,109.6,NDOC1,"넓은현관창고,에어컨5대, 전자 계.약.권.장.",25.04.19,"['2년이내', '방세개', '화장실두개', '고층']",남서향,9048681.569343066
경기도,오산시,탑동,오산세교한신더휴,전세,2203동,23/25,290000000,109.6,NDOC1,융무.뻥뷰.풀옵션.에어컨5대.현관중문.쿡탑.주방스타일업,25.04.18,"['2년이내', '방세개', '화장실두개', '고층']",남서향,8747058.850364964
경기도,오산시,탑동,오산세교한신더휴,매매,2205동,2/25,515000000,109.6,NDOC1,"에어컨5,귀한저층,뷰도좋아요,매.물.접.수.받.아.요",25.04.16,"['2년이내', '방세개', '화장실두개', '세대당1대']",남서향,15533570.027372265
경기도,오산시,탑동,오산세교한신더휴,전세,2205동,2/25,300000000,109.6,NDOC1,"에어컨5,귀한저층,뷰도좋아요,매.물.접.수.받.아.요",25.04.15,"['2년이내', '방세개', '화장실두개', '세대당1대']",남서향,9048681.569343066
경기도,오산시,탑동,오산세교한신더휴,전세,2205동,1/25,300000000,109.6,NDOC1,"뷰 좋은 귀한1층, 빠른선점, 시스템 에어컨풀,빠른입주시 파격조정",25.04.04,"['2년이내', '융자금없는', '1층', '방세개']",남서향,9048681.569343066
경기도,오산시,탑동,오산세교한신더휴,월세,2203동,고/25,"3,000/130",109.6,NDOC1,전망최고o층간소음 걱정끝 탑층o시스템에어컨등옵션o특급매물.,25.04.08,"['2년이내', '급매', '방세개', '화장실두개']",남서향,
경기도,오산시,탑동,오산세교한신더휴,전세,2205동,17/25,300000000,109.6,NONE,전망 베리굿 맞통풍 에어컨5대 쿡탑 비데,25.04.10,"['2년이내', '방세개', '화장실두개', '고층']",남서향,9048681.569343066
경기도,오산시,탑동,오산세교한신더휴,전세,2205동,2/25,300000000,109.6,NONE,거실앞 넓은 정원 에어컨5대 발코니확장,25.04.10,"['2년이내', '마당', '확장형', '방세개']",남서향,9048681.569343066
경기도,오산시,탑동,오산세교한신더휴,월세,2203동,25/25,"3,000/130",109.6,NONE,"에어컨5대,오븐, 탁트인뷰,한신더휴 정문앞 접수.",25.04.08,"['2년이내', '탑층', '방세개', '화장실두개']",남서향,
경기도,오산시,탑동,오산세교한신더휴,전세,2203동,10/25,260000000,109.6,NONE, 주방아일랜드가구.전기오븐.프라이팬서랍장.비데,25.04.07,"['2년이내', '방세개', '화장실두개', '중층']",남서향,7842190.6934306575
경기도,오산시,탑동,오산세교한신더휴,전세,2203동,고/25,290000000,109.6,NONE,전망 베리굿 맞통풍 중문 에어컨5대,25.04.01,"['2년이내', '방세개', '화장실두개', '고층']",남서향,8747058.850364964
경기도,오산시,탑동,오산세교한신더휴,전세,2205동,17/25,300000000,109.6,NONE," 막힘없는뻥뷰,시에5대,쿡탑,비데,엘베2대  매.물.접.수",25.03.30,"['2년이내', '방세개', '화장실두개', '고층']",남서향,9048681.569343066
경기도,오산시,탑동,오산세교한신더휴,전세,2203동,3/25,270000000,109.6,NONE,,25.03.28,"['2년이내', '방세개', '화장실두개', '세대당1대']",남서향,8143813.41240876
경기도,오산시,탑동,오산세교한신더휴,전세,2205동,2/25,350000000,109.6,NONE,,25.03.28,"['2년이내', '방세개', '화장실두개', '세대당1대']",남서향,10556795.164233578
경기도,오산시,탑동,오산세교한신더휴,월세,2206동,2/22,1억/80,97.67,NDOC1,"추천 뻥뷰,귀한 필로티,아기자기 아늑한집,에어컨 협의,융자무",25.04.19,"['2년이내', '융자금없는', '방세개', '화장실두개']",남동향,
경기도,오산시,탑동,오산세교한신더휴,월세,2201동,4/25,"3,000/100",97.67,NDOC1,월세인데 무융자o바로전입가능o매.물.접.수.받.아.요,25.04.19,"['2년이내', '융자금없는', '방세개', '화장실두개']",남향,
경기도,오산시,탑동,오산세교한신더휴,전세,2210동,13/25,265000000,97.67,NDOC1,"특급매물,에어컨4대,뷰가좋아요,선점하세요,구경오세요",25.04.19,"['2년이내', '융자금없는', '급매', '방세개']",남서향,8969315.296406265
경기도,오산시,탑동,오산세교한신더휴,매매,2206동,10/22,473770000,97.67,NDOC1,"시야확장막힘없는공원뷰,귀한74타입,직접보러오세요.",25.04.12,"['2년이내', '방세개', '화장실두개', '중층']",남동향,16035443.426333573
경기도,오산시,탑동,오산세교한신더휴,매매,2209동,2/25,414360000,97.67,NDOC1,"에어컨풀,근린상가가까운동, 남서뷰,한신더휴 앞 현장접수",25.04.11,"['2년이내', '방세개', '화장실두개', '세대당1대']",남서향,14024624.476297738
경기도,오산시,탑동,오산세교한신더휴,매매,2206동,16/22,490000000,97.67,NDOC1,"뻥뷰, 조용한동  다 갖춘 선점기회,조정가능, 시스템 에어컨2 ,중문",25.04.09,"['2년이내', '방세개', '화장실두개', '고층']",남동향,16584771.680147436
경기도,오산시,탑동,오산세교한신더휴,월세,2209동,12/25,"2,000/130",97.67,NDOC1,"해잘들어오는집,남서뷰,근린상가 편의동,한신더휴 정문앞 접수.",25.04.07,"['2년이내', '방세개', '화장실두개', '중층']",남서향,
경기도,오산시,탑동,오산세교한신더휴,월세,2207동,저/25,"3,000/110",97.67,NDOC1,"실사진 참고, 밝고환한 뷰맛집, 5월입주가능",25.04.14,"['2년이내', '방세개', '화장실두개', '세대당1대']",남서향,
경기도,오산시,탑동,오산세교한신더휴,매매,2210동,중/25,458000000,97.67,NDOC1,정원뷰 FULL에어컨 동간거리 넓음,25.04.09,"['2년이내', '방세개', '화장실두개', '중층']",남동향,15501684.550015358
경기도,오산시,탑동,오산세교한신더휴,전세,2210동,13/25,265000000,97.67,NONE,환하고 아늑한 세대. 시스템에어컨 4대. 신혼부부 추.천,25.04.19,"['2년이내', '방세개', '화장실두개', '중층']",남서향,8969315.296406265
경기도,오산시,탑동,오산세교한신더휴,매매,2206동,10/22,473760000,97.67,NONE,전망아주좋음 발코니확장 에어컨 풀 중문까지,25.04.04,"['2년이내', '확장형', '방세개', '화장실두개']",남동향,16035104.961605405
경기도,오산시,탑동,오산세교한신더휴,매매,2210동,저/25,419960000,97.67,NONE, 저렴한 분양가 풀에어컨 옵션 ,25.04.01,"['2년이내', '방세개', '화장실두개', '세대당1대']",남서향,14214164.72407085
경기도,오산시,탑동,오산세교한신더휴,월세,2207동,저/25,"4,000/100",97.67,NONE,수납가구 펜트리 에어컨4 주방 업그레이드,25.03.27,"['2년이내', '방세개', '화장실두개', '세대당1대']",남동향,
경기도,오산시,탑동,오산세교한신더휴,매매,2210동,중/25,456470000,97.67,NONE,조용한동 판상형4베이 융자무,25.03.24,"['2년이내', '방세개', '화장실두개', '중층']",남서향,15449899.446605919
경기도,오산시,탑동,오산세교한신더휴,전세,2206동,4/22,350000000,129.06,NDOC1,"커뮤니티가까운동,에어컨6대,뻥뷰,전.자.계.약.권장",25.04.19,"['2년이내', '융자금없는', '방네개이상', '화장실두개']",남동향,8965014.334418101
경기도,오산시,탑동,오산세교한신더휴,월세,2208동,20/25,"3,000/120",129.06,NDOC1,"탁트인뷰, 에어컨6대,전.자.계.약. 권장",25.04.19,"['2년이내', '방네개이상', '화장실두개', '고층']",남서향,
경기도,오산시,탑동,오산세교한신더휴,매매,2210동,2/25,539570000,129.06,NDOC1,"모든편의시설 가까운 로얄동,필로티 해.방 전.자.계.약.권장",25.04.19,"['2년이내', '방네개이상', '화장실두개', '세대당1대']",남동향,13820722.24120564
경기도,오산시,탑동,오산세교한신더휴,전세,2207동,12/25,300000000,129.06,NDOC1,"휴정원 커뮤니티 근접동,내집앞정원,전.자.계.약.권장",25.04.19,"['2년이내', '마당', '방네개이상', '화장실두개']",남서향,7684298.000929801
경기도,오산시,탑동,오산세교한신더휴,전세,2204동,15/25,280000000,129.06,NDOC1,"에어컨6대,중문,침실1,2붙박이장 설치예정.전.자.계.약.권장",25.04.19,"['2년이내', '융자금없는', '방네개이상', '화장실두개']",남동향,7172011.467534481
경기도,오산시,탑동,오산세교한신더휴,전세,2206동,19/22,300000000,129.06,NDOC1,"에어컨6대,조정가능,키즈클럽 근접동 육아 만점,전.자.계.약.권장",25.04.19,"['2년이내', '방네개이상', '화장실두개', '고층']",남동향,7684298.000929801
경기도,오산시,탑동,오산세교한신더휴,월세,2202동,16/25,"3,000/130",129.06,NDOC1,"반전세,조정가능,버스정류장3분컷,전.자.계.약.권장",25.04.19,"['2년이내', '방네개이상', '화장실두개', '중층']",남동향,
경기도,오산시,탑동,오산세교한신더휴,전세,2210동,6/25,290000000,129.06,NDOC1,휴정원뷰  커뮤니티 이용편리 정문근접동 시에5대,25.04.19,"['2년이내', '융자금없는', '방네개이상', '화장실두개']",남동향,7428154.73423214
경기도,오산시,탑동,오산세교한신더휴,월세,2208동,3/25,"3,000/135",129.06,NDOC1,후문근접동  엘베2대. 정원뷰 공부방강추.에어컨6대. 애완동물x,25.04.19,"['2년이내', '방네개이상', '화장실두개', '세대당1대']",남서향,
경기도,오산시,탑동,오산세교한신더휴,전세,2203동,4/25,320000000,129.06,NDOC1,"뻥뷰,풀옵에어컨,신축 깨끗하고 포근한집,현장 앞.매.물.접수",25.04.19,"['2년이내', '융자금없는', '방네개이상', '화장실두개']",남동향,8196584.534325121
경기도,오산시,탑동,오산세교한신더휴,전세,2202동,5/25,330000000,129.06,NDOC1,"뻥뷰,로얄동,풀에어컨,신축 깨끗하고 포근한집,현장 매.물.접수",25.04.19,"['2년이내', '융자금없는', '방세개', '화장실두개']",남동향,8452727.801022781
경기도,오산시,탑동,오산세교한신더휴,매매,2207동,19/25,620000000,129.06,NDOC1,"빠른거래시 조정가능 ,신축,로얄동,로얄층,휴정원뷰,현장 앞.매.물.접수",25.04.19,"['2년이내', '방네개이상', '화장실두개', '고층']",남서향,15880882.53525492
경기도,오산시,탑동,오산세교한신더휴,매매,2208동,10/25,562000000,129.06,NDOC1,"빠른선점,무피,풀에어컨,마실정원뷰,아늑한분위기",25.04.19,"['2년이내', '방네개이상', '화장실두개', '중층']",남서향,14395251.588408494
경기도,오산시,탑동,오산세교한신더휴,매매,2203동,19/25,573680000,129.06,NDOC1,시원한 고층뷰.로얄동로얄층.시에6대. 실거주 강.추,25.04.19,"['2년이내', '방네개이상', '화장실두개', '고층']",남동향,14694426.923911361
경기도,오산시,탑동,오산세교한신더휴,월세,2209동,25/25,"3,000/130",129.06,NDOC1,"1년단기,에어컨FULL,시원한뷰,4베이판상형,매.물.접.수.받.아.",25.04.19,"['2년이내', '탑층', '방세개', '화장실두개']",남향,
경기도,오산시,탑동,오산세교한신더휴,전세,2207동,5/25,300000000,129.06,NDOC1,가격착한 전세.안정적인 정원뷰.에어컨6대.서두르세요.매.물.접.수,25.04.19,"['2년이내', '방네개이상', '화장실두개', '세대당1대']",남서향,7684298.000929801
경기도,오산시,탑동,오산세교한신더휴,전세,2204동,3/25,350000000,129.06,NDOC1,"매.물.접.수.환.영,시에6,막힘없는트인뷰,기본옵션다수",25.04.19,"['2년이내', '방세개', '화장실두개', '세대당1대']",남동향,8965014.334418101
경기도,오산시,탑동,오산세교한신더휴,매매,2204동,3/25,566370000,129.06,NDOC1,"매.물.접.수.환.영,시에6,막힘없는트인뷰,기본옵션다수",25.04.19,"['2년이내', '방세개', '화장실두개', '세대당1대']",남동향,14507186.19595537
경기도,오산시,탑동,오산세교한신더휴,전세,2205동,3/25,320000000,129.06,NDOC1,"필로티2개층 위, 시스템에어컨FULL, 뻥뷰, 방 4개, 폭넓은 거실",25.04.19,"['2년이내', '융자금없는', '화장실두개', '방네개이상']",남동향,8196584.534325121
경기도,오산시,탑동,오산세교한신더휴,전세,2206동,18/22,330000000,129.06,NDOC1,"에어컨FULL,방4,뻥뷰,매.물.접.수.받.아.요",25.04.19,"['2년이내', '방세개', '화장실두개', '고층']",남서향,8452727.801022781
경기도,오산시,탑동,오산세교한신더휴,전세,2207동,15/25,310000000,129.06,NDOC1,"4룸,에어컨풀,뷰가너무좋아요,매.물.접.수.받.아.요",25.04.19,"['2년이내', '융자금없는', '방세개', '화장실두개']",남서향,7940441.26762746
경기도,오산시,탑동,오산세교한신더휴,전세,2206동,8/22,300000000,129.06,NDOC1,"에어컨FULL,방4,뻥뷰,매.물.접.수.받.아.요",25.04.19,"['2년이내', '방세개', '화장실두개', '중층']",남서향,7684298.000929801
경기도,오산시,탑동,오산세교한신더휴,전세,2207동,6/25,300000000,129.06,NDOC1,"에어컨6대,4룸,뷰가너무좋아요,구경오세요,매.물.접.수.받.아.요",25.04.19,"['2년이내', '방세개', '화장실두개', '세대당1대']",남서향,7684298.000929801
경기도,오산시,탑동,오산세교한신더휴,전세,2202동,16/25,300000000,129.06,NDOC1,"뷰끝내줘요,에어컨FULL,뻥뷰,매.물.접.수.받.아.요",25.04.19,"['2년이내', '방세개', '화장실두개', '중층']",남동향,7684298.000929801
경기도,오산시,탑동,오산세교한신더휴,매매,2202동,6/25,562590000,129.06,NDOC1,"등기후매매,무피,에어컨FULL,뻥뷰,매.물.접.수.받.아.요",25.04.19,"['2년이내', '방세개', '화장실두개', '세대당1대']",남동향,14410364.041143656
경기도,오산시,탑동,오산세교한신더휴,월세,2210동,19/25,"3,000/150",129.06,NDOC1,"에어컨6대,뻥뷰,커뮤니티근접동,전.자.계.약.권장",25.04.18,"['2년이내', '방네개이상', '화장실두개', '고층']",남동향,
경기도,오산시,탑동,오산세교한신더휴,월세,2208동,24/25,"5,000/150",129.06,NDOC1,동간거리넓은 맞통풍  FULL에어컨 조정가능,25.04.18,"['2년이내', '방네개이상', '화장실두개', '고층']",남서향,
경기도,오산시,탑동,오산세교한신더휴,전세,2208동,7/25,300000000,129.06,NDOC1,동간거리 넓고 채광 좋은집 풀 에어컨 발코니 확장,25.04.18,"['2년이내', '확장형', '방네개이상', '화장실두개']",남서향,7684298.000929801
경기도,오산시,탑동,오산세교한신더휴,전세,2204동,3/25,300000000,129.06,NDOC1,"Mint, 뻥뷰 전면동 찾는다면, 시스템에어컨, 안정적인  뷰",25.04.18,"['2년이내', '방네개이상', '화장실두개', '세대당1대']",남서향,7684298.000929801
경기도,오산시,탑동,오산세교한신더휴,매매,2206동,4/22,571770000,129.06,NDOC1,아늑한뷰나와요 시스템에어컨6대,25.04.18,"['2년이내', '방네개이상', '화장실두개', '세대당1대']",남서향,14645503.559972107
경기도,오산시,탑동,오산세교한신더휴,매매,2203동,5/25,572780000,129.06,NDOC1,"막힘없는 뷰, 수납 좋은 집",25.04.18,"['2년이내', '방네개이상', '화장실두개', '세대당1대']",남동향,14671374.029908571
경기도,오산시,탑동,오산세교한신더휴,전세,2210동,19/25,350000000,129.06,NDOC1,"에어컨FULL,뻥뷰,너무좋아요,매.물.접.수.받.아.요",25.04.18,"['2년이내', '방세개', '화장실두개', '고층']",남동향,8965014.334418101
경기도,오산시,탑동,오산세교한신더휴,매매,2208동,7/25,563000000,129.06,NDOC1,"에어컨6대,안정감있어요,방4,매.물.접.수.받.아.요",25.04.18,"['2년이내', '방세개', '화장실두개', '세대당1대']",남서향,14420865.915078258
경기도,오산시,탑동,오산세교한신더휴,전세,2207동,25/25,400000000,129.06,NDOC1,시스템에어콘완비.학세권 삶이편해요,25.04.18,"['2년이내', '탑층', '방네개이상', '화장실두개']",남서향,10245730.6679064
경기도,오산시,탑동,오산세교한신더휴,월세,2207동,21/25,1억/120,129.06,NDOC1,"풀옵션,풀인테리어,에6,쿡탑,식세기,오븐,현장 앞.매.물.접수",25.04.17,"['2년이내', '방네개이상', '화장실두개', '고층']",남서향,
경기도,오산시,탑동,오산세교한신더휴,전세,2204동,2/25,250000000,129.06,NDOC1,"반전세가능,탁트인뷰,에어컨6대,한신더휴 정문앞 접수.",25.04.17,"['2년이내', '방네개이상', '화장실두개', '세대당1대']",남동향,6403581.6674415
경기도,오산시,탑동,오산세교한신더휴,전세,2204동,12/25,350000000,129.06,NDOC1,,25.04.17,"['2년이내', '방네개이상', '화장실두개', '중층']",남동향,8965014.334418101
경기도,오산시,탑동,오산세교한신더휴,매매,2205동,6/25,562770000,129.06,NDOC1,조망좋은집 강추 로얄동,25.04.17,"['2년이내', '방네개이상', '화장실두개', '세대당1대']",남동향,14414974.619944211
경기도,오산시,탑동,오산세교한신더휴,월세,2202동,14/25,"3,000/130",129.06,NDOC1,"뷰끝내줘요,에어컨FULL,뻥뷰,매.물.접.수.받.아.요",25.04.17,"['2년이내', '방세개', '화장실두개', '중층']",남동향,
경기도,오산시,탑동,오산세교한신더휴,전세,2205동,5/25,300000000,129.06,NDOC1,에어컨6대o뻥뷰o주인분좋아요o방4o매.물.접.수.받.아.요,25.04.17,"['2년이내', '방세개', '화장실두개', '세대당1대']",남동향,7684298.000929801
경기도,오산시,탑동,오산세교한신더휴,전세,2203동,19/25,300000000,129.06,NDOC1,시스템에어컨 완벽설치 빠른입주가능,25.04.17,"['2년이내', '방네개이상', '화장실두개', '고층']",남동향,7684298.000929801
경기도,오산시,탑동,오산세교한신더휴,매매,2202동,11/25,561880000,129.06,NDOC1,"무피,에어컨5대,굿뷰, 신축 포근한집,현장 매.물.접수",25.04.16,"['2년이내', '방네개이상', '화장실두개', '중층']",남동향,14392177.869208122
경기도,오산시,탑동,오산세교한신더휴,매매,2202동,7/25,568770000,129.06,NDOC1,등기후매매 시에FULL6대.채광굿.정문인접동 매.물.접.수,25.04.16,"['2년이내', '방네개이상', '화장실두개', '세대당1대']",남동향,14568660.579962807
경기도,오산시,탑동,오산세교한신더휴,매매,2210동,22/25,572470000,129.06,NDOC1,"에어컨FULL,뻥뷰,너무좋아요,매.물.접.수.받.아.요",25.04.16,"['2년이내', '방세개', '화장실두개', '고층']",남동향,14663433.588640943
경기도,오산시,탑동,오산세교한신더휴,매매,2207동,12/25,556270000,129.06,NDOC1,"등기후매매,4룸,뷰가너무좋아요,강추,매.물.접.수.받.아.요",25.04.16,"['2년이내', '방세개', '화장실두개', '중층']",남서향,14248481.496590734
경기도,오산시,탑동,오산세교한신더휴,전세,2210동,11/25,300000000,129.06,NDOC1,"에어컨FULL,뻥뷰,너무좋아요,매.물.접.수.받.아.요",25.04.16,"['2년이내', '방세개', '화장실두개', '중층']",남동향,7684298.000929801
경기도,오산시,탑동,오산세교한신더휴,전세,2210동,25/25,350000000,129.06,NDOC1,"풀에,붙박이2개,중문,줄눈,탄성,장식장,중문,빠른입주조정가능",25.04.15,"['2년이내', '융자금없는', '탑층', '방네개이상']",남동향,8965014.334418101
경기도,오산시,탑동,오산세교한신더휴,전세,2204동,15/25,300000000,129.06,NDOC1,"에어컨FULL,방4,뻥뷰,매.물.접.수.받.아.요",25.04.15,"['2년이내', '방세개', '화장실두개', '중층']",남동향,7684298.000929801
경기도,오산시,탑동,오산세교한신더휴,전세,2210동,2/25,300000000,129.06,NDOC1,"필로티2층,급매,안정감있어요,너무좋아요,매.물.접.수.받.아.요",25.04.15,"['2년이내', '급매', '필로티', '방세개']",남동향,7684298.000929801
경기도,오산시,탑동,오산세교한신더휴,매매,2202동,2/25,541470000,129.06,NDOC1,귀한 매물입니다 가리는것 없는 전면뷰  시스템에어컨6대,25.04.15,"['2년이내', '방네개이상', '화장실두개', '세대당1대']",남동향,13869389.461878197
경기도,오산시,탑동,오산세교한신더휴,월세,2206동,6/22,"3,000/150",129.06,NDOC1,"에어컨6대,커뮤니티근접동,한신더휴 바로앞 접수.",25.04.14,"['2년이내', '방네개이상', '화장실두개', '세대당1대']",남서향,
경기도,오산시,탑동,오산세교한신더휴,월세,2210동,6/25,"3,000/130",129.06,NDOC1,정원뷰 FULL에어컨 동간거리 넓음,25.04.14,"['2년이내', '방네개이상', '화장실두개', '세대당1대']",남서향,
경기도,오산시,탑동,오산세교한신더휴,전세,2203동,19/25,300000000,129.06,NDOC1,"에어컨6,뷰가너무좋아요,구경오세요,매.물.접.수.받.아.요",25.04.14,"['2년이내', '방세개', '화장실두개', '고층']",남동향,7684298.000929801
경기도,오산시,탑동,오산세교한신더휴,월세,2205동,15/25,"5,000/130",129.06,NDOC1,에어컨5 쿡탑 오븐프라이팬서랍장 붙박이장1 팬트리방 중문 비데,25.04.12,"['2년이내', '방네개이상', '화장실두개', '중층']",남동향,
경기도,오산시,탑동,오산세교한신더휴,매매,2206동,15/22,592770000,129.06,NDOC1,"에어컨FULL,방4,뻥뷰,매.물.접.수.받.아.요",25.04.12,"['2년이내', '방세개', '화장실두개', '고층']",남서향,15183404.420037191
경기도,오산시,탑동,오산세교한신더휴,매매,2205동,10/25,572770000,129.06,NDOC1,"에어컨FULL,뷰가너무좋아요,매.물.접.수.받.아.요",25.04.12,"['2년이내', '방세개', '화장실두개', '중층']",남동향,14671117.886641873
경기도,오산시,탑동,오산세교한신더휴,매매,2208동,2/25,559670000,129.06,NDOC1,"필로티2층,옵션최상,에어컨풀,주방스타일업,쿡탑,매.물.접.수.받.아.",25.04.12,"['2년이내', '필로티', '방세개', '화장실두개']",남향,14335570.207267938
경기도,오산시,탑동,오산세교한신더휴,매매,2203동,12/25,579570000,129.06,NDOC1,"에어컨FULL,완벽뷰,주방스타일업,중문,매.물.접.수.받.아.요",25.04.12,"['2년이내', '방세개', '화장실두개', '중층']",남동향,14845295.307996282
경기도,오산시,탑동,오산세교한신더휴,매매,2204동,15/25,594800000,129.06,NDOC1,"에어컨FULL,방4,뻥뷰,매.물.접.수.받.아.요",25.04.12,"['2년이내', '방세개', '화장실두개', '중층']",남동향,15235401.503176818
경기도,오산시,탑동,오산세교한신더휴,매매,2206동,18/22,573670000,129.06,NDOC1,"에어컨FULL,방4,뻥뷰,매.물.접.수.받.아.요",25.04.12,"['2년이내', '방세개', '화장실두개', '고층']",남서향,14694170.780644663
경기도,오산시,탑동,오산세교한신더휴,전세,2210동,9/25,320000000,129.06,NDOC1,"에어컨FULL,중문,탄성,줄눈,뻥뷰,매.물.접.수.받.아.요",25.04.12,"['2년이내', '방세개', '화장실두개', '중층']",남동향,8196584.534325121
경기도,오산시,탑동,오산세교한신더휴,전세,2203동,21/25,300000000,129.06,NDOC1,"에어컨6,뷰가너무좋아요,조정가능해요,매.물.접.수.받.아.요",25.04.12,"['2년이내', '방세개', '화장실두개', '고층']",남동향,7684298.000929801
경기도,오산시,탑동,오산세교한신더휴,전세,2203동,15/25,350000000,129.06,NDOC1,"에어컨FULL,뷰가너무좋아요,매.물.접.수.받.아.요",25.04.12,"['2년이내', '방세개', '화장실두개', '중층']",남동향,8965014.334418101
경기도,오산시,탑동,오산세교한신더휴,전세,2208동,21/25,350000000,129.06,NDOC1,"에어컨6대,안정감있어요,방4,매.물.접.수.받.아.요",25.04.12,"['2년이내', '방세개', '화장실두개', '고층']",남서향,8965014.334418101
경기도,오산시,탑동,오산세교한신더휴,전세,2205동,7/25,350000000,129.06,NDOC1,"에어컨FULL,주방장식장,붙박이장,완벽뷰,매.물.접.수.받.아.요",25.04.12,"['2년이내', '방세개', '화장실두개', '세대당1대']",남동향,8965014.334418101
경기도,오산시,탑동,오산세교한신더휴,전세,2206동,11/22,320000000,129.06,NDOC1,"에어컨FULL,방4,뻥뷰,매.물.접.수.받.아.요",25.04.12,"['2년이내', '방세개', '화장실두개', '중층']",남서향,8196584.534325121
경기도,오산시,탑동,오산세교한신더휴,매매,2202동,중/25,582500000,129.06,NDOC1,"무피,에어컨5대,굿뷰, 신축 포근한집,현장 매.물.접수",25.04.17,"['2년이내', '방네개이상', '화장실두개', '중층']",남동향,14920345.285138695
경기도,오산시,탑동,오산세교한신더휴,매매,2205동,4/25,599170000,129.06,NDOC1,가리는것 없는 아늑한 뷰 커뮤니티 시설 가까워요 시스템에어컨3대,25.04.11,"['2년이내', '방세개', '화장실두개', '세대당1대']",남동향,15347336.110723695
경기도,오산시,탑동,오산세교한신더휴,전세,2204동,20/25,300000000,129.06,NDOC1,뷰좋은 로얄동로얄층  시스템에어컨 6대,25.04.11,"['2년이내', '융자금없는', '방네개이상', '화장실두개']",남동향,7684298.000929801
경기도,오산시,탑동,오산세교한신더휴,월세,2204동,21/25,"3,000/150",129.06,NDOC1,"시스템에어컨6대,중문,탄성,줄눈 진행예정,트인뷰로 시원함",25.04.11,"['2년이내', '방세개', '화장실두개', '고층']",남동향,
경기도,오산시,탑동,오산세교한신더휴,월세,2204동,20/25,"2,000/150",129.06,NDOC1,뷰좋은 로얄동로얄층  시스템에어컨 6대,25.04.10,"['2년이내', '융자금없는', '방네개이상', '화장실두개']",남동향,
경기도,오산시,탑동,오산세교한신더휴,전세,2207동,6/25,330000000,129.06,NDOC1,"에어컨 6대 확장 옵션 협의가능 ,로얄동 뷰 좋아요 매.물.접,수,",25.04.10,"['2년이내', '방세개', '화장실두개', '세대당1대']",남동향,8452727.801022781
경기도,오산시,탑동,오산세교한신더휴,매매,2205동,4/25,566300000,129.06,NDOC1,"에어컨 6대 확장,무피, 펜트리,아일랜드장,드레스룸",25.04.10,"['2년이내', '방세개', '화장실두개', '세대당1대']",남동향,14505393.193088485
경기도,오산시,탑동,오산세교한신더휴,매매,2202동,5/25,620000000,129.06,NDOC1,"협의가능,풀에어컨,굿뷰, 신축 포근한집,현장 매.물.접수",25.04.09,"['2년이내', '방네개이상', '화장실두개', '세대당1대']",남동향,15880882.53525492
경기도,오산시,탑동,오산세교한신더휴,전세,2208동,20/25,350000000,129.06,NDOC1,신축첫입주.방4개.큰평형.풀시스템에어컨.예쁜판상형,25.04.09,"['2년이내', '방세개', '화장실두개', '고층']",남서향,8965014.334418101
경기도,오산시,탑동,오산세교한신더휴,전세,2204동,22/25,300000000,129.06,NDOC1,"옵션최상,에어컨FULL,주방장식장,욕실비데,구경하는집,강추",25.04.09,"['2년이내', '방세개', '화장실두개', '고층']",남동향,7684298.000929801
경기도,오산시,탑동,오산세교한신더휴,전세,2204동,14/25,300000000,129.06,NDOC1,"탁트인뷰,에어컨6대,주방스타일업,중문,한신더휴 정문앞 접수.",25.04.08,"['2년이내', '융자금없는', '방네개이상', '화장실두개']",남동향,7684298.000929801
경기도,오산시,탑동,오산세교한신더휴,전세,2202동,18/25,350000000,129.06,NDOC1,"시스템에어컨 FULL, 드레스룸, 화장대, 시원한 뻥뷰, 방 4개",25.04.08,"['2년이내', '방네개이상', '화장실두개', '고층']",남동향,8965014.334418101
경기도,오산시,탑동,오산세교한신더휴,매매,2210동,24/25,564360000,129.06,NDOC1,"신축 84타입,로열층,남동, 즉시입주가능, 마이너스피 매매, 탁 트인",25.04.08,"['2년이내', '방세개', '화장실두개', '고층']",남동향,14455701.399349142
경기도,오산시,탑동,오산세교한신더휴,전세,2207동,5/25,330000000,129.06,NDOC1,"굿인테리어,알파룸 원목인테리어, 풀에어컨,중문,빠른입주 조정가능",25.04.07,"['2년이내', '융자금없는', '방네개이상', '화장실두개']",남서향,8452727.801022781
경기도,오산시,탑동,오산세교한신더휴,매매,2202동,8/25,547300000,129.06,DOC,"시스템엥콘완비,시원해서 좋아요.",25.04.18,"['2년이내', '방네개이상', '화장실두개', '세대당1대']",남동향,14018720.986362932
경기도,오산시,탑동,오산세교한신더휴,전세,2202동,8/25,300000000,129.06,DOC,시에6대.전면동으로 채광굿.금액조정가능. 매물.접수,25.04.17,"['2년이내', '방네개이상', '화장실두개', '세대당1대']",남동향,7684298.000929801
경기도,오산시,탑동,오산세교한신더휴,매매,2203동,19/25,582770000,129.06,NDOC1,"시스템에어컨 완벽설치 빠른입주가능, 엘베2대편리",25.04.07,"['2년이내', '방네개이상', '화장실두개', '고층']",남동향,14927261.153339533
경기도,오산시,탑동,오산세교한신더휴,전세,2207동,23/25,350000000,129.06,NDOC1,시에5대.동간거리 넓어 시원한 고층뷰  채광굿. 매.물.접.수,25.04.05,"['2년이내', '방네개이상', '화장실두개', '고층']",남서향,8965014.334418101
경기도,오산시,탑동,오산세교한신더휴,월세,2207동,23/25,"5,000/150",129.06,NDOC1,에어컨5대. 동간거리 넓은 고층 뻥뷰 .채광굿. 매.물.접수.,25.04.05,"['2년이내', '방네개이상', '화장실두개', '고층']",남동향,
경기도,오산시,탑동,오산세교한신더휴,월세,2202동,18/25,"3,000/150",129.06,NDOC1,"시스템에어컨 FULL, 드레스룸, 화장대, 시원한 뻥뷰, 방 4개",25.04.05,"['2년이내', '방네개이상', '화장실두개', '고층']",남동향,
경기도,오산시,탑동,오산세교한신더휴,매매,2206동,3/22,546380000,129.06,NDOC1,무피.등기후매매 시에6대  아늑하고 안정감있는층 실거주.추.천 선.점,25.04.02,"['2년이내', '방네개이상', '화장실두개', '세대당1대']",남서향,13995155.805826748
경기도,오산시,탑동,오산세교한신더휴,전세,2205동,6/25,400000000,129.06,NDOC1,중대형평형 확장형 넓은집,25.04.02,"['2년이내', '대형평수', '방네개이상', '화장실두개']",남동향,10245730.6679064
경기도,오산시,탑동,오산세교한신더휴,매매,2207동,16/25,589700000,129.06,NDOC1,"풀에어컨,조정가능,현장앞 방문 매.물.접수 연휴오픈",25.03.31,"['2년이내', '방네개이상', '화장실두개', '중층']",남서향,15104768.437161012
경기도,오산시,탑동,오산세교한신더휴,매매,2206동,9/22,547300000,129.06,NDOC1,마피 1500 급매 정원뷰 FULL에어컨 동간거리 넓음,25.03.31,"['2년이내', '급매', '방네개이상', '화장실두개']",남서향,14018720.986362932
경기도,오산시,탑동,오산세교한신더휴,전세,2208동,2/25,400000000,129.06,NDOC1,"단지중앙동, 커뮤니티 이용편리,시스템에어컨",25.03.31,"['2년이내', '방네개이상', '화장실두개', '세대당1대']",남서향,10245730.6679064
경기도,오산시,탑동,오산세교한신더휴,월세,2205동,14/25,"3,000/140",129.06,MOBL,"대박나는 뷰,선호동,풀에어컨,중문,전월세 협의가능",25.03.28,"['2년이내', '방네개이상', '화장실두개', '중층']",남동향,
경기도,오산시,탑동,오산세교한신더휴,월세,2206동,8/22,"3,000/140",129.06,NDOC1,"조용하고쾌적한동,풀에어컨,중문,빠른입주 조정가능,현장.앞. 매.물.접수",25.03.29,"['2년이내', '방네개이상', '화장실두개', '중층']",남서향,
경기도,오산시,탑동,오산세교한신더휴,매매,2207동,3/25,556380000,129.06,DOC,"급매,동간거리 굿,깨끗하고 아늑한집",25.04.07,"['2년이내', '급매', '방네개이상', '화장실두개']",남서향,14251299.072524408
경기도,오산시,탑동,오산세교한신더휴,전세,2208동,20/25,310000000,129.06,NDOC1,"빠른입주 파격조정, 마실정원뷰,풀에어컨,중문협의",25.03.27,"['2년이내', '방네개이상', '화장실두개', '고층']",남서향,7940441.26762746
경기도,오산시,탑동,오산세교한신더휴,월세,2207동,18/25,"3,000/130",129.06,DOC,"에어컨 6대, 펜트리,드레스룸,아일랜드장 ,뷰좋아요",25.04.07,"['2년이내', '방네개이상', '화장실두개', '고층']",남동향,
경기도,오산시,탑동,오산세교한신더휴,매매,2204동,14/25,582770000,129.06,NDOC1,"에어컨풀,뷰가너무좋아요,강추,선점하세요,매.물.접.수.받.아.요",25.03.27,"['2년이내', '방세개', '화장실두개', '중층']",남동향,14927261.153339533
경기도,오산시,탑동,오산세교한신더휴,매매,2208동,저/25,532770000,129.06,NDOC1,"특급매물,너무좋아요,뻥뷰,강추,집볼수있어요,매.물.접.수.받.아.요",25.04.02,"['2년이내', '급매', '방세개', '화장실두개']",남서향,13646544.819851233
경기도,오산시,탑동,오산세교한신더휴,전세,2206동,중/22,350000000,129.06,NDOC1,정원뷰 FULL에어컨 동간거리 넓음,25.03.31,"['2년이내', '방네개이상', '화장실두개', '중층']",남서향,8965014.334418101
경기도,오산시,탑동,오산세교한신더휴,전세,2208동,저/25,290000000,129.06,NDOC1,전원주택 같은 정원뷰 조용한 동 동간거리 아주넓음,25.03.31,"['2년이내', '방네개이상', '화장실두개', '세대당1대']",남서향,7428154.73423214
경기도,오산시,탑동,오산세교한신더휴,전세,2202동,12/25,350000000,129.06,NDOC1,로얄층 로얄동 쾌적한 넓은 평형 시스템에어컨6대,25.03.25,"['2년이내', '방세개', '화장실두개', '중층']",남동향,8965014.334418101
경기도,오산시,탑동,오산세교한신더휴,전세,2205동,22/25,350000000,129.06,NDOC1,전망끝내줌  발코니 확장 에어컨5대,25.03.24,"['2년이내', '확장형', '방네개이상', '화장실두개']",남동향,8965014.334418101
경기도,오산시,탑동,오산세교한신더휴,전세,2204동,고/25,330000000,129.06,DOC,,25.04.10,"['2년이내', '융자금없는', '방네개이상', '화장실두개']",남동향,8452727.801022781
경기도,오산시,탑동,오산세교한신더휴,월세,2208동,20/25,"3,000/135",129.06,NDOC1,,25.03.22,"['2년이내', '방네개이상', '화장실두개', '고층']",남서향,
경기도,오산시,탑동,오산세교한신더휴,전세,2207동,21/25,350000000,129.06,NDOC1,"모두 다 갖춘 풀 옵션, 고급 인테리어 최상의 컨디션 ,전 월세 조정가능",25.03.22,"['2년이내', '방네개이상', '화장실두개', '고층']",남서향,8965014.334418101
경기도,오산시,탑동,오산세교한신더휴,전세,2208동,8/25,350000000,129.06,NDOC1,동간거리넓은 맞통풍  FULL에어컨 조정가능,25.03.22,"['2년이내', '방네개이상', '화장실두개', '세대당1대']",남서향,8965014.334418101
경기도,오산시,탑동,오산세교한신더휴,월세,2202동,16/25,"3,000/150",129.06,NDOC1,"전면로얄동 시스템에어컨, 확트인뷰",25.03.22,"['2년이내', '방네개이상', '화장실두개', '중층']",남동향,
경기도,오산시,탑동,오산세교한신더휴,매매,2206동,16/22,573670000,129.06,DOC,고층 매매 강력추천,25.03.29,"['2년이내', '방네개이상', '화장실두개', '고층']",남서향,14694170.780644663
경기도,오산시,탑동,오산세교한신더휴,매매,2208동,중/25,583670000,129.06,DOC,무피 넓고 수납이 많아서 좋아요 로얄충,25.03.29,"['2년이내', '방네개이상', '화장실두개', '중층']",남향,14950314.047342323
경기도,오산시,탑동,오산세교한신더휴,전세,2210동,6/25,290000000,129.06,NONE,아늑한 정원뷰. 커뮤니티 이용편리 정문근접동 시에5대,25.04.20,"['2년이내', '방네개이상', '화장실두개', '세대당1대']",남동향,7428154.73423214
경기도,오산시,탑동,오산세교한신더휴,전세,2204동,15/25,280000000,129.06,NONE,저.렴.매물 로얄동로얄층.시에 6대. 중문 시원한 뻥뷰. 강.추,25.04.20,"['2년이내', '방네개이상', '화장실두개', '중층']",남동향,7172011.467534481
경기도,오산시,탑동,오산세교한신더휴,전세,2208동,21/25,350000000,129.06,NONE,실40 RR 뻥뷰 가든뷰 남서향 에어컨5대 금액협의가능,25.04.19,"['2년이내', '방네개이상', '화장실두개', '고층']",남서향,8965014.334418101
경기도,오산시,탑동,오산세교한신더휴,월세,2208동,18/25,"3,000/150",129.06,NONE,실40 RR 뻥뷰 가든뷰 남서향 에어컨5대 금액협의가능,25.04.19,"['2년이내', '방네개이상', '화장실두개', '고층']",남서향,
경기도,오산시,탑동,오산세교한신더휴,매매,2206동,중/22,532300000,129.06,NONE,,25.04.15,"['2년이내', '방네개이상', '화장실두개', '중층']",남서향,13634506.086316444
경기도,오산시,탑동,오산세교한신더휴,월세,2202동,16/25,1억/120,129.06,NONE,신축첫입주 방4 넓은집 월세 ,25.04.15,"['2년이내', '방네개이상', '화장실두개', '중층']",남동향,
경기도,오산시,탑동,오산세교한신더휴,월세,2207동,18/25,"5,000/120",129.06,NONE,실40 RR 뻥뷰 가든뷰 남서향 에어컨5대 금액협의가능,25.04.15,"['2년이내', '방네개이상', '화장실두개', '고층']",남서향,
경기도,오산시,탑동,오산세교한신더휴,전세,2203동,20/25,290000000,129.06,NONE,RR 뻥뷰 추천 시에6 풀옵션 신축 첫입주,25.04.15,"['2년이내', '방네개이상', '화장실두개', '고층']",남동향,7428154.73423214
경기도,오산시,탑동,오산세교한신더휴,전세,2203동,19/25,290000000,129.06,NONE,로얄동 로얄층 RR추천전세 추천매물 에어컨6대,25.04.15,"['2년이내', '방네개이상', '화장실두개', '고층']",남동향,7428154.73423214
경기도,오산시,탑동,오산세교한신더휴,전세,2206동,18/22,340000000,129.06,NONE,신축첫입주 방4 전세매물 연락주세요,25.04.15,"['2년이내', '방네개이상', '화장실두개', '고층']",남서향,8708871.067720441
경기도,오산시,탑동,오산세교한신더휴,월세,2204동,고/25,"2,000/150",129.06,NONE,방4 고층 제일저렴한 월세물건 연락주세요 ,25.04.15,"['2년이내', '방네개이상', '화장실두개', '고층']",남동향,
경기도,오산시,탑동,오산세교한신더휴,월세,2203동,저/25,"2,000/150",129.06,NONE,방4 고층 제일저렴한 월세물건 연락주세요 ,25.04.15,"['2년이내', '방네개이상', '화장실두개', '세대당1대']",남동향,
경기도,오산시,탑동,오산세교한신더휴,매매,2203동,저/25,510000000,129.06,NONE,신축첫입주 방4 제일저렴 분양가격 그대로 연락주세요,25.04.15,"['2년이내', '방세개', '화장실두개', '세대당1대']",남동향,13063306.60158066
경기도,오산시,탑동,오산세교한신더휴,월세,2203동,4/25,"1억 5,000/100",129.06,NONE,신축첫입주 방4 넓은집 월세 ,25.04.15,"['2년이내', '방세개', '화장실두개', '세대당1대']",남동향,
경기도,오산시,탑동,오산세교한신더휴,전세,2206동,4/22,340000000,129.06,NONE,신축첫입주 방4 넓은집 구경오세요,25.04.15,"['2년이내', '방네개이상', '화장실두개', '세대당1대']",남서향,8708871.067720441
경기도,오산시,탑동,오산세교한신더휴,전세,2202동,고/25,320000000,129.06,NONE,앞뒤 전망좋은 로얄동 풀 에어컨,25.04.10,"['2년이내', '방네개이상', '화장실두개', '고층']",남동향,8196584.534325121
경기도,오산시,탑동,오산세교한신더휴,월세,2202동,고/25,"3,000/130",129.06,NONE,앞뒤 전망좋은 로얄동 에어컨6대,25.04.10,"['2년이내', '방네개이상', '화장실두개', '고층']",남동향,
경기도,오산시,탑동,오산세교한신더휴,전세,2203동,저/25,320000000,129.06,NONE,"탁트인뷰, 아파트매매.전세.월세 구합니다. 신속처리",25.04.10,"['2년이내', '방세개', '화장실두개', '세대당1대']",남동향,8196584.534325121
경기도,오산시,탑동,오산세교한신더휴,월세,2206동,6/22,"3,000/150",129.06,NONE,풀 에어컨 동간거리 넓은 마당이 있는집,25.04.09,"['2년이내', '마당', '방네개이상', '화장실두개']",남서향,
경기도,오산시,탑동,오산세교한신더휴,전세,2208동,2/25,400000000,129.06,NONE,필로티2층 층간소음 무 에어컨 풀 냉장고 주방스타일업,25.04.08,"['2년이내', '필로티', '방네개이상', '화장실두개']",남서향,10245730.6679064
경기도,오산시,탑동,오산세교한신더휴,전세,2202동,5/25,330000000,129.06,NONE,앞뒤 전망좋은 로얄동 에어컨6대,25.04.01,"['2년이내', '방네개이상', '화장실두개', '세대당1대']",남동향,8452727.801022781
경기도,오산시,탑동,오산세교한신더휴,전세,2202동,저/25,300000000,129.06,NONE,시스템에어컨6대 베란닥 확장 뻥뷰입니다.,25.03.31,"['2년이내', '방세개', '화장실두개', '세대당1대']",남서향,7684298.000929801
경기도,오산시,탑동,오산세교한신더휴,매매,2205동,저/25,562770000,129.06,NONE,무피 추천매물,25.03.31,"['2년이내', '방네개이상', '화장실두개', '세대당1대']",남향,14414974.619944211
경기도,오산시,탑동,오산세교한신더휴,매매,2206동,고/22,573670000,129.06,NONE,무피 추천매물,25.03.31,"['2년이내', '방네개이상', '화장실두개', '고층']",남향,14694170.780644663
경기도,오산시,탑동,오산세교한신더휴,매매,2210동,고/25,571970000,129.06,NONE,마피1천 빌트인냉장고설치 붙박이장 별도설치,25.03.31,"['2년이내', '방네개이상', '화장실두개', '고층']",남향,14650626.425306058
경기도,오산시,탑동,오산세교한신더휴,전세,2202동,고/25,320000000,129.06,NONE,"로얄동 로얄층, 전망좋은 집",25.03.31,"['2년이내', '방네개이상', '화장실두개', '고층']",남향,8196584.534325121
경기도,오산시,탑동,오산세교한신더휴,전세,2206동,중/22,320000000,129.06,NONE,,25.03.31,"['2년이내', '방네개이상', '화장실두개', '중층']",남향,8196584.534325121
경기도,오산시,탑동,오산세교한신더휴,전세,2204동,고/25,300000000,129.06,NONE,,25.03.31,"['2년이내', '방네개이상', '화장실두개', '고층']",남향,7684298.000929801
경기도,오산시,탑동,오산세교한신더휴,전세,2202동,16/25,330000000,129.06,NONE,시에6대.시원한 뻥뷰 채광굿. 매.물.접.수,25.03.30,"['2년이내', '방네개이상', '화장실두개', '중층']",남동향,8452727.801022781
경기도,오산시,탑동,오산세교한신더휴,매매,2208동,7/25,563800000,129.06,NONE,4Bay판상형구조.채광좋아요.시에 6대,25.03.30,"['2년이내', '방네개이상', '화장실두개', '세대당1대']",남서향,14441357.376414074
경기도,오산시,탑동,오산세교한신더휴,매매,2202동,6/25,562780000,129.06,NONE,무피.등기후매매.시에6대.전면동으로 채광굿.,25.03.30,"['2년이내', '방네개이상', '화장실두개', '세대당1대']",남동향,14415230.763210911
경기도,오산시,탑동,오산세교한신더휴,매매,2207동,12/25,566270000,129.06,NONE,등기후매매.동간거리 굿 확장 고층뷰 선점하세요,25.03.30,"['2년이내', '방네개이상', '화장실두개', '중층']",남서향,14504624.763288395
경기도,오산시,탑동,오산세교한신더휴,전세,2206동,19/22,300000000,129.06,NONE,넓고 수납공간많은 99타입 개방감좋은 고층뷰.시스템에어컨6.중문.줄눈,25.03.29,"['2년이내', '방네개이상', '화장실두개', '고층']",남서향,7684298.000929801
경기도,오산시,탑동,오산세교한신더휴,전세,2210동,2/25,300000000,129.06,NONE,아이들키우기좋은 필로티.정원뷰.시에5대.주방스타일업.붙박이장1,25.03.29,"['2년이내', '방네개이상', '화장실두개', '세대당1대']",남동향,7684298.000929801
경기도,오산시,탑동,오산세교한신더휴,전세,2202동,12/25,340000000,129.06,NONE,,25.03.28,"['2년이내', '방세개', '화장실두개', '중층']",남동향,8708871.067720441
경기도,오산시,탑동,오산세교한신더휴,월세,2202동,16/25,1억/120,129.06,NONE,,25.03.28,"['2년이내', '방세개', '화장실두개', '중층']",남동향,
경기도,오산시,탑동,오산세교한신더휴,매매,2204동,저/25,556370000,129.06,NONE,앞뒤 전망좋은 로얄동 에어컨6대 ,25.03.27,"['2년이내', '방네개이상', '화장실두개', '세대당1대']",남동향,14251042.92925771
경기도,오산시,탑동,오산세교한신더휴,매매,2208동,10/25,562770000,129.06,NONE,조용한동 전망좋음 에어컨6대 발코니확장,25.03.27,"['2년이내', '확장형', '방네개이상', '화장실두개']",남서향,14414974.619944211
경기도,오산시,탑동,오산세교한신더휴,월세,2207동,고/25,"5,000/120",129.06,NONE,,25.03.26,"['2년이내', '방네개이상', '화장실두개', '고층']",남향,
경기도,오산시,탑동,오산세교한신더휴,전세,2203동,고/25,300000000,129.06,NONE,,25.03.26,"['2년이내', '방네개이상', '화장실두개', '고층']",남향,7684298.000929801
경기도,오산시,탑동,오산세교한신더휴,전세,2204동,중/25,300000000,129.06,NONE,,25.03.26,"['2년이내', '방네개이상', '화장실두개', '중층']",남향,7684298.000929801
경기도,오산시,탑동,오산세교한신더휴,전세,2208동,저/25,330000000,129.06,NONE,조용한동 전망좋음 에어컨6대,25.03.24,"['2년이내', '방네개이상', '화장실두개', '세대당1대']",남서향,8452727.801022781
경기도,오산시,탑동,오산세교한신더휴,매매,2208동,19/25,583680000,129.06,NONE,조용한동 전망좋음 에어컨6대,25.03.23,"['2년이내', '방네개이상', '화장실두개', '고층']",남서향,14950570.19060902
경기도,오산시,탑동,오산세교한신더휴,월세,2202동,22/25,1억/80,109.98,NDOC1,"융자없음,완벽사전점검,전망최고 뻥뷰,풀에어컨,중문,쿡탑,최고급탄성코트",25.04.19,"['2년이내', '융자금없는', '방세개', '화장실두개']",남서향,
경기도,오산시,탑동,오산세교한신더휴,전세,2202동,3/25,290000000,109.98,NDOC1,예쁜정원뷰.에5대.주방스타일업.중문.저층이라 아이들 키우기 좋아요,25.04.19,"['2년이내', '방세개', '화장실두개', '세대당1대']",남서향,8716836.242953265
경기도,오산시,탑동,오산세교한신더휴,전세,2202동,6/25,290000000,109.98,NDOC1,햇빛잘드는 집o정원뷰o시스템에어컨등 옵션o매.물.접.수.중.,25.04.19,"['2년이내', '방세개', '화장실두개', '세대당1대']",남서향,8716836.242953265
경기도,오산시,탑동,오산세교한신더휴,전세,2202동,22/25,300000000,109.98,NDOC1,에5대.막힘없는 시원한뷰.중문.입주청소해줌.서두르세요.매.물.접.수.,25.04.19,"['2년이내', '방세개', '화장실두개', '고층']",남서향,9017416.803055102
경기도,오산시,탑동,오산세교한신더휴,전세,2209동,17/25,300000000,109.98,NDOC1,"막힘없이 시야 확장,붙박이장, 중문,한신더휴 현장접수.",25.04.12,"['2년이내', '융자금없는', '방세개', '화장실두개']",남동향,9017416.803055102
경기도,오산시,탑동,오산세교한신더휴,전세,2201동,15/25,280000000,109.98,NDOC1,"눈부신집,로얄동,로얄층,현장방문 앞.매.물.접수,융자없음",25.04.09,"['2년이내', '융자금없는', '방세개', '화장실두개']",남서향,8416255.682851428
경기도,오산시,탑동,오산세교한신더휴,월세,2209동,20/25,"3,000/130",109.98,DOC,"시스템에어컨풀설치, 주방스타일업  전기오븐, 식기세척기, 비데 옵션",25.04.15,"['2년이내', '방세개', '화장실두개', '고층']",남동향,
경기도,오산시,탑동,오산세교한신더휴,월세,2202동,고/25,"3,000/130",109.98,DOC,"시스템에어컨5, 비데2, 귀한84a타입, 전망 좋음, 신축아파트 로얄층.",25.04.18,"['2년이내', '방세개', '화장실두개', '고층']",남서향,
경기도,오산시,탑동,오산세교한신더휴,월세,2209동,20/25,"3,000/130",109.98,DOC,"시스템에어컨5, 신축아파트로 로얄층, 전망 좋음, 귀한84a타입, ",25.04.10,"['2년이내', '방세개', '화장실두개', '고층']",남동향,
경기도,오산시,탑동,오산세교한신더휴,매매,2201동,19/25,580000000,109.98,NONE,"시스템 에어컨, 중문, 상판쿡탑, 식세기, 붙박이장, 협의가능",25.04.19,"['2년이내', '방세개', '화장실두개', '고층']",남동향,17433672.48590653
경기도,오산시,탑동,오산세교한신더휴,월세,2209동,20/25,"3,000/130",109.98,NONE,전망 굿 에어컨 풀 오븐 인덕션 식기세척기 붙박이장 주방스타일업,25.04.03,"['2년이내', '방세개', '화장실두개', '고층']",남서향,
경기도,오산시,탑동,오산세교한신더휴,전세,2209동,23/25,300000000,109.98,NONE,,25.03.28,"['2년이내', '방세개', '화장실두개', '고층']",남동향,9017416.803055102
경기도,오산시,탑동,오산세교한신더휴,전세,2202동,22/25,300000000,109.98,NONE,,25.03.28,"['2년이내', '방세개', '화장실두개', '고층']",남서향,9017416.803055102
경기도,오산시,탑동,오산세교한신더휴,전세,2202동,19/25,300000000,109.98,NONE,,25.03.28,"['2년이내', '방세개', '화장실두개', '고층']",남서향,9017416.803055102
경기도,오산시,탑동,오산세교한신더휴,전세,2202동,3/25,300000000,109.98,NONE,,25.03.28,"['2년이내', '방세개', '화장실두개', '세대당1대']",남서향,9017416.803055102
경기도,오산시,탑동,오산세교한신더휴,전세,2202동,저/25,300000000,109.98,NONE,전망나오는 환한 저층 강력추천,25.03.26,"['2년이내', '방세개', '화장실두개', '세대당1대']",남동향,9017416.803055102
경기도,오산시,탑동,오산세교한신더휴,전세,2205동,17/25,300000000,109.6,NDOC1,"넓은현관창고,에어컨5대, 전자 계.약.권.장.",25.04.19,"['2년이내', '방세개', '화장실두개', '고층']",남서향,9048681.569343066
경기도,오산시,탑동,오산세교한신더휴,전세,2203동,23/25,290000000,109.6,NDOC1,융무.뻥뷰.풀옵션.에어컨5대.현관중문.쿡탑.주방스타일업,25.04.18,"['2년이내', '방세개', '화장실두개', '고층']",남서향,8747058.850364964
경기도,오산시,탑동,오산세교한신더휴,매매,2205동,2/25,515000000,109.6,NDOC1,"에어컨5,귀한저층,뷰도좋아요,매.물.접.수.받.아.요",25.04.16,"['2년이내', '방세개', '화장실두개', '세대당1대']",남서향,15533570.027372265
경기도,오산시,탑동,오산세교한신더휴,전세,2205동,2/25,300000000,109.6,NDOC1,"에어컨5,귀한저층,뷰도좋아요,매.물.접.수.받.아.요",25.04.15,"['2년이내', '방세개', '화장실두개', '세대당1대']",남서향,9048681.569343066
경기도,오산시,탑동,오산세교한신더휴,전세,2205동,1/25,300000000,109.6,NDOC1,"뷰 좋은 귀한1층, 빠른선점, 시스템 에어컨풀,빠른입주시 파격조정",25.04.04,"['2년이내', '융자금없는', '1층', '방세개']",남서향,9048681.569343066
경기도,오산시,탑동,오산세교한신더휴,월세,2203동,고/25,"3,000/130",109.6,NDOC1,전망최고o층간소음 걱정끝 탑층o시스템에어컨등옵션o특급매물.,25.04.08,"['2년이내', '급매', '방세개', '화장실두개']",남서향,
경기도,오산시,탑동,오산세교한신더휴,전세,2205동,17/25,300000000,109.6,NONE,전망 베리굿 맞통풍 에어컨5대 쿡탑 비데,25.04.10,"['2년이내', '방세개', '화장실두개', '고층']",남서향,9048681.569343066
경기도,오산시,탑동,오산세교한신더휴,전세,2205동,2/25,300000000,109.6,NONE,거실앞 넓은 정원 에어컨5대 발코니확장,25.04.10,"['2년이내', '마당', '확장형', '방세개']",남서향,9048681.569343066
경기도,오산시,탑동,오산세교한신더휴,월세,2203동,25/25,"3,000/130",109.6,NONE,"에어컨5대,오븐, 탁트인뷰,한신더휴 정문앞 접수.",25.04.08,"['2년이내', '탑층', '방세개', '화장실두개']",남서향,
경기도,오산시,탑동,오산세교한신더휴,전세,2203동,10/25,260000000,109.6,NONE, 주방아일랜드가구.전기오븐.프라이팬서랍장.비데,25.04.07,"['2년이내', '방세개', '화장실두개', '중층']",남서향,7842190.6934306575
경기도,오산시,탑동,오산세교한신더휴,전세,2203동,고/25,290000000,109.6,NONE,전망 베리굿 맞통풍 중문 에어컨5대,25.04.01,"['2년이내', '방세개', '화장실두개', '고층']",남서향,8747058.850364964
경기도,오산시,탑동,오산세교한신더휴,전세,2205동,17/25,300000000,109.6,NONE," 막힘없는뻥뷰,시에5대,쿡탑,비데,엘베2대  매.물.접.수",25.03.30,"['2년이내', '방세개', '화장실두개', '고층']",남서향,9048681.569343066
경기도,오산시,탑동,오산세교한신더휴,전세,2203동,3/25,270000000,109.6,NONE,,25.03.28,"['2년이내', '방세개', '화장실두개', '세대당1대']",남서향,8143813.41240876
경기도,오산시,탑동,오산세교한신더휴,전세,2205동,2/25,350000000,109.6,NONE,,25.03.28,"['2년이내', '방세개', '화장실두개', '세대당1대']",남서향,10556795.164233578
경기도,오산시,탑동,오산세교한신더휴,월세,2206동,2/22,1억/80,97.67,NDOC1,"추천 뻥뷰,귀한 필로티,아기자기 아늑한집,에어컨 협의,융자무",25.04.19,"['2년이내', '융자금없는', '방세개', '화장실두개']",남동향,
경기도,오산시,탑동,오산세교한신더휴,월세,2201동,4/25,"3,000/100",97.67,NDOC1,월세인데 무융자o바로전입가능o매.물.접.수.받.아.요,25.04.19,"['2년이내', '융자금없는', '방세개', '화장실두개']",남향,
경기도,오산시,탑동,오산세교한신더휴,전세,2210동,13/25,265000000,97.67,NDOC1,"특급매물,에어컨4대,뷰가좋아요,선점하세요,구경오세요",25.04.19,"['2년이내', '융자금없는', '급매', '방세개']",남서향,8969315.296406265
경기도,오산시,탑동,오산세교한신더휴,매매,2206동,10/22,473770000,97.67,NDOC1,"시야확장막힘없는공원뷰,귀한74타입,직접보러오세요.",25.04.12,"['2년이내', '방세개', '화장실두개', '중층']",남동향,16035443.426333573
경기도,오산시,탑동,오산세교한신더휴,매매,2209동,2/25,414360000,97.67,NDOC1,"에어컨풀,근린상가가까운동, 남서뷰,한신더휴 앞 현장접수",25.04.11,"['2년이내', '방세개', '화장실두개', '세대당1대']",남서향,14024624.476297738
경기도,오산시,탑동,오산세교한신더휴,매매,2206동,16/22,490000000,97.67,NDOC1,"뻥뷰, 조용한동  다 갖춘 선점기회,조정가능, 시스템 에어컨2 ,중문",25.04.09,"['2년이내', '방세개', '화장실두개', '고층']",남동향,16584771.680147436
경기도,오산시,탑동,오산세교한신더휴,월세,2209동,12/25,"2,000/130",97.67,NDOC1,"해잘들어오는집,남서뷰,근린상가 편의동,한신더휴 정문앞 접수.",25.04.07,"['2년이내', '방세개', '화장실두개', '중층']",남서향,
경기도,오산시,탑동,오산세교한신더휴,월세,2207동,저/25,"3,000/110",97.67,NDOC1,"실사진 참고, 밝고환한 뷰맛집, 5월입주가능",25.04.14,"['2년이내', '방세개', '화장실두개', '세대당1대']",남서향,
경기도,오산시,탑동,오산세교한신더휴,매매,2210동,중/25,458000000,97.67,NDOC1,정원뷰 FULL에어컨 동간거리 넓음,25.04.09,"['2년이내', '방세개', '화장실두개', '중층']",남동향,15501684.550015358
경기도,오산시,탑동,오산세교한신더휴,전세,2210동,13/25,265000000,97.67,NONE,환하고 아늑한 세대. 시스템에어컨 4대. 신혼부부 추.천,25.04.19,"['2년이내', '방세개', '화장실두개', '중층']",남서향,8969315.296406265
경기도,오산시,탑동,오산세교한신더휴,매매,2206동,10/22,473760000,97.67,NONE,전망아주좋음 발코니확장 에어컨 풀 중문까지,25.04.04,"['2년이내', '확장형', '방세개', '화장실두개']",남동향,16035104.961605405
경기도,오산시,탑동,오산세교한신더휴,매매,2210동,저/25,419960000,97.67,NONE, 저렴한 분양가 풀에어컨 옵션 ,25.04.01,"['2년이내', '방세개', '화장실두개', '세대당1대']",남서향,14214164.72407085
경기도,오산시,탑동,오산세교한신더휴,월세,2207동,저/25,"4,000/100",97.67,NONE,수납가구 펜트리 에어컨4 주방 업그레이드,25.03.27,"['2년이내', '방세개', '화장실두개', '세대당1대']",남동향,
경기도,오산시,탑동,오산세교한신더휴,매매,2210동,중/25,456470000,97.67,NONE,조용한동 판상형4베이 융자무,25.03.24,"['2년이내', '방세개', '화장실두개', '중층']",남서향,15449899.446605919
경기도,오산시,탑동,탑리,매매,3동,2/4,950000000000,50.04,DOC,"세교3지구,입주가능,전세가로 내 집마련기회",25.04.08,"['25년이상', '소형평수', '방두개', '화장실한개']",남향,62759707234.21264
경기도,오산시,탑동,탑리,월세,1동,4/4,500/35,44.46,DOC,5월초입주.조망및채광좋은전면동깨끗한매물로에어컨옵션있읍니다,25.04.17,"['25년이상', '화장실한개', '소형평수', '탑층']",남향,
경기도,오산시,탑동,탑리,매매,1동,2/4,930000000000,44.46,DOC, 샤시포함 올리모델링욕실.씽크대.LED전등도배장판기타된 주인세대 매물,25.04.05,"['25년이상', '화장실한개', '소형평수', '방두개']",남향,69149348852.90149
